,f_samples,w_samples,rel_thr,abs_thr,sample_num
0,76195,32386,9.453884174048088,11.364834396143534,14006949
