,f_samples,w_samples,rel_thr,abs_thr,sample_num
0,42083,17655,2875.0847547245817,1097.8653180639176,7706202
