,f_samples,w_samples,rel_thr,abs_thr,sample_num
0,128114,157889,10.538882600770366,174223.3949519064,36894387
