,f_samples,w_samples,rel_thr,abs_thr,sample_num
0,66468,88621,93.24479439353206,28.935665915737875,20006481
