,f_samples,w_samples,rel_thr,abs_thr,sample_num
0,75417,60271,0.598721242093923,13.058638281404578,17503752
