,f_samples,w_samples,rel_thr,abs_thr,sample_num
0,73244,68454,4.84105239861047,8.722940921304138,18279042
