,f_samples,w_samples,rel_thr,abs_thr,sample_num
0,42827,63338,21.16674506696806,12.881764220946701,13695285
