,f_samples,w_samples,rel_thr,abs_thr,sample_num
0,69349,90623,5213.423952618372,4353.3898390157765,20636388
