,f_samples,w_samples,rel_thr,abs_thr,sample_num
0,27936,24443,93.56437243403107,23.478479558821984,6756891
