,f_samples,w_samples,rel_thr,abs_thr,sample_num
0,39739,86460,5.030642058688908,5.471211262715284,16279671
