,f_samples,w_samples,rel_thr,abs_thr,sample_num
0,69396,17344,12.850263080225796,14.863059835584595,11189460
