,f_samples,w_samples,rel_thr,abs_thr,sample_num
0,64153,54083,3126.9286368908624,5659.467594949418,15252444
