,f_samples,w_samples,rel_thr,abs_thr,sample_num
0,76152,18885,14.605997995403177,8.080287902179922,12259773
