,f_samples,w_samples,rel_thr,abs_thr,sample_num
0,15189,18221,47.986195918332704,49.898774867180975,4309890
