,f_samples,w_samples,rel_thr,abs_thr,sample_num
0,24453,75643,12.087052416866555,3.494173321486576,12912384
