,f_samples,w_samples,rel_thr,abs_thr,sample_num
0,90156,92779,2989.829517531277,3332.9247210367453,23598615
