,f_samples,w_samples,rel_thr,abs_thr,sample_num
0,47215,31731,97.00971871696818,38.19268350586202,10184034
