,f_samples,w_samples,rel_thr,abs_thr,sample_num
0,67813,46186,1098.2275109464374,7990.738784671439,14705871
