,f_samples,w_samples,rel_thr,abs_thr,sample_num
0,38445,9917,5.933899190730843,5.161906356801476,6238698
