,f_samples,w_samples,rel_thr,abs_thr,sample_num
0,29041,87069,8.83154684867703,3.181975263820541,14978190
