,f_samples,w_samples,rel_thr,abs_thr,sample_num
0,18640,78318,6.38841680348645,7.909692347717058,12507582
