,f_samples,w_samples,rel_thr,abs_thr,sample_num
0,78050,27145,3640.443559901505,9984.263819290103,13570155
