,f_samples,w_samples,rel_thr,abs_thr,sample_num
0,44822,6249,2684.8605357773977,5607.188125085084,6588159
