,f_samples,w_samples,rel_thr,abs_thr,sample_num
0,7520,18943,1.4051072470905446,2.11570287046333,3413727
