,f_samples,w_samples,rel_thr,abs_thr,sample_num
0,34525,65176,56.05493927453179,38.71853828431073,12861429
