,f_samples,w_samples,rel_thr,abs_thr,sample_num
0,86671,51286,1.0690855674084112,4.897024772453957,17796453
