,f_samples,w_samples,rel_thr,abs_thr,sample_num
0,76653,54092,86.4377247029193,59.03114090541427,16866105
