,f_samples,w_samples,rel_thr,abs_thr,sample_num
0,29186,7055,5.972273225099705,63.51982048480449,4675089
