,f_samples,w_samples,rel_thr,abs_thr,sample_num
0,16593,70999,72.62110111066275,8.921255077653678,11299368
