,f_samples,w_samples,rel_thr,abs_thr,sample_num
0,361924,473558,90.57589158844836,18.5393074685932,107777178
