,f_samples,w_samples,rel_thr,abs_thr,sample_num
0,47997,68332,12.935064420545924,6.264490977244855,15006441
