,f_samples,w_samples,rel_thr,abs_thr,sample_num
0,23085,62674,5871.804763716622,1564.620806767042,11062911
