,f_samples,w_samples,rel_thr,abs_thr,sample_num
0,81991,45570,47.89482160258283,66.17080797002205,16455369
