,f_samples,w_samples,rel_thr,abs_thr,sample_num
0,27039,39417,0.9163980630856141,9.53313302178974,8572824
