,f_samples,w_samples,rel_thr,abs_thr,sample_num
0,33938,58864,10.218768033212024,13.182508754540583,11971458
