,f_samples,w_samples,rel_thr,abs_thr,sample_num
0,36489,5313,6.347804464661314,5.46076795302162,5392458
