,f_samples,w_samples,rel_thr,abs_thr,sample_num
0,7757,65466,83.79048573725171,53.13780420753368,9445767
