,f_samples,w_samples,rel_thr,abs_thr,sample_num
0,53603,21196,7892.8864136887405,3771.8206773677234,9649071
