,f_samples,w_samples,rel_thr,abs_thr,sample_num
0,60914,43378,4707.623030530363,3475.848696052065,13453668
