,f_samples,w_samples,rel_thr,abs_thr,sample_num
0,18172,51279,44.339581054901984,72.44354723052237,8959179
