,f_samples,w_samples,rel_thr,abs_thr,sample_num
0,58351,46183,72.84689993800498,84.14728174089441,13484886
