,f_samples,w_samples,rel_thr,abs_thr,sample_num
0,29695,59978,5.317798200040073,3.4351561294597737,11567817
