,f_samples,w_samples,rel_thr,abs_thr,sample_num
0,24918,28284,40.70030501996315,54.42225226392791,6863058
