,f_samples,w_samples,rel_thr,abs_thr,sample_num
0,10028,34390,13.88759390264298,65.95062704934243,5729922
