,f_samples,w_samples,rel_thr,abs_thr,sample_num
0,79696,67544,14.135817152063506,26.22450305557824,18993960
