,f_samples,w_samples,rel_thr,abs_thr,sample_num
0,51648,37622,52.1497439245908,16.291810528030346,11515830
