,f_samples,w_samples,rel_thr,abs_thr,sample_num
0,75318,14176,6727.698706973472,6100.945515365618,11544726
