,f_samples,w_samples,rel_thr,abs_thr,sample_num
0,20633,53573,18.28511146633322,53.4585282193896,9572574
