,f_samples,w_samples,rel_thr,abs_thr,sample_num
0,15768,9299,5863.780400515936,1584.4366114896013,3233643
