,f_samples,w_samples,rel_thr,abs_thr,sample_num
0,89926,29941,9187.24209655889,1443.6355394531397,15462843
