,f_samples,w_samples,rel_thr,abs_thr,sample_num
0,46359,64635,-0.6014978606857962,96.34296041256924,14318226
