,f_samples,w_samples,rel_thr,abs_thr,sample_num
0,74274,29782,6.155890032187935,4.299927715214896,13423224
