,f_samples,w_samples,rel_thr,abs_thr,sample_num
0,87258,78803,1386.2643198042533,4663.405870077448,21421869
