,f_samples,w_samples,rel_thr,abs_thr,sample_num
0,76909,19719,23.589288304219156,34.362739452889514,12465012
