,f_samples,w_samples,rel_thr,abs_thr,sample_num
0,88983,95958,2258.3902426555624,1480.4097926559446,23857389
