,f_samples,w_samples,rel_thr,abs_thr,sample_num
0,425953,289912,12.787828803655001,96480.43887077011,92346585
