,f_samples,w_samples,rel_thr,abs_thr,sample_num
0,28759,62749,861.6234864705793,5160.3740892060505,11804532
