,f_samples,w_samples,rel_thr,abs_thr,sample_num
0,56882,47005,3644.0438820971117,2973.2131787873795,13401423
