,f_samples,w_samples,rel_thr,abs_thr,sample_num
0,75481,15010,8368.658764863345,3825.2990263636434,11673339
