,f_samples,w_samples,rel_thr,abs_thr,sample_num
0,29582,53549,11.374850330902602,1.5378147840384475,10723899
