,f_samples,w_samples,rel_thr,abs_thr,sample_num
0,94873,47910,9212.620763408699,7886.714597418557,18419007
