,f_samples,w_samples,rel_thr,abs_thr,sample_num
0,36306,74009,61.50126982642907,71.4022272656323,14230635
