,f_samples,w_samples,rel_thr,abs_thr,sample_num
0,23236,95815,5.630007301673199,5.712656917773189,15357579
