,f_samples,w_samples,rel_thr,abs_thr,sample_num
0,17070,6474,13.004731873448486,10.362115520938554,3037176
