,f_samples,w_samples,rel_thr,abs_thr,sample_num
0,15400,107451,10.573799560900873,75527.90897923658,15847779
