,f_samples,w_samples,rel_thr,abs_thr,sample_num
0,32554,22414,52.62332032773007,70.40878070140054,7090872
