,f_samples,w_samples,rel_thr,abs_thr,sample_num
0,41815,59839,4204.629545755323,1097.220503571421,13113366
