,f_samples,w_samples,rel_thr,abs_thr,sample_num
0,27841,91567,25.60963704697572,41.80830475114762,15403632
