,f_samples,w_samples,rel_thr,abs_thr,sample_num
0,56284,84745,7177.945149187376,6981.689380682255,18192741
