,f_samples,w_samples,rel_thr,abs_thr,sample_num
0,9617,10296,13.048192561683107,14.196942422714544,2568777
