,f_samples,w_samples,rel_thr,abs_thr,sample_num
0,37872,26661,6545.707871440115,6931.995276335367,8324757
