,f_samples,w_samples,rel_thr,abs_thr,sample_num
0,15635,47951,6.388518510899867,38.690290715090484,8202594
