,f_samples,w_samples,rel_thr,abs_thr,sample_num
0,49068,79667,6714.150634297027,3298.6024559892403,16606815
