,f_samples,w_samples,rel_thr,abs_thr,sample_num
0,24604,69537,2819.527308391777,6462.810380404568,12144189
