,f_samples,w_samples,rel_thr,abs_thr,sample_num
0,41296,89476,10.2807383902714,7.402446170025323,16869588
