,f_samples,w_samples,rel_thr,abs_thr,sample_num
0,79434,68859,9532.048545078169,8140.030605297775,19129797
