,f_samples,w_samples,rel_thr,abs_thr,sample_num
0,35867,30717,8663.770186470805,7340.112438289883,8589336
