,f_samples,w_samples,rel_thr,abs_thr,sample_num
0,88545,84391,0.5696584753789526,8.090098964983506,22308744
