,f_samples,w_samples,rel_thr,abs_thr,sample_num
0,78125,8949,5.209707344865931,14.925882766388222,11232546
