,f_samples,w_samples,rel_thr,abs_thr,sample_num
0,52972,51947,9390.150471353838,8045.885854580605,13534551
