,f_samples,w_samples,rel_thr,abs_thr,sample_num
0,7654,38115,15.21238831284509,89.10113688852101,5904201
