,f_samples,w_samples,rel_thr,abs_thr,sample_num
0,32633,79612,8296.842016029137,1011.4981805900846,14479605
