,f_samples,w_samples,rel_thr,abs_thr,sample_num
0,10777,16360,27.54658640943433,82.70187321361422,3500673
