,f_samples,w_samples,rel_thr,abs_thr,sample_num
0,41741,93439,5.592207122024137,10.635067199380279,17438220
