,f_samples,w_samples,rel_thr,abs_thr,sample_num
0,21586,47526,14.965593480489586,0.9346446494068578,8915448
