,f_samples,w_samples,rel_thr,abs_thr,sample_num
0,55492,25100,7404.227432362588,6117.96946775282,10396368
