,f_samples,w_samples,rel_thr,abs_thr,sample_num
0,76796,66937,1297.5931988055652,902.0303597254997,18541557
