,f_samples,w_samples,rel_thr,abs_thr,sample_num
0,20846,84330,1388.5699049525717,518.6231329976143,13567704
