,f_samples,w_samples,rel_thr,abs_thr,sample_num
0,49547,94371,-0.34963956022321163,2.3539684268368215,18565422
