,f_samples,w_samples,rel_thr,abs_thr,sample_num
0,84552,9009,10.78390654565051,1.2881208575664012,12069369
