,f_samples,w_samples,rel_thr,abs_thr,sample_num
0,74071,41150,8977.896558391314,6150.153221335632,14863509
