,f_samples,w_samples,rel_thr,abs_thr,sample_num
0,89280,92930,3.0020216530788417,6.7148435223158165,23505090
