,f_samples,w_samples,rel_thr,abs_thr,sample_num
0,12758,18961,5310.411695150759,9892.656571192352,4091751
