,f_samples,w_samples,rel_thr,abs_thr,sample_num
0,67358,91078,7820.9366375894215,5337.055649764551,20438244
