,f_samples,w_samples,rel_thr,abs_thr,sample_num
0,130702,106602,64.73842375861307,83.2080203197508,30612216
