,f_samples,w_samples,rel_thr,abs_thr,sample_num
0,83015,84551,1691.5413724557902,947.578499226237,21616014
