,f_samples,w_samples,rel_thr,abs_thr,sample_num
0,60599,58453,4.582164808906393,91.07563750831407,15357708
