,f_samples,w_samples,rel_thr,abs_thr,sample_num
0,54800,86688,45.55027674815977,23.973336357350338,18251952
