,f_samples,w_samples,rel_thr,abs_thr,sample_num
0,85641,8347,13.37870224148504,2.7933986495750895,12124452
