,f_samples,w_samples,rel_thr,abs_thr,sample_num
0,16454,6787,24.114785100491943,50.760198878176446,2998089
