,f_samples,w_samples,rel_thr,abs_thr,sample_num
0,54393,68650,14.522210957148546,7.400017609395515,15872547
