,f_samples,w_samples,rel_thr,abs_thr,sample_num
0,24209,64701,32.44789162849281,1.1532139198180191,11469390
