,f_samples,w_samples,rel_thr,abs_thr,sample_num
0,393313,427136,76.88270637492221,27.19145199157659,105837921
