,f_samples,w_samples,rel_thr,abs_thr,sample_num
0,11454,40070,1.0361904022439763,5.322862324221469,6646596
