,f_samples,w_samples,rel_thr,abs_thr,sample_num
0,24552,28177,12.913277550616854,4.651859918014562,6802041
