,f_samples,w_samples,rel_thr,abs_thr,sample_num
0,38436,44774,7224.283914441951,874.5304817427335,10734090
