,f_samples,w_samples,rel_thr,abs_thr,sample_num
0,53544,69391,4209.961737666143,4564.866889978963,15858615
