,f_samples,w_samples,rel_thr,abs_thr,sample_num
0,35603,49574,3.539098982706184,7.357454594575497,10987833
