,f_samples,w_samples,rel_thr,abs_thr,sample_num
0,90738,77302,9335.43297846219,3285.0904979778506,21677160
