,f_samples,w_samples,rel_thr,abs_thr,sample_num
0,28319,5651,6.4910120383434595,7.134762813458603,4382130
