,f_samples,w_samples,rel_thr,abs_thr,sample_num
0,72394,14621,4.82192433044608,4.1203666817084095,11224935
