,f_samples,w_samples,rel_thr,abs_thr,sample_num
0,16070,79946,2.2455406831694766,8.562415122280402,12386064
