,f_samples,w_samples,rel_thr,abs_thr,sample_num
0,29670,39831,18.523119023608373,62.058219667216996,8965629
