,f_samples,w_samples,rel_thr,abs_thr,sample_num
0,10841,13450,12.000742853514188,3.6017260436591387,3133539
