,f_samples,w_samples,rel_thr,abs_thr,sample_num
0,45166,45571,5445.600181878406,5955.70723086328,11705073
