,f_samples,w_samples,rel_thr,abs_thr,sample_num
0,81495,57153,2.659416080238204,14.76690527346162,17885592
