,f_samples,w_samples,rel_thr,abs_thr,sample_num
0,43266,61683,5647.178768065297,6761.420266052235,13538421
