,f_samples,w_samples,rel_thr,abs_thr,sample_num
0,33742,82471,3579.648982893804,1617.9796054756923,14991477
