,f_samples,w_samples,rel_thr,abs_thr,sample_num
0,14603,61563,10.779786037174961,12.914393901716451,9825414
