,f_samples,w_samples,rel_thr,abs_thr,sample_num
0,80580,5244,2615.837244419906,4860.50548162771,11071296
