,f_samples,w_samples,rel_thr,abs_thr,sample_num
0,62064,45640,49.03843724525025,91.69160990109725,13893816
