,f_samples,w_samples,rel_thr,abs_thr,sample_num
0,28241,80070,0.6477755304750836,13.117478765927796,13972119
