,f_samples,w_samples,rel_thr,abs_thr,sample_num
0,52308,85202,6682.874867491705,7367.049893248718,17738790
