,f_samples,w_samples,rel_thr,abs_thr,sample_num
0,8082,7566,98.24858943685078,27.59429926911181,2018592
