,f_samples,w_samples,rel_thr,abs_thr,sample_num
0,58970,56658,1810.962936039034,7368.097964164164,14916012
