,f_samples,w_samples,rel_thr,abs_thr,sample_num
0,76770,41523,96.96596713659909,79.00687137581677,15259797
