,f_samples,w_samples,rel_thr,abs_thr,sample_num
0,95940,71226,2001.186121258704,8756.465248390492,21564414
