,f_samples,w_samples,rel_thr,abs_thr,sample_num
0,49950,77883,8471.536218899648,1.8388576166961101,16490457
