,f_samples,w_samples,rel_thr,abs_thr,sample_num
0,95928,74607,5.944672688675409,12.186745073761264,21999015
