,f_samples,w_samples,rel_thr,abs_thr,sample_num
0,21396,80458,10.767494730939134,5.867902502593658,13139166
