,f_samples,w_samples,rel_thr,abs_thr,sample_num
0,32579,23973,8.413354109757925,5.283690170472922,7295208
