,f_samples,w_samples,rel_thr,abs_thr,sample_num
0,65866,76126,7579.589398887235,8482.461377837224,18316968
