,f_samples,w_samples,rel_thr,abs_thr,sample_num
0,93334,87923,11.360541182346742,2.941194956355047,23382153
