,f_samples,w_samples,rel_thr,abs_thr,sample_num
0,40738,69164,4997.2750834579,7158.977805282492,14177358
