,f_samples,w_samples,rel_thr,abs_thr,sample_num
0,51037,56109,3797.6635627150063,4989.992968464124,13821834
