,f_samples,w_samples,rel_thr,abs_thr,sample_num
0,18637,79762,7990.7569328117415,153.78710072720182,12693471
