,f_samples,w_samples,rel_thr,abs_thr,sample_num
0,6861,75230,80.579117847415,11.775362957607971,10589739
