,f_samples,w_samples,rel_thr,abs_thr,sample_num
0,67240,44844,78.4386835219233,26.12960521382648,14458836
