,f_samples,w_samples,rel_thr,abs_thr,sample_num
0,8843,95490,99.3536128557643,1.3172424258227067,13458957
