,f_samples,w_samples,rel_thr,abs_thr,sample_num
0,27069,17493,72.41668634039199,8.256105448505291,5748498
