,f_samples,w_samples,rel_thr,abs_thr,sample_num
0,89899,86228,8603.732771334975,6141.965737346577,22720383
