,f_samples,w_samples,rel_thr,abs_thr,sample_num
0,308592,138124,-0.8059972452073367,12768.684218905557,57626364
