,f_samples,w_samples,rel_thr,abs_thr,sample_num
0,190363,104547,13.886233288537861,162048.06555821572,38043390
