,f_samples,w_samples,rel_thr,abs_thr,sample_num
0,20592,83801,14.193273582910631,52.874581688201026,13466697
