,f_samples,w_samples,rel_thr,abs_thr,sample_num
0,84866,31779,2675.506608143907,3258.701723592725,15047205
