,f_samples,w_samples,rel_thr,abs_thr,sample_num
0,56769,16626,5.005581122472437,12.118728071554985,9467955
