,f_samples,w_samples,rel_thr,abs_thr,sample_num
0,31149,86765,0.08142152400169689,40.74556987557757,15210906
