,f_samples,w_samples,rel_thr,abs_thr,sample_num
0,19256,87623,7.262006160587793,2.5259605327336665,13787391
