,f_samples,w_samples,rel_thr,abs_thr,sample_num
0,68358,12330,7732.138627089941,5808.815977836288,10408752
