,f_samples,w_samples,rel_thr,abs_thr,sample_num
0,40245,59144,78.04397203643414,15.448627030005646,12821181
