,f_samples,w_samples,rel_thr,abs_thr,sample_num
0,35486,14827,3111.389237242082,8209.40322602013,6490377
