,f_samples,w_samples,rel_thr,abs_thr,sample_num
0,44182,62258,6.279768011227331,5.426700393022092,13730760
