,f_samples,w_samples,rel_thr,abs_thr,sample_num
0,16460,86206,6126.57506878341,2654.689316020744,13243914
