,f_samples,w_samples,rel_thr,abs_thr,sample_num
0,66210,6912,944.7741262931594,4477.668213311141,9432738
