,f_samples,w_samples,rel_thr,abs_thr,sample_num
0,10357,69199,1803.4659575454766,6336.732256234011,10262724
