,f_samples,w_samples,rel_thr,abs_thr,sample_num
0,7038,16914,-0.8656829101146677,3.096307266117988,3089808
