,f_samples,w_samples,rel_thr,abs_thr,sample_num
0,50758,39586,9.729209059737714,7.922949464260426,11654376
