,f_samples,w_samples,rel_thr,abs_thr,sample_num
0,7474,78429,1775.8286964542815,7703.608021089707,11081487
