,f_samples,w_samples,rel_thr,abs_thr,sample_num
0,24410,78201,6328.750767823521,2618.7432860764316,13236819
