,f_samples,w_samples,rel_thr,abs_thr,sample_num
0,92504,18071,11.49249495680344,12.221303493392885,14264175
