,f_samples,w_samples,rel_thr,abs_thr,sample_num
0,37784,53893,0.5254401808581832,4.138595097276912,11826333
