,f_samples,w_samples,rel_thr,abs_thr,sample_num
0,94923,19031,74.66687325716585,61.4932848431434,14700066
