,f_samples,w_samples,rel_thr,abs_thr,sample_num
0,28247,81940,0.8410071032374606,10.744690137632892,14214123
