,f_samples,w_samples,rel_thr,abs_thr,sample_num
0,92296,91777,5.095761513522978,11.659845850844281,23745417
