,f_samples,w_samples,rel_thr,abs_thr,sample_num
0,58606,22613,28.363657545702377,68.80590672013844,10477251
