,f_samples,w_samples,rel_thr,abs_thr,sample_num
0,428770,253770,78.1082313108025,55.0188923544189,88047660
