,f_samples,w_samples,rel_thr,abs_thr,sample_num
0,7581,15814,11.572581368406262,12.606990384041584,3017955
