,f_samples,w_samples,rel_thr,abs_thr,sample_num
0,59742,95552,1517.4877133952195,3876.6497565588243,20032926
