,f_samples,w_samples,rel_thr,abs_thr,sample_num
0,197166,71422,5.17943541713934,174105.15926676514,34647852
