,f_samples,w_samples,rel_thr,abs_thr,sample_num
0,89942,66258,11.700625257773824,14.53145513630717,20149800
