,f_samples,w_samples,rel_thr,abs_thr,sample_num
0,57867,57716,766.8307844767237,9327.811752899333,14910207
