,f_samples,w_samples,rel_thr,abs_thr,sample_num
0,10992,93460,50.88199979434986,1707.1601660472556,13474308
