,f_samples,w_samples,rel_thr,abs_thr,sample_num
0,34527,17655,0.5187162051983059,9.559907288369867,6731478
