,f_samples,w_samples,rel_thr,abs_thr,sample_num
0,21766,65872,19.40993727024829,89.13035130393226,11305302
