,f_samples,w_samples,rel_thr,abs_thr,sample_num
0,213378,280147,14.491309077907923,197333.331594831,63664725
