,f_samples,w_samples,rel_thr,abs_thr,sample_num
0,63010,82742,11.709809371335645,5.835494322183984,18802008
