,f_samples,w_samples,rel_thr,abs_thr,sample_num
0,62394,65192,9913.577193068108,9003.535808632396,16458594
