,f_samples,w_samples,rel_thr,abs_thr,sample_num
0,9371,34398,5.7651206890936635,14.718264759967266,5646201
