,f_samples,w_samples,rel_thr,abs_thr,sample_num
0,24661,12989,1.5874772103366102,3.267478020533971,4856850
