,f_samples,w_samples,rel_thr,abs_thr,sample_num
0,9822,10317,13.271443305912358,12.187935172056898,2597931
