,f_samples,w_samples,rel_thr,abs_thr,sample_num
0,450200,334863,11.482538029127637,130828.84741503971,101273127
