,f_samples,w_samples,rel_thr,abs_thr,sample_num
0,47853,5726,3.7364518979066546,6.61534802533078,6911691
