,f_samples,w_samples,rel_thr,abs_thr,sample_num
0,32790,63753,1712.0991773395926,4236.424495845115,12454047
