,f_samples,w_samples,rel_thr,abs_thr,sample_num
0,76441,60595,6478.410279328034,6073.222828634444,17677644
