,f_samples,w_samples,rel_thr,abs_thr,sample_num
0,67503,65524,4192.041484177208,5890.46898203061,17160483
