,f_samples,w_samples,rel_thr,abs_thr,sample_num
0,47848,27968,3281.0118933353224,2703.730448702629,9780264
