,f_samples,w_samples,rel_thr,abs_thr,sample_num
0,55451,88997,5.1440367072610425,102072.71052246157,18633792
