,f_samples,w_samples,rel_thr,abs_thr,sample_num
0,205634,321569,34.030330195094336,93.79674498030076,68009187
