,f_samples,w_samples,rel_thr,abs_thr,sample_num
0,53367,27143,77.22456206311108,95.22480262829929,10385790
