,f_samples,w_samples,rel_thr,abs_thr,sample_num
0,6402,73129,5922.563030515986,681.728383749034,10259499
