,f_samples,w_samples,rel_thr,abs_thr,sample_num
0,64477,75289,10.404660863290967,7.433767571648817,18029814
