,f_samples,w_samples,rel_thr,abs_thr,sample_num
0,82217,69405,8698.37112988657,8971.367028314458,19559238
