,f_samples,w_samples,rel_thr,abs_thr,sample_num
0,12835,29651,2.2795821448831575,0.12941105096803407,5480694
