,f_samples,w_samples,rel_thr,abs_thr,sample_num
0,53641,42061,65.14785297938498,13.625831900222064,12345558
