,f_samples,w_samples,rel_thr,abs_thr,sample_num
0,11235,70501,2.193200022081758,6.736831938668398,10543944
