,f_samples,w_samples,rel_thr,abs_thr,sample_num
0,8426,6881,60.58065692714745,83.11661217839189,1974603
