,f_samples,w_samples,rel_thr,abs_thr,sample_num
0,87371,32896,-0.41937103004241827,1.531071058454555,15514443
