,f_samples,w_samples,rel_thr,abs_thr,sample_num
0,31660,36977,13.342174987942679,12.98379180431044,8854173
