,f_samples,w_samples,rel_thr,abs_thr,sample_num
0,90019,93678,11.56968705059302,13.648200881088657,23696913
