,f_samples,w_samples,rel_thr,abs_thr,sample_num
0,34150,56697,6.881120133128091,7.126755416043815,11719263
