,f_samples,w_samples,rel_thr,abs_thr,sample_num
0,77325,20647,972.0283086160947,842.3139043003691,12638388
