,f_samples,w_samples,rel_thr,abs_thr,sample_num
0,6444,90698,50.061290591075796,37.99106457173031,12531318
