,f_samples,w_samples,rel_thr,abs_thr,sample_num
0,75922,15687,9.744893754462394,12.412460054120722,11817561
