,f_samples,w_samples,rel_thr,abs_thr,sample_num
0,23648,78124,64.93912374558887,11.799985844270966,13128588
