,f_samples,w_samples,rel_thr,abs_thr,sample_num
0,77038,27314,-0.2459036748066996,7.902584876568656,13461408
