,f_samples,w_samples,rel_thr,abs_thr,sample_num
0,30811,36631,42.94743729183909,51.47977749291547,8700018
