,f_samples,w_samples,rel_thr,abs_thr,sample_num
0,32232,42315,51.46290761051494,60.68700530286917,9616563
