,f_samples,w_samples,rel_thr,abs_thr,sample_num
0,49819,72611,9.505817774791016,7.954240757567176,15793470
