,f_samples,w_samples,rel_thr,abs_thr,sample_num
0,41778,74718,7215.744695534621,2843.7005024647856,15027984
