,f_samples,w_samples,rel_thr,abs_thr,sample_num
0,82091,16653,2865.082660974726,3183.7784259631862,12737976
