,f_samples,w_samples,rel_thr,abs_thr,sample_num
0,18389,35848,7690.704721588365,4540.2343429531065,6996573
