,f_samples,w_samples,rel_thr,abs_thr,sample_num
0,95866,67204,5066.886133588747,4952.673404345761,21036030
