,f_samples,w_samples,rel_thr,abs_thr,sample_num
0,20257,43756,7.658142298839346,6.014602772408265,8257677
