,f_samples,w_samples,rel_thr,abs_thr,sample_num
0,37446,52836,9.720422019203236,12.113246652968126,11646378
