,f_samples,w_samples,rel_thr,abs_thr,sample_num
0,13103,24641,4.439539890368479,1.5445886666112962,4868976
