,f_samples,w_samples,rel_thr,abs_thr,sample_num
0,13032,59324,13.407556971458336,14.636386475217703,9333924
