,f_samples,w_samples,rel_thr,abs_thr,sample_num
0,90993,39788,95.59562003996875,79.92196069781683,16870749
