,f_samples,w_samples,rel_thr,abs_thr,sample_num
0,441706,242728,4.5886384431221465,199190.7345683817,88291986
