,f_samples,w_samples,rel_thr,abs_thr,sample_num
0,17744,11838,68.87651720221552,53.24936769490406,3816078
