,f_samples,w_samples,rel_thr,abs_thr,sample_num
0,82795,30177,1566.3836425946247,5477.003032252183,14573388
