,f_samples,w_samples,rel_thr,abs_thr,sample_num
0,5809,37393,63.13830074276615,84.14140498283169,5573058
