,f_samples,w_samples,rel_thr,abs_thr,sample_num
0,5132,64742,4770.979935697746,2722.247913890209,9013746
