,f_samples,w_samples,rel_thr,abs_thr,sample_num
0,22082,56703,41.40900304716022,8.73792746353621,10163265
