,f_samples,w_samples,rel_thr,abs_thr,sample_num
0,75438,41973,3.553010886806163,3.187863360714779,15146019
