,f_samples,w_samples,rel_thr,abs_thr,sample_num
0,46838,71248,4.053916506636252,14.211600232614018,15233094
