,f_samples,w_samples,rel_thr,abs_thr,sample_num
0,9137,55912,2548.6209660335085,1783.6214722087207,8391321
