,f_samples,w_samples,rel_thr,abs_thr,sample_num
0,22523,20876,2071.5218511105068,651.1197168960304,5598471
