,f_samples,w_samples,rel_thr,abs_thr,sample_num
0,61336,91969,2.8298769546909472,12.302464114619724,19776345
