,f_samples,w_samples,rel_thr,abs_thr,sample_num
0,29570,47832,695.7011021494355,4397.19789157015,9984858
