,f_samples,w_samples,rel_thr,abs_thr,sample_num
0,39740,50657,1675.3887401862364,5260.473059173269,11661213
