,f_samples,w_samples,rel_thr,abs_thr,sample_num
0,65777,93349,8531.013835882246,8303.772899377449,20527254
