,f_samples,w_samples,rel_thr,abs_thr,sample_num
0,17797,50312,81.50814409850152,7.325022941387893,8786061
