,f_samples,w_samples,rel_thr,abs_thr,sample_num
0,28901,45388,9881.287037426548,1756.373749849156,9583281
