,f_samples,w_samples,rel_thr,abs_thr,sample_num
0,44599,26850,14.30552500476197,7.39455833854736,9216921
