,f_samples,w_samples,rel_thr,abs_thr,sample_num
0,53302,23192,56.67381386793055,28.989271254886518,9867726
