,f_samples,w_samples,rel_thr,abs_thr,sample_num
0,66029,25061,648.9601614177486,9705.74074457525,11750610
