,f_samples,w_samples,rel_thr,abs_thr,sample_num
0,59012,28886,1.0763824784063214,11.187766838152816,11338842
