,f_samples,w_samples,rel_thr,abs_thr,sample_num
0,28215,10377,14.734056831894447,10.371841464447526,4978368
