,f_samples,w_samples,rel_thr,abs_thr,sample_num
0,83258,93022,2933.167410914541,8041.039604485432,22740120
