,f_samples,w_samples,rel_thr,abs_thr,sample_num
0,62844,90424,9.586054323893324,1.3636361827834431,19771572
