,f_samples,w_samples,rel_thr,abs_thr,sample_num
0,67054,62083,3925.897257068494,448.00576127105415,16658673
