,f_samples,w_samples,rel_thr,abs_thr,sample_num
0,15152,28808,1.6211819442979412,13.210054912789655,5670840
