,f_samples,w_samples,rel_thr,abs_thr,sample_num
0,73279,66465,40.20264688111912,53.015069102958954,18026976
