,f_samples,w_samples,rel_thr,abs_thr,sample_num
0,44264,35042,4896.753959815985,5356.177923279442,10230474
