,f_samples,w_samples,rel_thr,abs_thr,sample_num
0,19077,10082,9494.798652724932,4273.901552673852,3761511
