,f_samples,w_samples,rel_thr,abs_thr,sample_num
0,55877,42593,9.22693644671953,12.197757649263956,12702630
