,f_samples,w_samples,rel_thr,abs_thr,sample_num
0,91061,21532,91.99050547798845,53.363368349331175,14524497
