,f_samples,w_samples,rel_thr,abs_thr,sample_num
0,95019,23343,27.50853711174253,89.18019046250859,15268698
