,f_samples,w_samples,rel_thr,abs_thr,sample_num
0,22912,11945,0.5468459264294232,4.981482616652134,4496553
