,f_samples,w_samples,rel_thr,abs_thr,sample_num
0,74189,83432,14.47608149692953,5.807344300281775,20333109
