,f_samples,w_samples,rel_thr,abs_thr,sample_num
0,29206,33594,3.163680270352023,4.187342843076778,8101200
