,f_samples,w_samples,rel_thr,abs_thr,sample_num
0,34829,38472,4.874940538741834,1.1594688691056247,9455829
