,f_samples,w_samples,rel_thr,abs_thr,sample_num
0,53637,14685,9.98125173405083,7.95547071321977,8813538
