,f_samples,w_samples,rel_thr,abs_thr,sample_num
0,39563,43800,7855.586489790083,1986.6706938484092,10753827
