,f_samples,w_samples,rel_thr,abs_thr,sample_num
0,42550,27392,3552.2396372632975,6592.861714685019,9022518
