,f_samples,w_samples,rel_thr,abs_thr,sample_num
0,69131,95153,8972.701510519646,7041.384939147929,21192636
