,f_samples,w_samples,rel_thr,abs_thr,sample_num
0,19345,42700,2399.930725004248,8092.852081222843,8003805
