,f_samples,w_samples,rel_thr,abs_thr,sample_num
0,65825,5356,74.73729875982347,64.89488202920832,9182349
