,f_samples,w_samples,rel_thr,abs_thr,sample_num
0,13516,62444,8.151799050491974,0.21935601885561207,9798840
