,f_samples,w_samples,rel_thr,abs_thr,sample_num
0,39697,58213,7157.323944488286,5025.985610735425,12630390
