,f_samples,w_samples,rel_thr,abs_thr,sample_num
0,46676,61304,5946.976962441042,1370.2482963214368,13929420
