,f_samples,w_samples,rel_thr,abs_thr,sample_num
0,46306,70429,32.655413679429145,41.62984276154235,15058815
