,f_samples,w_samples,rel_thr,abs_thr,sample_num
0,18419,31499,4.601462813748293,9.549569569219306,6439422
