,f_samples,w_samples,rel_thr,abs_thr,sample_num
0,52585,31312,12.529592702752216,56.89019956198232,10822713
