,f_samples,w_samples,rel_thr,abs_thr,sample_num
0,91635,37156,1337.8604741397364,8294.710240969163,16614039
