,f_samples,w_samples,rel_thr,abs_thr,sample_num
0,36515,69427,7558.839015502197,7994.184623139687,13666518
