,f_samples,w_samples,rel_thr,abs_thr,sample_num
0,78113,79317,6991.957475552188,6485.56510578768,20308470
