,f_samples,w_samples,rel_thr,abs_thr,sample_num
0,88580,48650,1087.8545947674104,8195.195867140832,17702670
