,f_samples,w_samples,rel_thr,abs_thr,sample_num
0,431986,428723,14.008703697365268,50.93422057725386,111031461
