,f_samples,w_samples,rel_thr,abs_thr,sample_num
0,79899,14710,13.463383995812148,11.663603149858012,12204561
