,f_samples,w_samples,rel_thr,abs_thr,sample_num
0,52164,11628,4020.3319159282746,4516.196776777992,8229168
