,f_samples,w_samples,rel_thr,abs_thr,sample_num
0,40323,21973,2485.0184981477096,8739.287494834773,8036184
