,f_samples,w_samples,rel_thr,abs_thr,sample_num
0,75329,51165,11.932410323907103,4.223390377009273,16317726
