,f_samples,w_samples,rel_thr,abs_thr,sample_num
0,468518,283680,8.792510298282238,96.42171396777192,97033542
