,f_samples,w_samples,rel_thr,abs_thr,sample_num
0,22579,61715,52.301015839661815,24.803875357311046,10873926
