,f_samples,w_samples,rel_thr,abs_thr,sample_num
0,28494,32547,11.418036776083454,12.62622139910478,7874289
