,f_samples,w_samples,rel_thr,abs_thr,sample_num
0,79137,64540,85.17864218757497,17.069045679422867,18534333
