,f_samples,w_samples,rel_thr,abs_thr,sample_num
0,60077,29298,11.094602452692294,8.19411296006064,11529375
