,f_samples,w_samples,rel_thr,abs_thr,sample_num
0,27767,28359,17.41971893322225,78.56716838994146,7240254
