,f_samples,w_samples,rel_thr,abs_thr,sample_num
0,55055,17855,7611.939996059414,5048.575775153898,9405390
