,f_samples,w_samples,rel_thr,abs_thr,sample_num
0,93359,12915,11.63444613198562,14.212620223156977,13709346
