,f_samples,w_samples,rel_thr,abs_thr,sample_num
0,87476,82152,2.898718532964871,7.160074761648666,21882012
