,f_samples,w_samples,rel_thr,abs_thr,sample_num
0,94712,77938,3087.9395677202724,9572.751347681118,22271850
