,f_samples,w_samples,rel_thr,abs_thr,sample_num
0,65547,38258,3711.929093762606,3888.3485262076133,13390845
