,f_samples,w_samples,rel_thr,abs_thr,sample_num
0,86561,10066,5.373793681006523,1.3745017544752203,12464883
