,f_samples,w_samples,rel_thr,abs_thr,sample_num
0,51817,85573,1951.2879270594044,9277.826583287124,17723310
