,f_samples,w_samples,rel_thr,abs_thr,sample_num
0,23883,22525,6.967370077008566,14.08295609129567,5986632
