,f_samples,w_samples,rel_thr,abs_thr,sample_num
0,85668,43187,1158.069424366841,9331.485413929286,16622295
