,f_samples,w_samples,rel_thr,abs_thr,sample_num
0,66611,67709,9800.686952475486,9887.169895788798,17327280
