,f_samples,w_samples,rel_thr,abs_thr,sample_num
0,8260,19434,1.3782856023200285,14.887969092431076,3572526
