,f_samples,w_samples,rel_thr,abs_thr,sample_num
0,55163,14801,4350.119194373546,4291.3509102187945,9025356
