,f_samples,w_samples,rel_thr,abs_thr,sample_num
0,67453,72304,11.050950060034637,2.4752129109855807,18028653
