,f_samples,w_samples,rel_thr,abs_thr,sample_num
0,57492,78711,3978.6066951114653,8846.094847076256,17570187
