,f_samples,w_samples,rel_thr,abs_thr,sample_num
0,94211,93594,7001.115879217772,4392.816056540163,24226845
