,f_samples,w_samples,rel_thr,abs_thr,sample_num
0,29393,28017,5195.157588633728,129.94596258665837,7405890
