,f_samples,w_samples,rel_thr,abs_thr,sample_num
0,17450,59146,10.181506900971318,10.105736256859322,9880884
