,f_samples,w_samples,rel_thr,abs_thr,sample_num
0,14958,14873,4.677564589673798,12.96688903060424,3848199
