,f_samples,w_samples,rel_thr,abs_thr,sample_num
0,44399,83539,7870.913740790949,6915.651897515672,16504002
