,f_samples,w_samples,rel_thr,abs_thr,sample_num
0,10840,87485,9799.461541727323,2305.9981402698513,12683925
