,f_samples,w_samples,rel_thr,abs_thr,sample_num
0,6628,75381,6692.46093405752,6260.003626950831,10579161
