,f_samples,w_samples,rel_thr,abs_thr,sample_num
0,34144,91767,54.90399967081172,0.6763409576657886,16242519
