,f_samples,w_samples,rel_thr,abs_thr,sample_num
0,8999,77913,1526.2413493981355,4460.254390681345,11211648
