,f_samples,w_samples,rel_thr,abs_thr,sample_num
0,61438,40262,9230.93762106307,6470.827904741702,13119300
