,f_samples,w_samples,rel_thr,abs_thr,sample_num
0,93965,24466,-0.6229000241124254,14.577165014327468,15277599
