,f_samples,w_samples,rel_thr,abs_thr,sample_num
0,77200,72192,7.023205124503937,9.615085432318775,19271568
