,f_samples,w_samples,rel_thr,abs_thr,sample_num
0,409463,320211,14.640392118720666,29129.389916888715,94127946
