,f_samples,w_samples,rel_thr,abs_thr,sample_num
0,37950,77614,8867.541509084935,9375.825905105121,14907756
