,f_samples,w_samples,rel_thr,abs_thr,sample_num
0,62201,74505,2.665010247209848,7.693873639019707,17635074
