,f_samples,w_samples,rel_thr,abs_thr,sample_num
0,54657,27262,530.185163196139,3393.2471015856513,10567551
