,f_samples,w_samples,rel_thr,abs_thr,sample_num
0,31907,19455,62.94916845023521,1.1351769031080816,6625698
