,f_samples,w_samples,rel_thr,abs_thr,sample_num
0,175288,18165,4.634113776604877,38769.70142241809,24955437
