,f_samples,w_samples,rel_thr,abs_thr,sample_num
0,27587,40872,9.210156471207648,12.719566834575504,8831211
