,f_samples,w_samples,rel_thr,abs_thr,sample_num
0,59779,25083,33.21981799845361,9.000406161681894,10947198
