,f_samples,w_samples,rel_thr,abs_thr,sample_num
0,22869,89554,6740.016113175448,1417.4002983751677,14502567
