,f_samples,w_samples,rel_thr,abs_thr,sample_num
0,33389,53187,8124.182805146489,585.4630151330153,11168304
