,f_samples,w_samples,rel_thr,abs_thr,sample_num
0,73136,9233,257.26261842559745,4828.512704699327,10625601
