,f_samples,w_samples,rel_thr,abs_thr,sample_num
0,59781,10296,4.516181219816193,11.388014581702699,9039933
