,f_samples,w_samples,rel_thr,abs_thr,sample_num
0,16425,85996,2769.031669057511,399.02781372402217,13212309
