,f_samples,w_samples,rel_thr,abs_thr,sample_num
0,41066,23005,6.268119590997596,78.86790632832681,8265159
