,f_samples,w_samples,rel_thr,abs_thr,sample_num
0,41397,177216,14.066964584134157,132113.744055858,28201077
