,f_samples,w_samples,rel_thr,abs_thr,sample_num
0,34856,42806,53.24845322638327,69.8861807495066,10018398
