,f_samples,w_samples,rel_thr,abs_thr,sample_num
0,11638,90857,10.151134204223617,13.719612235634528,13221855
