,f_samples,w_samples,rel_thr,abs_thr,sample_num
0,28800,35187,8.217483712471264,1.5906997350803431,8254323
