,f_samples,w_samples,rel_thr,abs_thr,sample_num
0,37272,14859,99.40667852094558,45.07804374660049,6724899
