,f_samples,w_samples,rel_thr,abs_thr,sample_num
0,46918,22641,7.843268307973679,10.308217603776463,8973111
