,f_samples,w_samples,rel_thr,abs_thr,sample_num
0,69317,51744,6674.1044376392565,7290.288903482125,15616869
