,f_samples,w_samples,rel_thr,abs_thr,sample_num
0,86820,78240,2.2470851219116845,2.768298012869217,21292740
