,f_samples,w_samples,rel_thr,abs_thr,sample_num
0,84965,80539,62.327299072240194,20.145356936619272,21350016
