,f_samples,w_samples,rel_thr,abs_thr,sample_num
0,67422,95648,2.2262896203959386,14.825771887727365,21036030
