,f_samples,w_samples,rel_thr,abs_thr,sample_num
0,14004,71544,0.45884145916983066,17.27038190995549,11035692
