,f_samples,w_samples,rel_thr,abs_thr,sample_num
0,71676,23751,13.82216487962415,8.453790655753822,12310083
