,f_samples,w_samples,rel_thr,abs_thr,sample_num
0,25033,58555,4.3856950408919975,13.71297679513276,10782852
