,f_samples,w_samples,rel_thr,abs_thr,sample_num
0,42003,87834,124.37443831688431,6551.149567410549,16748973
