,f_samples,w_samples,rel_thr,abs_thr,sample_num
0,23182,31635,4043.996252368473,12.116236055961238,7071393
