,f_samples,w_samples,rel_thr,abs_thr,sample_num
0,20157,42807,81.45601990245292,34.80712852321055,8122356
