,f_samples,w_samples,rel_thr,abs_thr,sample_num
0,10604,23235,6614.31893058083,9451.630292436763,4365231
