,f_samples,w_samples,rel_thr,abs_thr,sample_num
0,18910,84520,14.609442344919403,7.6566048119250105,13342470
