,f_samples,w_samples,rel_thr,abs_thr,sample_num
0,72265,29003,8150.648365044989,6772.183191207356,13063572
