,f_samples,w_samples,rel_thr,abs_thr,sample_num
0,43791,53740,2854.6644183796293,3806.689629973471,12581499
