,f_samples,w_samples,rel_thr,abs_thr,sample_num
0,15301,89748,13.645343015561528,4.204283047273471,13551321
