,f_samples,w_samples,rel_thr,abs_thr,sample_num
0,85225,54425,8744.166181571698,7699.918003608226,18014850
