,f_samples,w_samples,rel_thr,abs_thr,sample_num
0,66739,64579,16.833697897004704,80.37109089964548,16940022
