,f_samples,w_samples,rel_thr,abs_thr,sample_num
0,73052,44579,4.80661132191249,12.998021398320619,15174399
