,f_samples,w_samples,rel_thr,abs_thr,sample_num
0,386173,297251,13.827519501640763,35022.917950471834,88161696
