,f_samples,w_samples,rel_thr,abs_thr,sample_num
0,48999,32995,75.6729118812143,36.81276868174448,10577226
