,f_samples,w_samples,rel_thr,abs_thr,sample_num
0,64272,75908,2.2619468492032446,5.052816980352641,18083220
