,f_samples,w_samples,rel_thr,abs_thr,sample_num
0,26010,44162,38.24736072680946,45.476527161072546,9052188
