,f_samples,w_samples,rel_thr,abs_thr,sample_num
0,22826,61465,8.906205734326717,68855.72229476151,10873539
