,f_samples,w_samples,rel_thr,abs_thr,sample_num
0,24726,64017,5233.016365812495,3365.269710841976,11447847
