,f_samples,w_samples,rel_thr,abs_thr,sample_num
0,73478,93277,1757.243097008969,362.24434927307203,21511395
