,f_samples,w_samples,rel_thr,abs_thr,sample_num
0,13136,36288,2.177600834068679,8.656006613132988,6375696
