,f_samples,w_samples,rel_thr,abs_thr,sample_num
0,93332,12430,3984.8274612805794,3602.405870594859,13643298
