,f_samples,w_samples,rel_thr,abs_thr,sample_num
0,64090,83086,12.869960162657376,5.418189555714425,18985704
