,f_samples,w_samples,rel_thr,abs_thr,sample_num
0,8045,89720,87.72571064227041,40.37589503087943,12611685
