,f_samples,w_samples,rel_thr,abs_thr,sample_num
0,29980,6072,41.28203634013526,96.33365213535676,4650708
