,f_samples,w_samples,rel_thr,abs_thr,sample_num
0,33539,34546,15.674890358486639,47.704825831155404,8782965
