,f_samples,w_samples,rel_thr,abs_thr,sample_num
0,288117,411066,13.551717471052926,142327.08650826037,90194607
