,f_samples,w_samples,rel_thr,abs_thr,sample_num
0,41982,52810,3700.7175641034282,9294.512912024444,12228168
