,f_samples,w_samples,rel_thr,abs_thr,sample_num
0,32132,24512,7.046321122868436,9.229686318723259,7307076
