,f_samples,w_samples,rel_thr,abs_thr,sample_num
0,8708,26173,7.727171776594297,0.6417812105470261,4499649
