,f_samples,w_samples,rel_thr,abs_thr,sample_num
0,25033,73467,8.882553554325666,9.82234715482126,12706500
