,f_samples,w_samples,rel_thr,abs_thr,sample_num
0,61531,59108,446.8175421587487,2743.542469922722,15562431
