,f_samples,w_samples,rel_thr,abs_thr,sample_num
0,11039,92892,4.880590805834595,0.9480162670831793,13407099
