,f_samples,w_samples,rel_thr,abs_thr,sample_num
0,83530,10932,8.74334891768126,19.75821727720919,12185598
