,f_samples,w_samples,rel_thr,abs_thr,sample_num
0,54298,64910,8250.825260224989,2457.015633010724,15377832
