,f_samples,w_samples,rel_thr,abs_thr,sample_num
0,22085,59714,7.550741617062739,23.635463172081263,10552071
