,f_samples,w_samples,rel_thr,abs_thr,sample_num
0,254274,123250,12.078122116674729,149551.5547472565,48700596
