,f_samples,w_samples,rel_thr,abs_thr,sample_num
0,91091,11815,14.180553014763527,9.865843149076287,13274874
