,f_samples,w_samples,rel_thr,abs_thr,sample_num
0,321293,33938,11.283646338663564,22808.68735604651,45824799
