,f_samples,w_samples,rel_thr,abs_thr,sample_num
0,24312,75619,2.897421883768798,5.85211519302558,12891099
