,f_samples,w_samples,rel_thr,abs_thr,sample_num
0,81497,13040,6.479949004934808,6.5489929405479,12195273
