,f_samples,w_samples,rel_thr,abs_thr,sample_num
0,56465,17662,6553.790150146014,3827.552838861481,9562383
