,f_samples,w_samples,rel_thr,abs_thr,sample_num
0,58246,22419,7464.76691029231,797.0438331330354,10405785
