,f_samples,w_samples,rel_thr,abs_thr,sample_num
0,74400,90099,51.68738164389586,4.901974788793961,21220371
