,f_samples,w_samples,rel_thr,abs_thr,sample_num
0,8631,86847,11.163359142830569,14.21343059299193,12316662
