,f_samples,w_samples,rel_thr,abs_thr,sample_num
0,9327,90270,12.181215504894267,0.41631220507819755,12848013
