,f_samples,w_samples,rel_thr,abs_thr,sample_num
0,28686,6022,7903.47632728956,9780.215181052667,4477332
