,f_samples,w_samples,rel_thr,abs_thr,sample_num
0,32080,93820,4744.56731540423,1265.0379394582123,16241100
