,f_samples,w_samples,rel_thr,abs_thr,sample_num
0,70683,69695,1675.3987460909466,8850.288353003214,18108762
