,f_samples,w_samples,rel_thr,abs_thr,sample_num
0,21545,33086,7525.951081216849,7905.763235892808,7047399
