,f_samples,w_samples,rel_thr,abs_thr,sample_num
0,30288,74564,2.27196504813225,6.579190388902612,13525908
