,f_samples,w_samples,rel_thr,abs_thr,sample_num
0,69688,84403,22.255507729827805,30.878798196379474,19877739
