,f_samples,w_samples,rel_thr,abs_thr,sample_num
0,91918,55821,370.3628105895799,9014.38143823837,19058331
