,f_samples,w_samples,rel_thr,abs_thr,sample_num
0,61160,86739,174.30551880103565,879.5957428373468,19078971
