,f_samples,w_samples,rel_thr,abs_thr,sample_num
0,77820,57502,5710.588566705068,3475.871349339451,17456538
