,f_samples,w_samples,rel_thr,abs_thr,sample_num
0,73816,471464,67.65512941862103,89.41010814701197,70341120
