,f_samples,w_samples,rel_thr,abs_thr,sample_num
0,86404,41722,1657.6110332172984,9989.022144921351,16528254
