,f_samples,w_samples,rel_thr,abs_thr,sample_num
0,48981,39325,4118.93969550023,1342.6909703906342,11391474
