,f_samples,w_samples,rel_thr,abs_thr,sample_num
0,70793,57720,2302.606237682597,2286.9955150804844,16578177
