,f_samples,w_samples,rel_thr,abs_thr,sample_num
0,90188,11492,7.831917287283211,11.221985557679709,13116720
