,f_samples,w_samples,rel_thr,abs_thr,sample_num
0,94919,56712,5.472848096953575,8.271949761589678,19560399
