,f_samples,w_samples,rel_thr,abs_thr,sample_num
0,20226,22674,9897.956825173087,9442.058866844554,5534100
