,f_samples,w_samples,rel_thr,abs_thr,sample_num
0,41302,62653,3554.2878298956607,5335.740322074054,13410195
