,f_samples,w_samples,rel_thr,abs_thr,sample_num
0,11238,20788,5.740246551150369,2.661138991671912,4131354
