,f_samples,w_samples,rel_thr,abs_thr,sample_num
0,23535,71255,79.19307108240113,77.02442489641557,12227910
