,f_samples,w_samples,rel_thr,abs_thr,sample_num
0,21059,20996,44.0109231421379,46.26419806227538,5425095
