,f_samples,w_samples,rel_thr,abs_thr,sample_num
0,53291,24374,4007.175742025813,2360.720243661687,10018785
