,f_samples,w_samples,rel_thr,abs_thr,sample_num
0,40977,20078,7.087233727658008,9.413005897467347,7876095
