,f_samples,w_samples,rel_thr,abs_thr,sample_num
0,33531,6940,7120.789376494076,1160.2625478126395,5220759
