,f_samples,w_samples,rel_thr,abs_thr,sample_num
0,81826,37618,69.16511598730764,78.27582168192873,15408276
