,f_samples,w_samples,rel_thr,abs_thr,sample_num
0,53202,81721,1133.7267505556217,1816.1071857488787,17405067
