,f_samples,w_samples,rel_thr,abs_thr,sample_num
0,66334,57057,9.994926715524466,4.655994224176264,15917439
