,f_samples,w_samples,rel_thr,abs_thr,sample_num
0,19233,16966,20.33695671564182,36.01947572156019,4669671
