,f_samples,w_samples,rel_thr,abs_thr,sample_num
0,90488,88875,2345.312152371474,1443.4032306852384,23137827
