,f_samples,w_samples,rel_thr,abs_thr,sample_num
0,35102,5337,11.84162477100549,0.8291794490658139,5216631
