,f_samples,w_samples,rel_thr,abs_thr,sample_num
0,37488,43247,93.90353002645689,3.241710730370939,10414815
