,f_samples,w_samples,rel_thr,abs_thr,sample_num
0,34898,18607,11.750407458439115,14.943650433939457,6902145
