,f_samples,w_samples,rel_thr,abs_thr,sample_num
0,67808,68718,0.19126516432226381,10.158737615005974,17611854
