,f_samples,w_samples,rel_thr,abs_thr,sample_num
0,13087,84599,14.20908571319074,2.654745931790993,12601494
