,f_samples,w_samples,rel_thr,abs_thr,sample_num
0,16872,66924,11.718356529772146,14.531061584067057,10809684
