,f_samples,w_samples,rel_thr,abs_thr,sample_num
0,75838,15218,11.534922688720979,9.890617812765171,11746224
