,f_samples,w_samples,rel_thr,abs_thr,sample_num
0,23347,89248,7.441759763851115,7.312202791042587,14524755
