,f_samples,w_samples,rel_thr,abs_thr,sample_num
0,52848,51195,16.892134830575635,79.89989805808621,13421547
