,f_samples,w_samples,rel_thr,abs_thr,sample_num
0,24100,31229,272.4068573290015,8411.54447739159,7137441
