,f_samples,w_samples,rel_thr,abs_thr,sample_num
0,49344,64728,0.9332994477767436,3.1416759155793823,14715288
