,f_samples,w_samples,rel_thr,abs_thr,sample_num
0,95231,22770,9312.982422633011,3190.6442570159334,15222129
