,f_samples,w_samples,rel_thr,abs_thr,sample_num
0,14290,66747,9179.48102371287,2266.9477043626584,10453773
