,f_samples,w_samples,rel_thr,abs_thr,sample_num
0,23943,50299,7.880116228137821,11.827489643625258,9577218
