,f_samples,w_samples,rel_thr,abs_thr,sample_num
0,36782,91618,13.921844374360763,10.233961071227505,16563600
