,f_samples,w_samples,rel_thr,abs_thr,sample_num
0,86131,89254,4.191629224364938,4.981099386347138,22624665
