,f_samples,w_samples,rel_thr,abs_thr,sample_num
0,5938,27981,6.800326724582471,11.04977578667177,4375551
