,f_samples,w_samples,rel_thr,abs_thr,sample_num
0,14297,73852,49.001746152707845,76.66639059067033,11371221
