,f_samples,w_samples,rel_thr,abs_thr,sample_num
0,34352,45171,14.890596063842612,48.015928123762954,10258467
