,f_samples,w_samples,rel_thr,abs_thr,sample_num
0,41885,8138,0.07543394804571868,9.465713912971438,6452967
