,f_samples,w_samples,rel_thr,abs_thr,sample_num
0,47376,46065,8.003451107748866,12.097710554643234,12053889
