,f_samples,w_samples,rel_thr,abs_thr,sample_num
0,6478,8695,930.1084861188939,7313.489263639574,1957317
