,f_samples,w_samples,rel_thr,abs_thr,sample_num
0,78570,61683,10.642210130791257,29.055702420629736,18092637
