,f_samples,w_samples,rel_thr,abs_thr,sample_num
0,93121,62994,6.5273235270105,6.19623141030114,20138835
