,f_samples,w_samples,rel_thr,abs_thr,sample_num
0,37419,93441,2802.7830904474786,3983.2519340881536,16880940
