,f_samples,w_samples,rel_thr,abs_thr,sample_num
0,64995,24022,7630.640850733394,7060.0415887764875,11483193
