,f_samples,w_samples,rel_thr,abs_thr,sample_num
0,21650,90758,65.14231665034731,93.1522898394129,14500632
