,f_samples,w_samples,rel_thr,abs_thr,sample_num
0,6890,95857,6.545196951602312,9.907257115058158,13254363
