,f_samples,w_samples,rel_thr,abs_thr,sample_num
0,39845,69263,13.038590570703587,14.528787411762133,14074932
