,f_samples,w_samples,rel_thr,abs_thr,sample_num
0,63065,27924,4007.33135955652,1435.8001570974466,11737581
