,f_samples,w_samples,rel_thr,abs_thr,sample_num
0,78137,17436,13.43028028726491,4.889440763938609,12328917
