,f_samples,w_samples,rel_thr,abs_thr,sample_num
0,9976,48954,3988.021828153038,4826.712345471834,7601970
