,f_samples,w_samples,rel_thr,abs_thr,sample_num
0,93304,46577,13.358849729540992,11.622991746638906,18044649
