,f_samples,w_samples,rel_thr,abs_thr,sample_num
0,47485,70539,7091.3889498669105,3868.1865476428525,15225096
