,f_samples,w_samples,rel_thr,abs_thr,sample_num
0,65571,12718,5097.095910991013,74.22196215156829,10099281
