,f_samples,w_samples,rel_thr,abs_thr,sample_num
0,69915,9868,13.715501372093062,12.00490800263544,10292007
