,f_samples,w_samples,rel_thr,abs_thr,sample_num
0,76832,79709,1986.3019525890525,1100.2847838736684,20193789
