,f_samples,w_samples,rel_thr,abs_thr,sample_num
0,40960,17442,4636.672572456539,5896.998668767226,7533858
