,f_samples,w_samples,rel_thr,abs_thr,sample_num
0,65612,54758,3894.7458297389962,3462.0110478991983,15527730
