,f_samples,w_samples,rel_thr,abs_thr,sample_num
0,30871,33585,12.213749267337837,2.1937230210017593,8314824
