,f_samples,w_samples,rel_thr,abs_thr,sample_num
0,78549,40301,-0.5229558256862568,10.127751827019624,15331650
