,f_samples,w_samples,rel_thr,abs_thr,sample_num
0,6689,50462,3151.408695313264,4759.405276655421,7372479
