,f_samples,w_samples,rel_thr,abs_thr,sample_num
0,89367,73648,3105.4892020180373,7957.356106378555,21028935
