,f_samples,w_samples,rel_thr,abs_thr,sample_num
0,91817,23827,1203.6328613059372,7578.402671172866,14918076
