,f_samples,w_samples,rel_thr,abs_thr,sample_num
0,35089,74541,3.0525787972647205,1.7764880595254966,14142270
