,f_samples,w_samples,rel_thr,abs_thr,sample_num
0,79437,45846,1102.9292212678172,2128.973867533799,16161507
