,f_samples,w_samples,rel_thr,abs_thr,sample_num
0,65148,79328,-0.35051876836618945,8.042189256545427,18637404
