,f_samples,w_samples,rel_thr,abs_thr,sample_num
0,47492,40943,7998.982686866503,5874.0953171707015,11408115
