,f_samples,w_samples,rel_thr,abs_thr,sample_num
0,65063,48034,3.1501951950856064,5.694233900580926,14589513
