,f_samples,w_samples,rel_thr,abs_thr,sample_num
0,90791,25337,66.75146938042434,79.60299449002844,14980512
