,f_samples,w_samples,rel_thr,abs_thr,sample_num
0,94943,57767,6890.8153632865,5885.393121624062,19699590
