,f_samples,w_samples,rel_thr,abs_thr,sample_num
0,72882,36214,81.9694446594296,59.305251102590795,14073384
