,f_samples,w_samples,rel_thr,abs_thr,sample_num
0,89817,27871,1.4337386634458031,14.189341105029559,15181752
