,f_samples,w_samples,rel_thr,abs_thr,sample_num
0,23889,69184,4966.582718092106,8837.746606850375,12006417
