,f_samples,w_samples,rel_thr,abs_thr,sample_num
0,20781,68578,4.395498742557191,3.4519000997776965,11527311
