,f_samples,w_samples,rel_thr,abs_thr,sample_num
0,29225,12615,73.11642780491054,21.17585118991363,5397360
