,f_samples,w_samples,rel_thr,abs_thr,sample_num
0,48457,92886,171.9197439405857,957.9685658688097,18233247
