,f_samples,w_samples,rel_thr,abs_thr,sample_num
0,60700,37957,1.8956255726038247,5.36710284413531,12726753
