,f_samples,w_samples,rel_thr,abs_thr,sample_num
0,70345,62244,8964.51784999993,1139.9670477290235,17103981
