,f_samples,w_samples,rel_thr,abs_thr,sample_num
0,15827,62985,8377.663501631896,3853.4583072342243,10166748
