,f_samples,w_samples,rel_thr,abs_thr,sample_num
0,78467,41595,86.06877774588018,28.692435218907843,15487998
