,f_samples,w_samples,rel_thr,abs_thr,sample_num
0,79284,21922,2.8193778780363186,3.0750281392731442,13055574
