,f_samples,w_samples,rel_thr,abs_thr,sample_num
0,11996,34340,1.670775033790548,13.567771005659669,5977344
