,f_samples,w_samples,rel_thr,abs_thr,sample_num
0,10095,57373,2.0587719898353516,14.217434421142162,8703372
