,f_samples,w_samples,rel_thr,abs_thr,sample_num
0,45562,69009,9799.233404830906,2317.2672932699757,14779659
