,f_samples,w_samples,rel_thr,abs_thr,sample_num
0,87950,61937,3616.077243415285,5376.549268731238,19335423
