,f_samples,w_samples,rel_thr,abs_thr,sample_num
0,128346,394708,71.23405454847297,20.20853341751978,67473966
