,f_samples,w_samples,rel_thr,abs_thr,sample_num
0,87016,26776,6925.635904714069,2846.544680403574,14679168
