,f_samples,w_samples,rel_thr,abs_thr,sample_num
0,84891,62221,11.76162361366404,12.501227282102176,18977448
