,f_samples,w_samples,rel_thr,abs_thr,sample_num
0,88782,21562,6.225558347819275,12.844728265657952,14234376
