,f_samples,w_samples,rel_thr,abs_thr,sample_num
0,59449,53522,88.86954696329681,93.73081159176124,14573259
