,f_samples,w_samples,rel_thr,abs_thr,sample_num
0,68356,61267,33.659337618504296,42.39028567674183,16721367
