,f_samples,w_samples,rel_thr,abs_thr,sample_num
0,22129,84658,11.595517524549205,157104.46677445286,13775523
