,f_samples,w_samples,rel_thr,abs_thr,sample_num
0,86262,91495,1.7128744775900682,13.999394834833359,22930653
