,f_samples,w_samples,rel_thr,abs_thr,sample_num
0,58523,23774,-0.23956901053076507,13.50314962389437,10616313
