,f_samples,w_samples,rel_thr,abs_thr,sample_num
0,47648,14588,5127.246414342319,7745.186375094722,8028444
