,f_samples,w_samples,rel_thr,abs_thr,sample_num
0,10616,62828,41.94572411655928,33.62955525228075,9474276
