,f_samples,w_samples,rel_thr,abs_thr,sample_num
0,71782,37693,3.7587400776962916,10.132248416685611,14122275
