,f_samples,w_samples,rel_thr,abs_thr,sample_num
0,49630,82646,8076.189352359736,94.82518432678333,17063604
