,f_samples,w_samples,rel_thr,abs_thr,sample_num
0,227121,166508,1.7652083538238195,58835.264153648524,50778141
