,f_samples,w_samples,rel_thr,abs_thr,sample_num
0,22428,37418,8.37739736116294,10.100290190093462,7720134
