,f_samples,w_samples,rel_thr,abs_thr,sample_num
0,31135,12331,5152.696277877212,3175.7381154991594,5607114
