,f_samples,w_samples,rel_thr,abs_thr,sample_num
0,46864,90725,2501.825283545017,5564.94611739044,17748981
