,f_samples,w_samples,rel_thr,abs_thr,sample_num
0,80962,7006,21.79235658429241,22.590609165089337,11347872
