,f_samples,w_samples,rel_thr,abs_thr,sample_num
0,327659,444338,11.70720562795349,31471.258024893345,99587613
