,f_samples,w_samples,rel_thr,abs_thr,sample_num
0,74572,49211,241.00175531193784,7949.110449252958,15968007
