,f_samples,w_samples,rel_thr,abs_thr,sample_num
0,34017,85691,20.16037401464573,21.42088566121767,15442332
