,f_samples,w_samples,rel_thr,abs_thr,sample_num
0,45116,44782,1327.2862804476708,7365.022240302344,11596842
