,f_samples,w_samples,rel_thr,abs_thr,sample_num
0,31917,75358,9570.035110880042,7063.36682281054,13838475
