,f_samples,w_samples,rel_thr,abs_thr,sample_num
0,41854,72009,13.861651709972445,12.127398601901511,14688327
