,f_samples,w_samples,rel_thr,abs_thr,sample_num
0,16228,77504,6837.150142093194,2448.6436326582307,12091428
