,f_samples,w_samples,rel_thr,abs_thr,sample_num
0,18083,11924,4722.188456334372,6487.190345898121,3870903
