,f_samples,w_samples,rel_thr,abs_thr,sample_num
0,48254,87005,5737.272062302738,3206.920178935003,17448411
