,f_samples,w_samples,rel_thr,abs_thr,sample_num
0,41240,54142,1512.1070839845283,5681.728728811057,12304278
