,f_samples,w_samples,rel_thr,abs_thr,sample_num
0,73266,9714,6.969435154656855,36.2969197204288,10704420
