,f_samples,w_samples,rel_thr,abs_thr,sample_num
0,77520,81468,8.15121016653204,10.383161927157094,20509452
