,f_samples,w_samples,rel_thr,abs_thr,sample_num
0,95459,16408,-0.9147842282004959,14.086418920749342,14430843
