,f_samples,w_samples,rel_thr,abs_thr,sample_num
0,74088,76412,9255.161823789389,8626.72892682792,19414500
