,f_samples,w_samples,rel_thr,abs_thr,sample_num
0,88134,77152,6139.608665715464,2260.682679634576,21321894
