,f_samples,w_samples,rel_thr,abs_thr,sample_num
0,11999,77228,73.47228755091515,67.0229680365647,11510283
