,f_samples,w_samples,rel_thr,abs_thr,sample_num
0,37369,67141,9.894487886152962,2.216365807945812,13481790
