,f_samples,w_samples,rel_thr,abs_thr,sample_num
0,150065,304672,8.811035603231428,8896.584985163703,58661073
