,f_samples,w_samples,rel_thr,abs_thr,sample_num
0,86762,85358,9219.828250469862,5651.0478492516495,22203480
