,f_samples,w_samples,rel_thr,abs_thr,sample_num
0,50131,69059,1.4532171078191443,6.4282784745304715,15375510
