,f_samples,w_samples,rel_thr,abs_thr,sample_num
0,20687,45258,6.174868666679167,92.76903229785727,8506905
