,f_samples,w_samples,rel_thr,abs_thr,sample_num
0,29286,23731,64.9552419211288,23.132382311262667,6839193
