,f_samples,w_samples,rel_thr,abs_thr,sample_num
0,119911,180939,17.729018288841107,3.9621750170421466,38809650
