,f_samples,w_samples,rel_thr,abs_thr,sample_num
0,40139,84906,8191.044711914172,118.5504905021495,16130805
