,f_samples,w_samples,rel_thr,abs_thr,sample_num
0,51280,36841,9579.925732911677,1177.11605260148,11367609
