,f_samples,w_samples,rel_thr,abs_thr,sample_num
0,61859,53845,0.7512332537427722,85.69058352647755,14925816
