,f_samples,w_samples,rel_thr,abs_thr,sample_num
0,66947,20428,8304.91166401017,72.572394898337,11271375
