,f_samples,w_samples,rel_thr,abs_thr,sample_num
0,84267,76582,2150.5921952681965,852.9193987837425,20749521
