,f_samples,w_samples,rel_thr,abs_thr,sample_num
0,31535,70908,2286.1165821733525,4143.657035086558,13215147
