,f_samples,w_samples,rel_thr,abs_thr,sample_num
0,52909,62564,4587.890042536425,6878.968903968882,14896017
