,f_samples,w_samples,rel_thr,abs_thr,sample_num
0,355641,421976,9.346930583668227,86185.84120174033,100312593
