,f_samples,w_samples,rel_thr,abs_thr,sample_num
0,40715,44336,1.2541623041340575,4.7981237597936195,10971579
