,f_samples,w_samples,rel_thr,abs_thr,sample_num
0,75150,70336,6.121433012761917,10.199207224713348,18767694
