,f_samples,w_samples,rel_thr,abs_thr,sample_num
0,41817,72190,12.879476327888117,9.598143705928264,14706903
