,f_samples,w_samples,rel_thr,abs_thr,sample_num
0,75574,27153,8.523382284083997,4.019786653049203,13251783
