,f_samples,w_samples,rel_thr,abs_thr,sample_num
0,81051,60315,5.7965049182845,12.357509776452636,18236214
