,f_samples,w_samples,rel_thr,abs_thr,sample_num
0,54979,77287,9439.535146483759,3758.2217844266384,17062314
