,f_samples,w_samples,rel_thr,abs_thr,sample_num
0,88731,23386,4027.463053790299,6664.793078293469,14463093
