,f_samples,w_samples,rel_thr,abs_thr,sample_num
0,192370,253752,46.61201314134155,8.156286600835905,57549738
