,f_samples,w_samples,rel_thr,abs_thr,sample_num
0,72543,57842,14.834678755316105,9.694730964943052,16819665
