,f_samples,w_samples,rel_thr,abs_thr,sample_num
0,33202,46980,5808.342104983498,8117.411369527785,10343478
