,f_samples,w_samples,rel_thr,abs_thr,sample_num
0,52063,92455,16.151545385294256,96.12997386548687,18642822
