,f_samples,w_samples,rel_thr,abs_thr,sample_num
0,30644,28795,12.34176728331881,35.433925039319746,7667631
