,f_samples,w_samples,rel_thr,abs_thr,sample_num
0,70739,55198,3.636839247966842,2.2454419720128502,16245873
