,f_samples,w_samples,rel_thr,abs_thr,sample_num
0,57693,8230,3708.483080363095,9200.389099514343,8504067
