,f_samples,w_samples,rel_thr,abs_thr,sample_num
0,66993,88203,8675.790512265447,3511.869006466256,20020284
