,f_samples,w_samples,rel_thr,abs_thr,sample_num
0,21720,69590,4385.632224714491,8854.215345884842,11778990
