,f_samples,w_samples,rel_thr,abs_thr,sample_num
0,25503,57081,5601.523502322196,6203.004951506068,10653336
