,f_samples,w_samples,rel_thr,abs_thr,sample_num
0,94416,88672,5.7769060332754805,1.2975905636528207,23618352
