,f_samples,w_samples,rel_thr,abs_thr,sample_num
0,72350,69226,55.75504294331216,85.26738239650169,18263304
