,f_samples,w_samples,rel_thr,abs_thr,sample_num
0,104174,452018,9.282750928980455,153594.1249763909,71748768
