,f_samples,w_samples,rel_thr,abs_thr,sample_num
0,79170,64546,44.44086449966106,37.63314225709307,18539364
