,f_samples,w_samples,rel_thr,abs_thr,sample_num
0,18866,83376,4.10612846294417,12.804625521806942,13189218
