,f_samples,w_samples,rel_thr,abs_thr,sample_num
0,5821,77376,5986.258793078364,2356.759761547823,10732413
