,f_samples,w_samples,rel_thr,abs_thr,sample_num
0,67886,74012,2976.9920181196517,1536.7565779916204,18304842
