,f_samples,w_samples,rel_thr,abs_thr,sample_num
0,337447,264270,99.60869570472427,66.45422872415703,77621493
