,f_samples,w_samples,rel_thr,abs_thr,sample_num
0,80788,26135,45.21145647512118,9.202320452787005,13793067
