,f_samples,w_samples,rel_thr,abs_thr,sample_num
0,41586,36239,4288.106338999641,1507.839855040678,10039425
