,f_samples,w_samples,rel_thr,abs_thr,sample_num
0,10176,24779,59.671338197300926,8244.806490542145,4509195
