,f_samples,w_samples,rel_thr,abs_thr,sample_num
0,46183,20908,97.88689229102498,99.43942335919327,8654739
