,f_samples,w_samples,rel_thr,abs_thr,sample_num
0,44256,89763,3.7933768777789094,13.03888960052391,17288451
