,f_samples,w_samples,rel_thr,abs_thr,sample_num
0,8955,59479,1.4077163244992708,13.13141253637567,8827986
