,f_samples,w_samples,rel_thr,abs_thr,sample_num
0,92112,48766,11.213740655577938,5.513317511821626,18173262
