,f_samples,w_samples,rel_thr,abs_thr,sample_num
0,91021,94406,7950.770761747067,7390.317877045066,23920083
