,f_samples,w_samples,rel_thr,abs_thr,sample_num
0,7516,36685,2379.405342252254,7569.331789249465,5701929
