,f_samples,w_samples,rel_thr,abs_thr,sample_num
0,26309,44423,10.399722486190774,0.06867965281352972,9124428
