,f_samples,w_samples,rel_thr,abs_thr,sample_num
0,84551,176375,6.386356743922981,54240.34754158451,33659454
