,f_samples,w_samples,rel_thr,abs_thr,sample_num
0,33314,24823,2.0139374499201903,2.668729111516393,7499673
