,f_samples,w_samples,rel_thr,abs_thr,sample_num
0,29389,71375,17.26548312860144,67.76362857144198,12998556
