,f_samples,w_samples,rel_thr,abs_thr,sample_num
0,8297,16545,4.330950696146562,5.812277638177642,3204618
