,f_samples,w_samples,rel_thr,abs_thr,sample_num
0,75722,56065,1990.4800887391202,9233.425014311291,17000523
