,f_samples,w_samples,rel_thr,abs_thr,sample_num
0,67017,55649,7.359367708724244,13.96099914812561,15823914
