,f_samples,w_samples,rel_thr,abs_thr,sample_num
0,56104,94798,28.84353152769969,6289.785877134597,19466358
