,f_samples,w_samples,rel_thr,abs_thr,sample_num
0,17198,37488,11.904804104561318,7.335089426603327,7054494
