,f_samples,w_samples,rel_thr,abs_thr,sample_num
0,41654,34214,8.007679795495983,1.9955892721553814,9786972
