,f_samples,w_samples,rel_thr,abs_thr,sample_num
0,17439,69574,1351.567135291633,1293.6368444794189,11224677
