,f_samples,w_samples,rel_thr,abs_thr,sample_num
0,96906,259008,6.426688368888071,66240.19748072614,45912906
