,f_samples,w_samples,rel_thr,abs_thr,sample_num
0,59625,56579,8.402537884780052,14.611195822458114,14990316
