,f_samples,w_samples,rel_thr,abs_thr,sample_num
0,192393,29385,14.806063664947155,169688.97700694087,28609362
