,f_samples,w_samples,rel_thr,abs_thr,sample_num
0,67472,86641,6787.127036908789,3182.8065360607407,19880577
