,f_samples,w_samples,rel_thr,abs_thr,sample_num
0,33531,26284,4.815282926252415,13.315206640455774,7716135
