,f_samples,w_samples,rel_thr,abs_thr,sample_num
0,78425,57562,-0.9211423920786199,3.3164601564305456,17542323
