,f_samples,w_samples,rel_thr,abs_thr,sample_num
0,17291,70716,7308.7680845015075,7573.439728396456,11352903
