,f_samples,w_samples,rel_thr,abs_thr,sample_num
0,70028,93865,50.55310140180945,46.28400300975125,21142197
