,f_samples,w_samples,rel_thr,abs_thr,sample_num
0,324716,359481,7.224645065283223,149995.14620004676,88261413
