,f_samples,w_samples,rel_thr,abs_thr,sample_num
0,26939,78292,10.388887586987384,12.557628491488089,13574799
