,f_samples,w_samples,rel_thr,abs_thr,sample_num
0,12247,92124,7024.067328757902,2214.493416482066,13463859
