,f_samples,w_samples,rel_thr,abs_thr,sample_num
0,26119,50941,2.5670009393031403,6.779428147474274,9940740
