,f_samples,w_samples,rel_thr,abs_thr,sample_num
0,33080,17510,6.7155888329216875,3.001043369773888,6526110
