,f_samples,w_samples,rel_thr,abs_thr,sample_num
0,48385,8212,1037.4066080125453,3762.299578607915,7301013
