,f_samples,w_samples,rel_thr,abs_thr,sample_num
0,46057,39627,3734.2618752169687,1591.5482953392668,11053236
