,f_samples,w_samples,rel_thr,abs_thr,sample_num
0,25002,74870,13.535699186247074,3.658274551744594,12883488
