,f_samples,w_samples,rel_thr,abs_thr,sample_num
0,31175,32301,5958.511881335984,3398.851553890836,8188404
