,f_samples,w_samples,rel_thr,abs_thr,sample_num
0,38402,61511,1588.3590610245528,7958.455879983632,12888777
