,f_samples,w_samples,rel_thr,abs_thr,sample_num
0,73551,79553,2.774463749741617,0.3763291198659624,19750416
