,f_samples,w_samples,rel_thr,abs_thr,sample_num
0,63868,14443,51.34940952083523,3566.3957171090856,10102119
