,f_samples,w_samples,rel_thr,abs_thr,sample_num
0,45819,78487,1.4283759132100258,3.1797665126949743,16035474
