,f_samples,w_samples,rel_thr,abs_thr,sample_num
0,86834,26854,2972.659006393478,2373.4098579411066,14665752
