,f_samples,w_samples,rel_thr,abs_thr,sample_num
0,60391,76597,14.640476610672803,6.511314787545483,17671452
