,f_samples,w_samples,rel_thr,abs_thr,sample_num
0,60587,68237,38.52109788073918,7288.36143371344,16618296
