,f_samples,w_samples,rel_thr,abs_thr,sample_num
0,5569,76002,4973.412314146296,7524.732655680819,10522659
