,f_samples,w_samples,rel_thr,abs_thr,sample_num
0,24504,26228,4021.5356837134204,9064.601972225879,6544428
