,f_samples,w_samples,rel_thr,abs_thr,sample_num
0,78093,33966,8.422902374647613,14.748265466655484,14455611
