,f_samples,w_samples,rel_thr,abs_thr,sample_num
0,48965,62116,98.77744490182047,96.5179988331063,14329449
