,f_samples,w_samples,rel_thr,abs_thr,sample_num
0,65230,45248,7002.328875255804,4785.2967167513125,14251662
