,f_samples,w_samples,rel_thr,abs_thr,sample_num
0,84707,30925,5.419217406781844,78.50085160970784,14916528
