,f_samples,w_samples,rel_thr,abs_thr,sample_num
0,27357,31371,12.794977683235263,0.15165056336019112,7575912
