,f_samples,w_samples,rel_thr,abs_thr,sample_num
0,342385,260303,-0.1413922115376387,161119.77827093253,77746752
