,f_samples,w_samples,rel_thr,abs_thr,sample_num
0,31424,53359,1743.4905939635994,8907.051598679684,10937007
