,f_samples,w_samples,rel_thr,abs_thr,sample_num
0,92030,78098,60.72286127627186,25.483483641007343,21946512
