,f_samples,w_samples,rel_thr,abs_thr,sample_num
0,69019,90118,8.591981514433979,13.001473121390628,20528673
