,f_samples,w_samples,rel_thr,abs_thr,sample_num
0,9260,82189,73.49164683196798,7.338392498127966,11796921
