,f_samples,w_samples,rel_thr,abs_thr,sample_num
0,42400,30834,10.796642632194398,1.2049117403879168,9447186
