,f_samples,w_samples,rel_thr,abs_thr,sample_num
0,234327,196548,14.33684845670876,118848.19183136219,55582875
