,f_samples,w_samples,rel_thr,abs_thr,sample_num
0,52078,54829,75.52074607088898,83.87968726233603,13791003
