,f_samples,w_samples,rel_thr,abs_thr,sample_num
0,48490,47015,-0.5037995086271323,7.033223787101578,12320145
