,f_samples,w_samples,rel_thr,abs_thr,sample_num
0,38287,72700,9.704607858009089,5.170803767731021,14317323
