,f_samples,w_samples,rel_thr,abs_thr,sample_num
0,83476,84876,3003.395846755709,9515.379609596588,21717408
