,f_samples,w_samples,rel_thr,abs_thr,sample_num
0,51472,57994,4960.712550947928,6728.906286333175,14121114
