,f_samples,w_samples,rel_thr,abs_thr,sample_num
0,5409,6661,33.71112734662682,13.94543947331507,1557030
