,f_samples,w_samples,rel_thr,abs_thr,sample_num
0,62610,41405,2200.451688801755,6246.893423352906,13417935
