,f_samples,w_samples,rel_thr,abs_thr,sample_num
0,27246,45787,4.321631053673412,10.336591640763045,9421257
