,f_samples,w_samples,rel_thr,abs_thr,sample_num
0,75390,58550,4655.857485328299,8058.751695088458,17278260
