,f_samples,w_samples,rel_thr,abs_thr,sample_num
0,63099,22529,2177.885790418853,8517.748065457865,11046012
