,f_samples,w_samples,rel_thr,abs_thr,sample_num
0,65628,7179,4.79889150334836,7.240098878312795,9392103
