,f_samples,w_samples,rel_thr,abs_thr,sample_num
0,64417,47668,2129.074561410379,629.6639033385798,14458965
