,f_samples,w_samples,rel_thr,abs_thr,sample_num
0,53543,14792,99.29548663976219,56.61153829069839,8815215
