,f_samples,w_samples,rel_thr,abs_thr,sample_num
0,47365,62205,48.473936258973495,88.30548642278701,14134530
