,f_samples,w_samples,rel_thr,abs_thr,sample_num
0,18362,78989,7520.018058158573,2158.4908530824064,12558279
