,f_samples,w_samples,rel_thr,abs_thr,sample_num
0,22063,84263,24.720410565179037,91.34264993766904,13716054
