,f_samples,w_samples,rel_thr,abs_thr,sample_num
0,17755,74088,9.359614994149002,14.546123221913222,11847747
