,f_samples,w_samples,rel_thr,abs_thr,sample_num
0,87447,92021,4771.6360224548,8841.953011398413,23151372
