,f_samples,w_samples,rel_thr,abs_thr,sample_num
0,55384,84704,7580.504798431318,5220.858496752317,18071352
