,f_samples,w_samples,rel_thr,abs_thr,sample_num
0,91551,29558,8.605259771117751,13.553628552330322,15623061
