,f_samples,w_samples,rel_thr,abs_thr,sample_num
0,17687,44296,14.40423850800167,12.232982131956188,7995807
