,f_samples,w_samples,rel_thr,abs_thr,sample_num
0,71378,62230,7647.4694937434815,9337.513250369726,17235432
