,f_samples,w_samples,rel_thr,abs_thr,sample_num
0,95988,37046,-0.02961878594435241,0.4036053158705166,17161386
