,f_samples,w_samples,rel_thr,abs_thr,sample_num
0,95196,9028,3.7573063354891483,0.7677363352713296,13444896
