,f_samples,w_samples,rel_thr,abs_thr,sample_num
0,37838,93970,-0.6633355092984647,7.209472237280924,17003232
