,f_samples,w_samples,rel_thr,abs_thr,sample_num
0,92519,56039,12.778523410437042,12.251369167941032,19163982
