,f_samples,w_samples,rel_thr,abs_thr,sample_num
0,15189,94719,10.009729298605206,13.783604672373539,14178132
