,f_samples,w_samples,rel_thr,abs_thr,sample_num
0,45556,70731,2749.700818687275,6275.603945772303,15001023
