,f_samples,w_samples,rel_thr,abs_thr,sample_num
0,10728,33310,2.8658591866345695,10.306325968052034,5680902
