,f_samples,w_samples,rel_thr,abs_thr,sample_num
0,29174,47799,2050.925492051732,3064.1122826205738,9929517
