,f_samples,w_samples,rel_thr,abs_thr,sample_num
0,38224,21006,7.592210930812103,9.449160838196898,7640670
