,f_samples,w_samples,rel_thr,abs_thr,sample_num
0,242867,57100,2.589196348252724,76252.05183645553,38695743
