,f_samples,w_samples,rel_thr,abs_thr,sample_num
0,59065,52829,3.5711223612004632,88.28564131507129,14434326
