,f_samples,w_samples,rel_thr,abs_thr,sample_num
0,71305,51049,56.54828025859901,38.21810031064553,15783666
