,f_samples,w_samples,rel_thr,abs_thr,sample_num
0,39105,55081,3427.254750228539,6273.52470872249,12149994
