,f_samples,w_samples,rel_thr,abs_thr,sample_num
0,53746,35594,1875.2384286958368,209.51129575599637,11524860
