,f_samples,w_samples,rel_thr,abs_thr,sample_num
0,84840,88822,8645.435814065644,4752.365872842576,22402398
