,f_samples,w_samples,rel_thr,abs_thr,sample_num
0,91902,26416,4361.053515338084,4675.373242824363,15263022
