,f_samples,w_samples,rel_thr,abs_thr,sample_num
0,33407,32349,9433.130628851199,3433.2901888635756,8482524
