,f_samples,w_samples,rel_thr,abs_thr,sample_num
0,51807,23655,73.13748458589383,75.00325940624185,9734598
