,f_samples,w_samples,rel_thr,abs_thr,sample_num
0,87310,21149,16.99093559764196,39.98353904358108,13991211
