,f_samples,w_samples,rel_thr,abs_thr,sample_num
0,80022,13075,49.77166993927196,34.0111528343878,12009513
