,f_samples,w_samples,rel_thr,abs_thr,sample_num
0,65851,54912,71.59452436799941,55.09038271417397,15578427
