,f_samples,w_samples,rel_thr,abs_thr,sample_num
0,69522,65842,28.934847331730243,17.476623550189473,17461956
