,f_samples,w_samples,rel_thr,abs_thr,sample_num
0,7614,95161,1871.1379223330534,5317.016252628476,13257975
