,f_samples,w_samples,rel_thr,abs_thr,sample_num
0,47546,77888,50.992247527653724,73.84253907364203,16180986
