,f_samples,w_samples,rel_thr,abs_thr,sample_num
0,62311,44066,1094.6298060008403,6354.515509362612,13722633
