,f_samples,w_samples,rel_thr,abs_thr,sample_num
0,24922,62310,1531.4403198210514,4902.350761573451,11252928
