,f_samples,w_samples,rel_thr,abs_thr,sample_num
0,11609,42233,1525.8489489529652,1922.1973069442079,6945618
