,f_samples,w_samples,rel_thr,abs_thr,sample_num
0,71607,10686,3408.7113813565334,2553.264555793553,10615797
