,f_samples,w_samples,rel_thr,abs_thr,sample_num
0,52005,81274,13.89017792707968,5.379765330962816,17192991
