,f_samples,w_samples,rel_thr,abs_thr,sample_num
0,254319,236904,14.108233491662244,49528.532130180494,63367767
