,f_samples,w_samples,rel_thr,abs_thr,sample_num
0,46297,61123,3245.750962630641,7708.261839603553,13857180
