,f_samples,w_samples,rel_thr,abs_thr,sample_num
0,24465,29330,7672.966189752457,7271.919175142065,6939555
