,f_samples,w_samples,rel_thr,abs_thr,sample_num
0,87084,51221,3524.276236059604,6129.163670025978,17841345
