,f_samples,w_samples,rel_thr,abs_thr,sample_num
0,33505,27212,6428.122868237963,6677.260945637454,7832493
