,f_samples,w_samples,rel_thr,abs_thr,sample_num
0,92072,48794,11.930723176760157,1.99807782156137,18171714
