,f_samples,w_samples,rel_thr,abs_thr,sample_num
0,78418,49556,1.2618632737115103,1.7710210410216716,16508646
