,f_samples,w_samples,rel_thr,abs_thr,sample_num
0,26546,63510,6032.9962303648645,1842.8367313174076,11617224
