,f_samples,w_samples,rel_thr,abs_thr,sample_num
0,15507,21233,33.87133663717636,86.7993987986341,4739460
