,f_samples,w_samples,rel_thr,abs_thr,sample_num
0,200872,171091,14.51385794644129,23582.206802859495,47983227
