,f_samples,w_samples,rel_thr,abs_thr,sample_num
0,41920,15339,5766.025813955516,9591.77739376599,7386411
