,f_samples,w_samples,rel_thr,abs_thr,sample_num
0,86347,54009,8.902881093150699,47.71243686974719,18105924
