,f_samples,w_samples,rel_thr,abs_thr,sample_num
0,52768,93033,7072.090562800536,5176.660130594342,18808329
