,f_samples,w_samples,rel_thr,abs_thr,sample_num
0,69455,13270,9613.254850241628,52.51249729868568,10671525
