,f_samples,w_samples,rel_thr,abs_thr,sample_num
0,48053,79115,23.16676840793569,43.86557008749129,16404672
