,f_samples,w_samples,rel_thr,abs_thr,sample_num
0,83948,55567,12.771532000644164,9.736735643550613,17997435
