,f_samples,w_samples,rel_thr,abs_thr,sample_num
0,313550,224453,5.62932616936221,125073.95283552924,69402387
