,f_samples,w_samples,rel_thr,abs_thr,sample_num
0,51970,11921,4.761955935785863,9.052635988123836,8241939
