,f_samples,w_samples,rel_thr,abs_thr,sample_num
0,19672,24751,14.20692704579918,9.751994987176827,5730567
