,f_samples,w_samples,rel_thr,abs_thr,sample_num
0,7070,57507,3266.384352360853,2005.235952266926,8330433
