,f_samples,w_samples,rel_thr,abs_thr,sample_num
0,54313,68996,5974.614273086778,8711.564444541646,15906861
