,f_samples,w_samples,rel_thr,abs_thr,sample_num
0,55257,45158,13.025976081131756,11.009068199339502,12953535
