,f_samples,w_samples,rel_thr,abs_thr,sample_num
0,43693,48712,8377.501962308477,2673.6390759156116,11920245
