,f_samples,w_samples,rel_thr,abs_thr,sample_num
0,10207,82623,9730.039042996095,3649.4999302859032,11975070
