,f_samples,w_samples,rel_thr,abs_thr,sample_num
0,393313,249224,12.712829504087932,49906.224016072745,82887273
