,f_samples,w_samples,rel_thr,abs_thr,sample_num
0,71023,57203,11.520159861497845,8.579669008433438,16541154
