,f_samples,w_samples,rel_thr,abs_thr,sample_num
0,50832,68870,2827.1025786372406,3430.6496964582702,15441558
