,f_samples,w_samples,rel_thr,abs_thr,sample_num
0,12531,78127,1.497989122039698,7.453457809152055,11694882
