,f_samples,w_samples,rel_thr,abs_thr,sample_num
0,20680,19573,5.029684320286796,5.401353980721263,5192637
