,f_samples,w_samples,rel_thr,abs_thr,sample_num
0,77687,23385,67.62473469869227,78.02174498672863,13038288
