,f_samples,w_samples,rel_thr,abs_thr,sample_num
0,53947,26822,43.28029439561572,70.55976766132152,10419201
