,f_samples,w_samples,rel_thr,abs_thr,sample_num
0,44028,54905,46.53635263866808,25.961849663337333,12762357
