,f_samples,w_samples,rel_thr,abs_thr,sample_num
0,29744,63494,4600.966522875903,2014.4931396501654,12027702
