,f_samples,w_samples,rel_thr,abs_thr,sample_num
0,41894,36756,6069.157807817868,6506.510673171723,10145850
