,f_samples,w_samples,rel_thr,abs_thr,sample_num
0,64616,24558,4.525998290823855,3.2020424636739424,11503446
