,f_samples,w_samples,rel_thr,abs_thr,sample_num
0,93627,60735,-0.1508781800680037,10.889034838950108,19912698
