,f_samples,w_samples,rel_thr,abs_thr,sample_num
0,66947,49521,1688.1861535432486,4650.651511789641,15024372
