,f_samples,w_samples,rel_thr,abs_thr,sample_num
0,62695,70707,4.325440348767703,14.39793051690065,17208858
