,f_samples,w_samples,rel_thr,abs_thr,sample_num,adv_ber,legit_ber
0,25650,21266,0.6758172463303893,11.14088205662084,6052164,50.048828125,5.859375
