,f_samples,w_samples,rel_thr,abs_thr,sample_num,adv_ber,legit_ber
0,45053,46169,-0.6130097116946196,11.432562191038272,11767638,49.609375,0.5859375
