,f_samples,w_samples,rel_thr,abs_thr,sample_num,adv_ber,legit_ber
0,69160,83871,1.2661303647624642,2.087819550146748,19740999,50.15625,14.375
