,f_samples,w_samples,rel_thr,abs_thr,sample_num,adv_ber,legit_ber
0,76492,94295,0.3134966228819955,12.961347950361484,22031523,42.96875,13.0859375
