,f_samples,w_samples,rel_thr,abs_thr,sample_num
0,63872,57511,9452.41564309838,8623.334507154137,15658407
