,f_samples,w_samples,rel_thr,abs_thr,sample_num
0,77403,70880,10.291927401143951,4.10382489138091,19128507
