,f_samples,w_samples,rel_thr,abs_thr,sample_num
0,72580,63520,-0.4937587791729108,2.7878718600462484,17556900
