,f_samples,w_samples,rel_thr,abs_thr,sample_num
0,91416,12162,4.877504606099054,9.813248690357756,13361562
