,f_samples,w_samples,rel_thr,abs_thr,sample_num
0,53485,6425,17.632307526617822,57.036691466261125,7728390
