,f_samples,w_samples,rel_thr,abs_thr,sample_num
0,31319,55835,5.507603772688533,11.50048085777959,11242866
