,f_samples,w_samples,rel_thr,abs_thr,sample_num
0,141370,278002,-0.6110962926488881,92599.84766210192,54098988
