,f_samples,w_samples,rel_thr,abs_thr,sample_num
0,67156,82634,93.68591396295072,48.14151807942581,19322910
