,f_samples,w_samples,rel_thr,abs_thr,sample_num
0,78009,55542,44.50754579911393,82.10406115200124,17228079
