,f_samples,w_samples,rel_thr,abs_thr,sample_num
0,23960,10313,-0.8251726408974172,12.318257175046352,4421217
