,f_samples,w_samples,rel_thr,abs_thr,sample_num
0,65129,36456,1154.5905113372887,1801.7774442196676,13104465
