,f_samples,w_samples,rel_thr,abs_thr,sample_num
0,31919,14087,12.223238670162687,3.9403812177375466,5934774
