,f_samples,w_samples,rel_thr,abs_thr,sample_num
0,80306,94376,6241.64803741539,3995.1494452090988,22533978
