,f_samples,w_samples,rel_thr,abs_thr,sample_num
0,61337,21137,4726.989703915352,1480.4278204465847,10639146
