,f_samples,w_samples,rel_thr,abs_thr,sample_num
0,17729,75932,1.313331390373678,49.854553296723424,12082269
