,f_samples,w_samples,rel_thr,abs_thr,sample_num
0,31382,19041,5258.959302108341,828.9111639539182,6504567
