,f_samples,w_samples,rel_thr,abs_thr,sample_num
0,36772,87128,6324.926694757288,3482.792318771901,15983100
