,f_samples,w_samples,rel_thr,abs_thr,sample_num
0,60800,25753,-0.9766793779757972,12.872361120463701,11165337
