,f_samples,w_samples,rel_thr,abs_thr,sample_num
0,20165,78079,-0.10401839985453876,13.66605517894307,12673476
