,f_samples,w_samples,rel_thr,abs_thr,sample_num
0,362109,31376,95.64707843145258,34.22848959111933,50759565
