,f_samples,w_samples,rel_thr,abs_thr,sample_num
0,10654,91610,86.33337684485365,38.09756454772243,13192056
