,f_samples,w_samples,rel_thr,abs_thr,sample_num
0,42659,38926,24.52665183219184,89.05632714171554,10524465
