,f_samples,w_samples,rel_thr,abs_thr,sample_num
0,67352,66245,13.813081432105813,6.4658284643593085,17234013
