,f_samples,w_samples,rel_thr,abs_thr,sample_num
0,87115,63267,0.17876416050554944,14.922935737108034,19399278
