,f_samples,w_samples,rel_thr,abs_thr,sample_num
0,29955,21426,46.32341979771084,10.764254043802367,6628149
