,f_samples,w_samples,rel_thr,abs_thr,sample_num
0,160979,477777,7.516589208827211,130896.65081746735,82399524
