,f_samples,w_samples,rel_thr,abs_thr,sample_num
0,209848,265524,8.50826483719528,116963.49363547938,61322988
