,f_samples,w_samples,rel_thr,abs_thr,sample_num
0,417136,158609,3.969410338045382,81.81595242165615,74271105
