,f_samples,w_samples,rel_thr,abs_thr,sample_num
0,51571,7740,14.39748865637757,0.368653233249302,7651119
