,f_samples,w_samples,rel_thr,abs_thr,sample_num
0,31513,75543,17.62751556124462,55.3502990229635,13810224
