,f_samples,w_samples,rel_thr,abs_thr,sample_num
0,13425,14510,4816.567496195529,1311.433729987308,3603615
