,f_samples,w_samples,rel_thr,abs_thr,sample_num
0,18551,26071,46.69661578144295,22.98100336764728,5756238
