,f_samples,w_samples,rel_thr,abs_thr,sample_num
0,59233,59969,5285.774781643353,2463.5278530710757,15377058
