,f_samples,w_samples,rel_thr,abs_thr,sample_num
0,64904,85674,6.873772351060612,14.61922901300577,19424562
