,f_samples,w_samples,rel_thr,abs_thr,sample_num
0,45673,54075,93.33254035082854,57.467889118310545,12867492
