,f_samples,w_samples,rel_thr,abs_thr,sample_num
0,83617,42920,0.6977818320021854,15.232927962616916,16323273
