,f_samples,w_samples,rel_thr,abs_thr,sample_num
0,50552,80132,13.631667138465737,7.4597657054433455,16858236
