,f_samples,w_samples,rel_thr,abs_thr,sample_num
0,16254,20968,8447.875950861364,3177.3412807087198,4801638
