,f_samples,w_samples,rel_thr,abs_thr,sample_num
0,46518,6354,13.694342674223531,13.383572587575925,6820488
