,f_samples,w_samples,rel_thr,abs_thr,sample_num
0,78043,71780,9.431183439534376,6.6003908740914765,19327167
