,f_samples,w_samples,rel_thr,abs_thr,sample_num
0,46982,35249,7709.09943822573,8957.342698035334,10607799
