,f_samples,w_samples,rel_thr,abs_thr,sample_num
0,25619,73725,13.109680643526335,14.660805257737604,12815376
