,f_samples,w_samples,rel_thr,abs_thr,sample_num
0,43660,33934,7308.103705879361,2810.7189499269202,10009626
