,f_samples,w_samples,rel_thr,abs_thr,sample_num
0,70892,35576,5.2873691709853805,11.349591581898718,13734372
