,f_samples,w_samples,rel_thr,abs_thr,sample_num
0,48855,43550,5386.702821545721,8951.596651675916,11920245
