,f_samples,w_samples,rel_thr,abs_thr,sample_num
0,35725,43396,6352.880067769401,4188.991356520949,10206609
