,f_samples,w_samples,rel_thr,abs_thr,sample_num
0,58919,6736,11.67975925455712,4.495458576972819,8469495
