,f_samples,w_samples,rel_thr,abs_thr,sample_num
0,51263,70318,2357.377993320898,5837.759333419913,15683949
