,f_samples,w_samples,rel_thr,abs_thr,sample_num
0,21719,41863,5330.721901007517,417.0758899094906,8202078
