,f_samples,w_samples,rel_thr,abs_thr,sample_num
0,5856,57878,7880.580526414374,9071.273151649308,8221686
