,f_samples,w_samples,rel_thr,abs_thr,sample_num
0,32005,18099,24.577821631732647,28.35207654360782,6463416
