,f_samples,w_samples,rel_thr,abs_thr,sample_num
0,8230,62182,9062.352660206043,9030.82311997376,9083148
