,f_samples,w_samples,rel_thr,abs_thr,sample_num
0,26627,78826,4.5196406648692395,10.859880242886005,13603437
