,f_samples,w_samples,rel_thr,abs_thr,sample_num
0,40392,94229,11.218338388804955,8.155173725900687,17366109
