,f_samples,w_samples,rel_thr,abs_thr,sample_num
0,76458,21362,307.6031678272642,8036.971547374065,12618780
