,f_samples,w_samples,rel_thr,abs_thr,sample_num
0,91364,27106,1.041092165010399,8.633657053049973,15282630
