,f_samples,w_samples,rel_thr,abs_thr,sample_num
0,62510,16654,12.1587046454818,2.844244890055336,10212156
