,f_samples,w_samples,rel_thr,abs_thr,sample_num
0,14964,24984,0.2472901017072413,5.829072906388865,5153292
