,f_samples,w_samples,rel_thr,abs_thr,sample_num
0,91045,29106,-0.2233614709158207,14.818678990511183,15499479
