,f_samples,w_samples,rel_thr,abs_thr,sample_num
0,208462,150102,10.214451680614749,78440.08448838038,46254756
