,f_samples,w_samples,rel_thr,abs_thr,sample_num
0,93748,13008,5306.6678007586725,20.7243683117142,13771524
