,f_samples,w_samples,rel_thr,abs_thr,sample_num
0,92899,7289,27.026953990334846,67.7414656871462,12924252
