,f_samples,w_samples,rel_thr,abs_thr,sample_num
0,15813,52336,9.275316322169658,10.440385552498029,8791221
