,f_samples,w_samples,rel_thr,abs_thr,sample_num
0,6749,78886,13.913475097760276,13.708402214657843,11046915
