,f_samples,w_samples,rel_thr,abs_thr,sample_num
0,90466,95638,11.45821721277173,14.130679830966614,24007416
