,f_samples,w_samples,rel_thr,abs_thr,sample_num
0,37597,88562,63.756660033965545,20.177404980255442,16274511
