,f_samples,w_samples,rel_thr,abs_thr,sample_num
0,43251,27278,3.61175439111169,3.735222641923321,9098241
