,f_samples,w_samples,rel_thr,abs_thr,sample_num
0,12859,18398,2762.581570817807,3222.5340207616114,4032153
