,f_samples,w_samples,rel_thr,abs_thr,sample_num
0,93186,10133,2417.6408066257522,8687.51450713447,13328151
