,f_samples,w_samples,rel_thr,abs_thr,sample_num
0,12770,27709,81.75003000947832,83.94464448195343,5221791
