,f_samples,w_samples,rel_thr,abs_thr,sample_num
0,45299,66063,2171.8925624617113,9418.80015794526,14365698
