,f_samples,w_samples,rel_thr,abs_thr,sample_num
0,13796,10175,9681.282264946738,487.2937158219637,3092259
