,f_samples,w_samples,rel_thr,abs_thr,sample_num
0,13947,77130,286.2241346596562,2691.3545067906484,11748933
