,f_samples,w_samples,rel_thr,abs_thr,sample_num
0,72136,20572,9.476835963075224,6.853600420485715,11959332
