,f_samples,w_samples,rel_thr,abs_thr,sample_num
0,8680,28839,1079.778804880199,1780.266582998723,4839951
