,f_samples,w_samples,rel_thr,abs_thr,sample_num
0,72259,28565,9241.426317370964,3761.885460409149,13006296
