,f_samples,w_samples,rel_thr,abs_thr,sample_num
0,45897,92050,-0.9544568115046594,0.4679309179874447,17795163
