,f_samples,w_samples,rel_thr,abs_thr,sample_num
0,75334,88650,5.089097234860027,6.170076922977443,21153936
