,f_samples,w_samples,rel_thr,abs_thr,sample_num
0,66832,33823,6646.440188571033,5425.983986152274,12984495
