,f_samples,w_samples,rel_thr,abs_thr,sample_num
0,49331,7006,7.270895117154554,2.3796062100252273,7267473
