,f_samples,w_samples,rel_thr,abs_thr,sample_num
0,26683,64006,447.56623670783944,9585.224271553841,11698881
