,f_samples,w_samples,rel_thr,abs_thr,sample_num
0,39689,36136,4042.5080409344187,1290.476908657533,9781425
