,f_samples,w_samples,rel_thr,abs_thr,sample_num
0,15136,94189,44.31369213405707,36.01545332124999,14102925
