,f_samples,w_samples,rel_thr,abs_thr,sample_num
0,12475,48606,1.863335227294149,14.702599217098966,7879449
