,f_samples,w_samples,rel_thr,abs_thr,sample_num
0,29874,14539,45.68197145215035,19.79758403307391,5729277
