,f_samples,w_samples,rel_thr,abs_thr,sample_num
0,24121,59546,7.4377405094616975,4.178461678741643,10793043
