,f_samples,w_samples,rel_thr,abs_thr,sample_num
0,31123,24584,0.4000428082090419,8.148056602378924,7186203
