,f_samples,w_samples,rel_thr,abs_thr,sample_num
0,24142,57588,8589.366995421959,5519.596199328143,10543170
