,f_samples,w_samples,rel_thr,abs_thr,sample_num
0,19186,43012,8015.832191142734,3419.080661521,8023542
