,f_samples,w_samples,rel_thr,abs_thr,sample_num
0,94673,16998,30.319666572857003,25.324043724850796,14405559
