,f_samples,w_samples,rel_thr,abs_thr,sample_num
0,35820,55784,5.628236685856928,10.265882938550124,11816916
