,f_samples,w_samples,rel_thr,abs_thr,sample_num
0,52999,14659,1860.074123841014,8243.739544679782,8727882
