,f_samples,w_samples,rel_thr,abs_thr,sample_num
0,35425,17633,0.37230141331777133,11.718676677098053,6844482
