,f_samples,w_samples,rel_thr,abs_thr,sample_num
0,12962,83426,211.03120054079497,7396.921398329318,12434052
