,f_samples,w_samples,rel_thr,abs_thr,sample_num
0,26430,89804,73.63667703092214,80.48348805466931,14994186
