,f_samples,w_samples,rel_thr,abs_thr,sample_num
0,87191,58669,50.29830762300303,49.207422054599924,18815940
