,f_samples,w_samples,rel_thr,abs_thr,sample_num
0,65013,36112,4403.074995835895,8479.711310060795,13045125
