,f_samples,w_samples,rel_thr,abs_thr,sample_num
0,61842,82721,6475.088941093644,3907.4729817131883,18648627
