,f_samples,w_samples,rel_thr,abs_thr,sample_num
0,13209,44355,2852.4244014144765,9622.869135126548,7425756
