,f_samples,w_samples,rel_thr,abs_thr,sample_num
0,80795,27983,38.93446989481566,78.6179409468059,14032362
