,f_samples,w_samples,rel_thr,abs_thr,sample_num
0,71218,52968,25.73411214672022,71.9517200716911,16019994
