,f_samples,w_samples,rel_thr,abs_thr,sample_num
0,63198,33015,3224.0772642556935,6398.234347278613,12411477
