,f_samples,w_samples,rel_thr,abs_thr,sample_num
0,59185,83379,85.35542104441627,23.551572508072304,18390756
