,f_samples,w_samples,rel_thr,abs_thr,sample_num
0,69081,62740,94.91653129284893,49.92336629455946,17004909
