,f_samples,w_samples,rel_thr,abs_thr,sample_num
0,40159,10888,1.6684912984434952,2.0105449312479458,6585063
