,f_samples,w_samples,rel_thr,abs_thr,sample_num
0,37701,92498,1.4269692628327508,10.708264180543042,16795671
