,f_samples,w_samples,rel_thr,abs_thr,sample_num
0,9216,15795,8.80412080518496,11.425831483718081,3226419
