,f_samples,w_samples,rel_thr,abs_thr,sample_num
0,37788,423385,-0.9373354006479904,187921.90248723418,59491317
