,f_samples,w_samples,rel_thr,abs_thr,sample_num
0,52582,39713,0.4390069863243724,13.689491815383432,11906055
