,f_samples,w_samples,rel_thr,abs_thr,sample_num
0,59283,6430,14.66996897887937,12.551315770074384,8476977
