,f_samples,w_samples,rel_thr,abs_thr,sample_num
0,55049,37138,83.01959103793084,19.602365130938004,11892123
