,f_samples,w_samples,rel_thr,abs_thr,sample_num
0,413287,388735,14.339536728388135,124320.44530930588,103460838
