,f_samples,w_samples,rel_thr,abs_thr,sample_num
0,29733,39813,8003.914963278419,1086.314556825305,8971434
