,f_samples,w_samples,rel_thr,abs_thr,sample_num
0,365894,395614,11.991046964011703,71.4263050849308,98234532
