,f_samples,w_samples,rel_thr,abs_thr,sample_num
0,23801,86374,10.489990154176857,2.9436152052853886,14212575
