,f_samples,w_samples,rel_thr,abs_thr,sample_num
0,58446,57661,1.3486616381654226,4.467339743159543,14977803
