,f_samples,w_samples,rel_thr,abs_thr,sample_num
0,66841,51388,7911.182327304817,258.3877390510947,15251541
