,f_samples,w_samples,rel_thr,abs_thr,sample_num
0,34576,64180,5065.637371254332,4295.906972574224,12739524
