,f_samples,w_samples,rel_thr,abs_thr,sample_num
0,19811,87309,2.6554715970197353,5.881531548933148,13818480
