,f_samples,w_samples,rel_thr,abs_thr,sample_num
0,15067,52284,7.980322795666098,0.3046855690070205,8688279
