,f_samples,w_samples,rel_thr,abs_thr,sample_num
0,27199,71706,9301.307051612406,1872.2169784836428,12758745
