,f_samples,w_samples,rel_thr,abs_thr,sample_num
0,90024,49200,3588.0967125340417,3971.7006784958553,17959896
