,f_samples,w_samples,rel_thr,abs_thr,sample_num
0,41265,77811,7317.91961425155,9669.06326012584,15360804
