,f_samples,w_samples,rel_thr,abs_thr,sample_num
0,9322,84588,3.929983911408513,2.7663910483781025,12114390
