,f_samples,w_samples,rel_thr,abs_thr,sample_num
0,85276,63942,3831.172140044836,1442.5876935431093,19249122
