,f_samples,w_samples,rel_thr,abs_thr,sample_num
0,61662,19942,3241.148726876556,7343.6197266387735,10526916
