,f_samples,w_samples,rel_thr,abs_thr,sample_num
0,84324,8907,628.8224764974768,2300.414631667408,12026799
