,f_samples,w_samples,rel_thr,abs_thr,sample_num
0,9480,27656,4.933276224059643,8.752092365421792,4790544
