,f_samples,w_samples,rel_thr,abs_thr,sample_num
0,65935,82851,1505.7906641850275,2965.2027526270676,19193394
