,f_samples,w_samples,rel_thr,abs_thr,sample_num
0,36986,89945,14.542674801068792,2.16039022439138,16374099
