,f_samples,w_samples,rel_thr,abs_thr,sample_num
0,10784,433075,41.911837766560346,35.69736329931087,57257811
