,f_samples,w_samples,rel_thr,abs_thr,sample_num
0,44679,47031,2.584789897835842,8.915460094173145,11830590
