,f_samples,w_samples,rel_thr,abs_thr,sample_num
0,88844,34289,83.98140979855744,69.98614193922413,15884157
