,f_samples,w_samples,rel_thr,abs_thr,sample_num
0,92751,31995,4.048276091268383,11.391768588665974,16092234
