,f_samples,w_samples,rel_thr,abs_thr,sample_num
0,85112,31244,4863.222380414917,3820.460148593823,15009924
