,f_samples,w_samples,rel_thr,abs_thr,sample_num
0,48964,77692,1.58621593880477,11.334433556999453,16338624
