,f_samples,w_samples,rel_thr,abs_thr,sample_num
0,33437,58535,10.890701985670221,13.566100264345444,11864388
