,f_samples,w_samples,rel_thr,abs_thr,sample_num
0,85174,66942,10.185514145249337,0.6823807084190714,19622964
