,f_samples,w_samples,rel_thr,abs_thr,sample_num
0,74276,24525,5643.195667103858,6610.700879277564,12745329
