,f_samples,w_samples,rel_thr,abs_thr,sample_num
0,73060,48245,7743.671067953299,8148.158538652039,15648345
