,f_samples,w_samples,rel_thr,abs_thr,sample_num
0,43594,20977,7.5936057316585135,5.93128982016238,8329659
