,f_samples,w_samples,rel_thr,abs_thr,sample_num
0,34504,19977,7329.781014852614,6342.825652675722,7028049
