,f_samples,w_samples,rel_thr,abs_thr,sample_num
0,77533,89110,6470.074094638182,9176.702564993884,21496947
