,f_samples,w_samples,rel_thr,abs_thr,sample_num
0,15932,45930,0.4393501315213939,13.050394955903839,7980198
