,f_samples,w_samples,rel_thr,abs_thr,sample_num
0,16198,75661,6248.673200438946,5498.325792144472,11849811
