,f_samples,w_samples,rel_thr,abs_thr,sample_num
0,83397,73729,1.0092346330535484,7.102892474074466,20269254
