,f_samples,w_samples,rel_thr,abs_thr,sample_num
0,43375,30159,3.2516307422780404,8.222572784972355,9485886
