,f_samples,w_samples,rel_thr,abs_thr,sample_num
0,33189,8999,1749.0159247672702,4866.419999393979,5442252
