,f_samples,w_samples,rel_thr,abs_thr,sample_num
0,73144,74662,6.527582260360793,11.928068873894535,19066974
