,f_samples,w_samples,rel_thr,abs_thr,sample_num
0,54720,71308,83.66887452761873,39.38701358940576,16257612
