,f_samples,w_samples,rel_thr,abs_thr,sample_num
0,18092,8705,7.424326599565388,12.424272651369206,3456813
