,f_samples,w_samples,rel_thr,abs_thr,sample_num
0,118796,177552,13.582778052550324,171629.46970383293,38228892
