,f_samples,w_samples,rel_thr,abs_thr,sample_num
0,42821,93031,6.1930145152953795,9.056259403972277,17524908
