,f_samples,w_samples,rel_thr,abs_thr,sample_num
0,27287,79955,1867.429338108346,4558.404789293177,13834218
