,f_samples,w_samples,rel_thr,abs_thr,sample_num
0,73937,93275,8295.937320000972,6543.823864607191,21570348
