,f_samples,w_samples,rel_thr,abs_thr,sample_num
0,95352,76910,8087.931305364259,6068.490596902706,22221798
