,f_samples,w_samples,rel_thr,abs_thr,sample_num
0,81497,52424,14.050953614692885,9.487812502938928,17275809
