,f_samples,w_samples,rel_thr,abs_thr,sample_num
0,419853,185372,13.637803100145197,123155.08078329574,78074025
