,f_samples,w_samples,rel_thr,abs_thr,sample_num
0,67006,60819,20.93541422133337,58.252096133801516,16489425
