,f_samples,w_samples,rel_thr,abs_thr,sample_num
0,16107,18008,65.07531463167196,68.80885712643149,4400835
