,f_samples,w_samples,rel_thr,abs_thr,sample_num
0,83879,68462,72.05822187477858,65.6533239792788,19651989
