,f_samples,w_samples,rel_thr,abs_thr,sample_num
0,9245,43438,6.992525112774279,8.358773006859881,6796107
