,f_samples,w_samples,rel_thr,abs_thr,sample_num
0,10290,67905,72.25927703331658,64.80597030100799,10087155
