,f_samples,w_samples,rel_thr,abs_thr,sample_num
0,40325,86876,6.373228069959406,12.127739412252167,16408929
