,f_samples,w_samples,rel_thr,abs_thr,sample_num
0,63117,16750,82.81127164990146,70.59406561275607,10302843
