,f_samples,w_samples,rel_thr,abs_thr,sample_num
0,54625,16067,77.23709191146469,47.109819236985395,9119268
