,f_samples,w_samples,rel_thr,abs_thr,sample_num
0,88815,19925,0.7379491254713759,12.864805943210815,14027460
