,f_samples,w_samples,rel_thr,abs_thr,sample_num
0,92049,12272,11.94371680316581,0.36439080414911174,13457409
