,f_samples,w_samples,rel_thr,abs_thr,sample_num
0,12615,91197,2985.497651348126,4728.922682678065,13391748
