,f_samples,w_samples,rel_thr,abs_thr,sample_num
0,57367,48765,10.34234123636559,0.24825049565291135,13691028
