,f_samples,w_samples,rel_thr,abs_thr,sample_num
0,31396,60918,17.293438615210825,93.23414170767896,11908506
