,f_samples,w_samples,rel_thr,abs_thr,sample_num
0,7940,68708,7793.8649195029175,4170.536916643148,9887592
