,f_samples,w_samples,rel_thr,abs_thr,sample_num
0,94438,17287,10.998240864927531,72.92681647115002,14412525
