,f_samples,w_samples,rel_thr,abs_thr,sample_num
0,67885,70843,13.77313957520765,9.864478825892991,17895912
