,f_samples,w_samples,rel_thr,abs_thr,sample_num
0,30340,84216,10.535546216100554,9.348335183430729,14777724
