,f_samples,w_samples,rel_thr,abs_thr,sample_num
0,94122,89254,2713.665257154252,1480.5860480489819,23655504
