,f_samples,w_samples,rel_thr,abs_thr,sample_num
0,18925,22083,95.56702345346682,84.7418805746996,5290032
