,f_samples,w_samples,rel_thr,abs_thr,sample_num
0,59345,90380,2.806582265283563,7.1178520970300845,19314525
