,f_samples,w_samples,rel_thr,abs_thr,sample_num
0,447982,219739,1.794089687361371,166550.2842727229,86136009
