,f_samples,w_samples,rel_thr,abs_thr,sample_num
0,8754,56362,1.2420348390729874,12.801486785854157,8399964
