,f_samples,w_samples,rel_thr,abs_thr,sample_num
0,93774,85670,3048.069197047826,3012.479826802756,23148276
