,f_samples,w_samples,rel_thr,abs_thr,sample_num
0,47693,61618,8.278483502926196,65.4410393423899,14101119
