,f_samples,w_samples,rel_thr,abs_thr,sample_num
0,70471,70235,62.019072752887155,9.676890964045304,18151074
