,f_samples,w_samples,rel_thr,abs_thr,sample_num
0,11370,20052,9.856379099779764,12.06437709634126,4053438
