,f_samples,w_samples,rel_thr,abs_thr,sample_num
0,28997,69633,9.983640192745568,4.918529362996817,12723270
