,f_samples,w_samples,rel_thr,abs_thr,sample_num
0,409398,164908,82.22835812301875,52.75102116695777,74085474
