,f_samples,w_samples,rel_thr,abs_thr,sample_num
0,21893,58922,6.972460124567732,5.021473772131966,10425135
