,f_samples,w_samples,rel_thr,abs_thr,sample_num
0,94052,94365,8741.678549169592,4278.885151795521,24305793
