,f_samples,w_samples,rel_thr,abs_thr,sample_num
0,18176,42658,4369.2352574292,3897.924437629585,7847586
