,f_samples,w_samples,rel_thr,abs_thr,sample_num
0,52867,160424,0.47341839544809794,39979.94605888238,27514539
