,f_samples,w_samples,rel_thr,abs_thr,sample_num
0,62960,57685,10.356852489151748,6.31594989582161,15563205
