,f_samples,w_samples,rel_thr,abs_thr,sample_num
0,75302,76638,2.7528531712263025,7.892518532742524,19600260
