,f_samples,w_samples,rel_thr,abs_thr,sample_num
0,30422,20505,11.574367907970759,11.994628689280281,6569583
