,f_samples,w_samples,rel_thr,abs_thr,sample_num
0,31085,69169,3728.067525288054,8801.685643535286,12932766
