,f_samples,w_samples,rel_thr,abs_thr,sample_num
0,92050,50896,1301.5071946690364,6061.581768558636,18440034
