,f_samples,w_samples,rel_thr,abs_thr,sample_num
0,63838,8947,7330.507804089091,7352.743761935478,9389265
