,f_samples,w_samples,rel_thr,abs_thr,sample_num
0,88382,8305,13.14160177332709,2.7730728248290633,12472623
