,f_samples,w_samples,rel_thr,abs_thr,sample_num
0,147541,51329,4.0190182697063985,195706.46798302312,25654230
