,f_samples,w_samples,rel_thr,abs_thr,sample_num
0,20527,32922,11.438493904655386,8.897307118455942,6894921
