,f_samples,w_samples,rel_thr,abs_thr,sample_num
0,90277,77891,8477.471181209237,525.2990226369315,21693672
