,f_samples,w_samples,rel_thr,abs_thr,sample_num
0,84691,47446,5.490071037920025,71.37687458865088,17045673
