,f_samples,w_samples,rel_thr,abs_thr,sample_num
0,84592,92667,4965.958153030621,8564.372591197734,22866411
