,f_samples,w_samples,rel_thr,abs_thr,sample_num
0,71333,72595,3.4709306104333493,14.0775243368967,18566712
