,f_samples,w_samples,rel_thr,abs_thr,sample_num
0,40835,86086,12.732120454105363,10.489550578991418,16372809
