,f_samples,w_samples,rel_thr,abs_thr,sample_num
0,70692,43140,-0.20214438452149253,6.0507095020000445,14684328
