,f_samples,w_samples,rel_thr,abs_thr,sample_num
0,10480,47560,21.806859430136335,10.778824455577652,7487160
