,f_samples,w_samples,rel_thr,abs_thr,sample_num
0,20250,43347,4.734749304197383,10.557897006173077,8204013
