,f_samples,w_samples,rel_thr,abs_thr,sample_num
0,80858,61918,4164.688313442874,9585.033143729566,18418104
