,f_samples,w_samples,rel_thr,abs_thr,sample_num
0,40790,92968,31.210601899814407,82.89717055727964,17254782
