,f_samples,w_samples,rel_thr,abs_thr,sample_num
0,28571,68843,12.796966107111693,3.3853756554096326,12566406
