,f_samples,w_samples,rel_thr,abs_thr,sample_num
0,5863,76848,38.79627834956555,85.54249890583992,10669719
