,f_samples,w_samples,rel_thr,abs_thr,sample_num
0,90953,72465,53.92348855626004,40.221981125309235,21080922
