,f_samples,w_samples,rel_thr,abs_thr,sample_num
0,52176,90223,24.928654235699213,69.67340454816616,18369471
