,f_samples,w_samples,rel_thr,abs_thr,sample_num
0,55255,10838,9527.421820817268,6735.8483490986,8525997
