,f_samples,w_samples,rel_thr,abs_thr,sample_num
0,61906,22955,1320.5952565122454,2748.5436639567283,10947069
