,f_samples,w_samples,rel_thr,abs_thr,sample_num
0,14763,52549,99.00283528412483,98.38160385116743,8683248
