,f_samples,w_samples,rel_thr,abs_thr,sample_num
0,130316,397987,3.4257397983053917,97475.653257749,68151087
