,f_samples,w_samples,rel_thr,abs_thr,sample_num
0,20806,92051,68.30495911951596,69.1815263648451,14558553
