,f_samples,w_samples,rel_thr,abs_thr,sample_num
0,71619,41088,5796.28685939799,782.8513930802428,14539203
