,f_samples,w_samples,rel_thr,abs_thr,sample_num
0,64258,66893,828.9225439718974,7645.626720452296,16918479
