,f_samples,w_samples,rel_thr,abs_thr,sample_num
0,161128,177603,8.311115177710176,177507.72712537178,43696299
