,f_samples,w_samples,rel_thr,abs_thr,sample_num
0,40386,70623,16.48334273910199,90.37120486620849,14320161
