,f_samples,w_samples,rel_thr,abs_thr,sample_num
0,392540,150633,11.621081615117175,73456.62648498129,70069317
