,f_samples,w_samples,rel_thr,abs_thr,sample_num
0,44376,34560,1.7224167506686303,14.442741082479335,10182744
