,f_samples,w_samples,rel_thr,abs_thr,sample_num
0,31147,72791,7103.977119259131,7062.667492116328,13408002
