,f_samples,w_samples,rel_thr,abs_thr,sample_num
0,63369,21066,14.386860497411956,1.008721135491652,10892115
