,f_samples,w_samples,rel_thr,abs_thr,sample_num
0,83641,7722,1.9419562822688654,0.10968693450900846,11785827
