,f_samples,w_samples,rel_thr,abs_thr,sample_num
0,33936,17359,2491.0948447878554,7657.488442664497,6617055
