,f_samples,w_samples,rel_thr,abs_thr,sample_num
0,40712,92903,12.462390329492965,13.692413354584223,17236335
