,f_samples,w_samples,rel_thr,abs_thr,sample_num
0,37150,59019,8.981924422263612,11.305483948381305,12405801
