,f_samples,w_samples,rel_thr,abs_thr,sample_num
0,71942,20921,9017.55861568511,8771.74330408209,11979327
