,f_samples,w_samples,rel_thr,abs_thr,sample_num
0,27710,83312,0.9739706061285922,7.616684032633215,14321838
