,f_samples,w_samples,rel_thr,abs_thr,sample_num
0,52966,47702,4859.822864435925,2093.410075056288,12986172
