,f_samples,w_samples,rel_thr,abs_thr,sample_num
0,28175,90164,8529.355762822812,2495.034934112752,15265731
