,f_samples,w_samples,rel_thr,abs_thr,sample_num
0,55002,29571,9710.464717693816,3822.527039743756,10909917
