,f_samples,w_samples,rel_thr,abs_thr,sample_num
0,36839,66207,71.55359657624415,29.569712616071097,13292934
