,f_samples,w_samples,rel_thr,abs_thr,sample_num
0,31970,54063,84.77575255822148,94.31646292684984,11098257
