,f_samples,w_samples,rel_thr,abs_thr,sample_num
0,85578,56407,2187.7915541897332,5401.372541392625,18316065
