,f_samples,w_samples,rel_thr,abs_thr,sample_num
0,44461,39398,1.1133208341848775,11.386211046932349,10817811
