,f_samples,w_samples,rel_thr,abs_thr,sample_num
0,83177,47328,1799.3156534560223,4319.479043091234,16835145
