,f_samples,w_samples,rel_thr,abs_thr,sample_num
0,61844,42862,10.76313099259717,6.743399171190147,13507074
