,f_samples,w_samples,rel_thr,abs_thr,sample_num
0,66127,40967,507.5347324015247,5625.708733747981,13815126
