,f_samples,w_samples,rel_thr,abs_thr,sample_num
0,10517,75168,7181.443373426421,4966.763278190545,11053365
