,f_samples,w_samples,rel_thr,abs_thr,sample_num
0,90586,29610,4.594083099899212,11.22151202043612,15505284
