,f_samples,w_samples,rel_thr,abs_thr,sample_num
0,94961,84805,13.825687241181134,0.9463570457842457,23189814
