,f_samples,w_samples,rel_thr,abs_thr,sample_num
0,69109,52280,9889.355717457773,8328.553347092171,15659181
