,f_samples,w_samples,rel_thr,abs_thr,sample_num
0,72852,15264,8067.8663033540415,6216.128825051269,11366964
