,f_samples,w_samples,rel_thr,abs_thr,sample_num
0,78260,91985,3267.3270449736547,1868.6068038229052,21961605
