,f_samples,w_samples,rel_thr,abs_thr,sample_num
0,94465,75253,69.54842752497564,54.20101346640771,21893622
