,f_samples,w_samples,rel_thr,abs_thr,sample_num
0,77903,6752,2.372223848933421,56.40671886136113,10920495
