,f_samples,w_samples,rel_thr,abs_thr,sample_num
0,43058,73579,96.80665647492714,49.85080461803045,15046173
