,f_samples,w_samples,rel_thr,abs_thr,sample_num
0,15547,85430,86.81267651690267,83.32591618312556,13026033
