,f_samples,w_samples,rel_thr,abs_thr,sample_num
0,89940,92493,7234.83880209982,9748.711611905963,23533857
