,f_samples,w_samples,rel_thr,abs_thr,sample_num
0,87828,25306,5338.538281303872,2031.5228203834135,14594286
