,f_samples,w_samples,rel_thr,abs_thr,sample_num
0,53105,31968,11.042742208082679,2.0441608005589513,10974417
