,f_samples,w_samples,rel_thr,abs_thr,sample_num
0,28219,40012,2.433181551921672,6.412445296625188,8801799
