,f_samples,w_samples,rel_thr,abs_thr,sample_num
0,52526,90107,9589.240274438687,3963.120309015844,18399657
