,f_samples,w_samples,rel_thr,abs_thr,sample_num
0,69644,50815,41.299845802373646,79.78514185089331,15539211
