,f_samples,w_samples,rel_thr,abs_thr,sample_num
0,50397,23658,2.538130101258419,10.586692518612713,9553095
