,f_samples,w_samples,rel_thr,abs_thr,sample_num
0,43166,75907,7.283845658645481,9.298000245784877,15360417
