,f_samples,w_samples,rel_thr,abs_thr,sample_num
0,65313,47572,8782.15485753996,7392.634403053693,14562165
