,f_samples,w_samples,rel_thr,abs_thr,sample_num
0,23899,42026,1217.7601953646395,9238.882424207965,8504325
