,f_samples,w_samples,rel_thr,abs_thr,sample_num
0,24192,47412,10.423128445614408,7.465337311566854,9236916
