,f_samples,w_samples,rel_thr,abs_thr,sample_num
0,71537,79151,9524.19251402659,4642.075916682436,19438752
