,f_samples,w_samples,rel_thr,abs_thr,sample_num
0,79935,76216,3034.221585093089,1137.8359983234766,20143479
