,f_samples,w_samples,rel_thr,abs_thr,sample_num
0,74732,38444,1.6728149627604978,0.6076190487939609,14599704
