,f_samples,w_samples,rel_thr,abs_thr,sample_num
0,52688,47054,7119.616687515052,4682.218508435228,12866718
