,f_samples,w_samples,rel_thr,abs_thr,sample_num
0,22813,9860,14.93044768011747,10.000676834600899,4214817
