,f_samples,w_samples,rel_thr,abs_thr,sample_num
0,78090,6081,31.30439642992333,87.40475149769557,10858059
