,f_samples,w_samples,rel_thr,abs_thr,sample_num
0,15703,43015,12.59374212827114,13.955963527022355,7574622
