,f_samples,w_samples,rel_thr,abs_thr,sample_num
0,67820,15927,3.8039486594619287,14.58236972926126,10803363
