,f_samples,w_samples,rel_thr,abs_thr,sample_num
0,67884,5956,25.072102128532645,36.19206640125909,9525360
