,f_samples,w_samples,rel_thr,abs_thr,sample_num
0,28618,323168,7.867473662354856,146385.23083117095,45380394
