,f_samples,w_samples,rel_thr,abs_thr,sample_num
0,389058,390467,7.991419062638897,194639.4187079562,100558725
