,f_samples,w_samples,rel_thr,abs_thr,sample_num
0,59965,62672,3542.66811934385,4262.773734320359,15820173
