,f_samples,w_samples,rel_thr,abs_thr,sample_num
0,73327,90659,3.902644820388055,143273.8109332437,21154194
