,f_samples,w_samples,rel_thr,abs_thr,sample_num
0,20134,40424,1535.034320095409,8547.50485604399,7811982
