,f_samples,w_samples,rel_thr,abs_thr,sample_num
0,18503,41193,6.923995065950328,93.62922329951184,7700784
