,f_samples,w_samples,rel_thr,abs_thr,sample_num
0,68153,73599,9039.131258635367,1019.300523404586,18286008
