,f_samples,w_samples,rel_thr,abs_thr,sample_num
0,33922,28759,3523.494946302663,5977.412476771299,8085849
