,f_samples,w_samples,rel_thr,abs_thr,sample_num
0,55924,34761,33.32205630348181,42.817318639761005,11698365
