,f_samples,w_samples,rel_thr,abs_thr,sample_num
0,38183,14681,9534.454741439016,9018.986850523299,6819456
