,f_samples,w_samples,rel_thr,abs_thr,sample_num
0,55852,47241,5175.609095027377,5949.132964238239,13298997
