,f_samples,w_samples,rel_thr,abs_thr,sample_num
0,94597,22069,5.342057042859311,10.161920879669765,15049914
