,f_samples,w_samples,rel_thr,abs_thr,sample_num
0,52663,87067,5592.191851011739,8311.632450941632,18025170
