,f_samples,w_samples,rel_thr,abs_thr,sample_num
0,64582,13368,82.63490604827012,87.52323673599804,10055550
