,f_samples,w_samples,rel_thr,abs_thr,sample_num
0,88188,14841,81.2942999764941,58.493986154119725,13290741
