,f_samples,w_samples,rel_thr,abs_thr,sample_num
0,83065,47777,960.8481941379675,8139.654202834536,16878618
