,f_samples,w_samples,rel_thr,abs_thr,sample_num
0,77854,31260,5.144427301663466,0.33592462879365514,14075706
