,f_samples,w_samples,rel_thr,abs_thr,sample_num
0,63484,51719,51.62694890318665,55.67762862973188,14861187
