,f_samples,w_samples,rel_thr,abs_thr,sample_num
0,90252,32977,1853.6160161583382,3149.680145317866,15896541
