,f_samples,w_samples,rel_thr,abs_thr,sample_num
0,8301,73912,1121.1582305930287,7816.138826262684,10605477
