,f_samples,w_samples,rel_thr,abs_thr,sample_num
0,94780,53737,80.1391805657571,14.605377201951564,19158693
