,f_samples,w_samples,rel_thr,abs_thr,sample_num
0,43118,32289,35.51721203653972,5.5488245273443315,9727503
