,f_samples,w_samples,rel_thr,abs_thr,sample_num
0,26794,16462,25.35401713248466,35.35619626280169,5580024
