,f_samples,w_samples,rel_thr,abs_thr,sample_num
0,55969,40449,57.60851298901708,10.43163035854735,12437922
