,f_samples,w_samples,rel_thr,abs_thr,sample_num
0,18930,56095,16.63236901949926,55.7903267979794,9678225
