,f_samples,w_samples,rel_thr,abs_thr,sample_num
0,35594,28428,6.2164772576992195,0.9904842485018484,8258838
