,f_samples,w_samples,rel_thr,abs_thr,sample_num
0,68297,82419,4.36217174422862,8.68948424371186,19442364
