,f_samples,w_samples,rel_thr,abs_thr,sample_num
0,10543,38798,9.03994635405625,11.436907591908675,6364989
