,f_samples,w_samples,rel_thr,abs_thr,sample_num
0,39899,53478,5.6307620901933415,3.813398259243943,12045633
