,f_samples,w_samples,rel_thr,abs_thr,sample_num
0,36413,70867,5149.988664770699,3112.9097923639138,13839120
