,f_samples,w_samples,rel_thr,abs_thr,sample_num
0,61005,40081,8.540453672783922,7.144719747551019,13040094
