,f_samples,w_samples,rel_thr,abs_thr,sample_num
0,68258,14526,0.8979098331928022,13.752857979514758,10679136
