,f_samples,w_samples,rel_thr,abs_thr,sample_num
0,44584,73495,6.1127778435013305,12.549564317351205,15232191
