,f_samples,w_samples,rel_thr,abs_thr,sample_num
0,8375,35999,14.024181786126759,6.469502444081769,5724246
