,f_samples,w_samples,rel_thr,abs_thr,sample_num
0,19081,15552,8.689386849496623,0.5580178465467772,4467657
