,f_samples,w_samples,rel_thr,abs_thr,sample_num
0,22203,76477,36.7425618005146,56.71581874747189,12729720
