,f_samples,w_samples,rel_thr,abs_thr,sample_num
0,46590,6380,42.18411129748627,7.665355938476893,6833130
