,f_samples,w_samples,rel_thr,abs_thr,sample_num
0,87343,55849,1.5957121261890848,4.044484165499871,18471768
