,f_samples,w_samples,rel_thr,abs_thr,sample_num
0,75203,91390,9957.698178505945,9763.769165548165,21490497
