,f_samples,w_samples,rel_thr,abs_thr,sample_num
0,19389,46862,9624.720232133795,1586.2502038324833,8546379
