,f_samples,w_samples,rel_thr,abs_thr,sample_num
0,45304,92962,1656.4382216974814,118.35388678144155,17836314
