,f_samples,w_samples,rel_thr,abs_thr,sample_num
0,33015,88007,55.83826173121319,20.016680189843107,15611838
