,f_samples,w_samples,rel_thr,abs_thr,sample_num
0,369372,61745,7.437186939788793,94172.01027098518,55614093
