,f_samples,w_samples,rel_thr,abs_thr,sample_num
0,68570,24724,6083.377682552964,1764.0013002902188,12034926
