,f_samples,w_samples,rel_thr,abs_thr,sample_num
0,75117,55931,96.48225841531769,63.58964258251783,16905192
