,f_samples,w_samples,rel_thr,abs_thr,sample_num
0,89999,89045,4904.655653924684,3628.1501884763466,23096676
