,f_samples,w_samples,rel_thr,abs_thr,sample_num
0,72242,80874,10.337268110929454,14.988844082676355,19751964
