,f_samples,w_samples,rel_thr,abs_thr,sample_num
0,93364,44603,7219.3648750960565,5620.082167039069,17797743
