,f_samples,w_samples,rel_thr,abs_thr,sample_num
0,58075,16136,9.564842684749403,3.8481780306503213,9573219
