,f_samples,w_samples,rel_thr,abs_thr,sample_num
0,79115,70728,94.65237707929515,16.94619890329094,19329747
