,f_samples,w_samples,rel_thr,abs_thr,sample_num
0,38497,72678,8061.318613717316,1663.8389387465447,14341575
