,f_samples,w_samples,rel_thr,abs_thr,sample_num
0,56284,6442,9.836894371426018,1.7335163459945468,8091654
