,f_samples,w_samples,rel_thr,abs_thr,sample_num
0,59926,39256,-0.8835750524358907,11.09062658607154,12794478
