,f_samples,w_samples,rel_thr,abs_thr,sample_num
0,69325,84926,94.7417458502339,25.013724570563976,19898379
