,f_samples,w_samples,rel_thr,abs_thr,sample_num
0,51166,18324,4519.676641512703,5270.611841028348,8964210
