,f_samples,w_samples,rel_thr,abs_thr,sample_num
0,14271,29812,2199.826521731378,8807.189221996521,5686707
