,f_samples,w_samples,rel_thr,abs_thr,sample_num
0,31069,79477,3155.281997062552,5977.12366885553,14260434
