,f_samples,w_samples,rel_thr,abs_thr,sample_num
0,106693,471531,1.3422240157093128,91379.00097944395,74590896
