,f_samples,w_samples,rel_thr,abs_thr,sample_num
0,69917,94345,5084.576121114624,4567.53997134122,21189798
