,f_samples,w_samples,rel_thr,abs_thr,sample_num
0,29628,33183,124.58291609004668,1053.7796421622725,8102619
