,f_samples,w_samples,rel_thr,abs_thr,sample_num
0,74287,171698,8.775176358638642,4186.835125783128,31732065
