,f_samples,w_samples,rel_thr,abs_thr,sample_num
0,83722,71603,23.251624607699046,2.72744783918496,20036925
