,f_samples,w_samples,rel_thr,abs_thr,sample_num
0,57595,69592,1.138716746963249,0.7563739471326125,16407123
