,f_samples,w_samples,rel_thr,abs_thr,sample_num
0,76727,69610,8977.847484963888,3033.8181395404627,18877473
