,f_samples,w_samples,rel_thr,abs_thr,sample_num
0,70975,51891,1857.7332370479585,6249.576239281035,15849714
