,f_samples,w_samples,rel_thr,abs_thr,sample_num
0,27689,69539,32.26153023369557,38.283662034615105,12542412
