,f_samples,w_samples,rel_thr,abs_thr,sample_num
0,44037,86835,1.3316033815633173,4.832980323644954,16882488
