,f_samples,w_samples,rel_thr,abs_thr,sample_num
0,63607,18701,8.522713386107705,64.97729886993521,10617732
