,f_samples,w_samples,rel_thr,abs_thr,sample_num
0,54112,22253,14.51346917959325,1.1113381705174197,9851085
