,f_samples,w_samples,rel_thr,abs_thr,sample_num
0,12625,66473,2575.567739750914,3276.1229537681947,10203642
