,f_samples,w_samples,rel_thr,abs_thr,sample_num
0,25189,54647,6402.060559492099,3121.8459478059544,10298844
