,f_samples,w_samples,rel_thr,abs_thr,sample_num
0,75333,16500,1703.0464234796173,4705.235644822369,11846457
