,f_samples,w_samples,rel_thr,abs_thr,sample_num
0,7613,83518,6.622219474386174,14.461196666974795,11755899
