,f_samples,w_samples,rel_thr,abs_thr,sample_num
0,54065,57939,12.867801068703157,37.98356853722859,14448516
