,f_samples,w_samples,rel_thr,abs_thr,sample_num
0,42643,31240,7.173387455529767,2.3001619630651557,9530907
