,f_samples,w_samples,rel_thr,abs_thr,sample_num
0,24644,66412,4397.2900020694515,9907.139771731028,11746224
