,f_samples,w_samples,rel_thr,abs_thr,sample_num
0,83844,42100,8.317596067111076,4.219171524266652,16246776
