,f_samples,w_samples,rel_thr,abs_thr,sample_num
0,45116,11681,90.63655074208086,62.68406113529817,7326813
