,f_samples,w_samples,rel_thr,abs_thr,sample_num
0,6870,35535,4183.541352711258,2156.0731930888765,5470245
