,f_samples,w_samples,rel_thr,abs_thr,sample_num
0,90304,30544,84.38726330784749,28.00412403610745,15589392
