,f_samples,w_samples,rel_thr,abs_thr,sample_num
0,22578,7745,3.7682375771288594,1.052466246597679,3911667
