,f_samples,w_samples,rel_thr,abs_thr,sample_num
0,23587,51427,14.72097951799047,3.52097061448791,9676806
