,f_samples,w_samples,rel_thr,abs_thr,sample_num
0,287353,421026,-0.34275607678273445,114674.42822409315,91380891
