,f_samples,w_samples,rel_thr,abs_thr,sample_num
0,12892,76041,688.2975249112259,7883.272655756674,11472357
