,f_samples,w_samples,rel_thr,abs_thr,sample_num
0,89335,16731,12.879885407618376,6.182618648003707,13682514
