,f_samples,w_samples,rel_thr,abs_thr,sample_num
0,26680,31269,11.349848587809433,4.426543997937289,7475421
