,f_samples,w_samples,rel_thr,abs_thr,sample_num
0,7989,32172,84.36000758229255,35.97335548944177,5180769
