,f_samples,w_samples,rel_thr,abs_thr,sample_num
0,202214,125663,13.765075145662967,93641.28466355352,42296133
