,f_samples,w_samples,rel_thr,abs_thr,sample_num
0,84068,22888,11.344268268694801,4.652610213173672,13797324
