,f_samples,w_samples,rel_thr,abs_thr,sample_num
0,64904,59197,2106.2060673046076,1823.1740151301524,16009029
