,window_length,band_length,sample_num,adv_ber,legit_ber
0,44578,9694,5750562,50.04595588235294,0.09191176470588236
