,f_samples,w_samples,rel_thr,abs_thr,sample_num
0,76880,19558,6405.610433311605,9326.472193565833,12440502
