,f_samples,w_samples,rel_thr,abs_thr,sample_num
0,24562,41651,6127.915960780675,4379.807940774542,8541477
