,f_samples,w_samples,rel_thr,abs_thr,sample_num
0,43546,49166,3.749759945457143,9.294710463843458,11959848
