,f_samples,w_samples,rel_thr,abs_thr,sample_num
0,83516,9981,14.696845844259103,1.8619796998170353,12061113
