,f_samples,w_samples,rel_thr,abs_thr,sample_num
0,80029,80949,17.375182529119993,92.65138824252752,20766162
