,f_samples,w_samples,rel_thr,abs_thr,sample_num
0,81940,41876,7.468917211368828,14.36358382451774,15972264
