,f_samples,w_samples,rel_thr,abs_thr,sample_num
0,8305,65355,1.7482699091841738,13.571446360826828,9502140
