,f_samples,w_samples,rel_thr,abs_thr,sample_num
0,61467,69632,9945.055105707497,415.89334690707136,16911771
