,f_samples,w_samples,rel_thr,abs_thr,sample_num
0,79095,69076,5786.104327960432,7312.887962156566,19114059
