,f_samples,w_samples,rel_thr,abs_thr,sample_num
0,63799,44228,12.439192388873558,64.3576924479059,13935483
