,f_samples,w_samples,rel_thr,abs_thr,sample_num
0,66418,33303,9806.249721205344,7878.352297908618,12864009
