,f_samples,w_samples,rel_thr,abs_thr,sample_num
0,10031,20773,5960.426076580486,6777.435044678469,3973716
