,f_samples,w_samples,rel_thr,abs_thr,sample_num
0,7109,95841,11.128186030760535,1.6913621307124638,13280550
