,f_samples,w_samples,rel_thr,abs_thr,sample_num
0,20250,18604,11.448451361228958,11.398188011078648,5012166
