,f_samples,w_samples,rel_thr,abs_thr,sample_num
0,17575,93882,5142.421527783479,8927.98273008116,14377953
