,f_samples,w_samples,rel_thr,abs_thr,sample_num
0,77455,26053,8.532562899218975,10.685177132472825,13352532
