,f_samples,w_samples,rel_thr,abs_thr,sample_num
0,34215,25845,84.65304442010603,26.31277699110167,7747740
