,f_samples,w_samples,rel_thr,abs_thr,sample_num
0,49291,12275,1.809813767104865,0.9677206115421444,7942014
