,f_samples,w_samples,rel_thr,abs_thr,sample_num
0,56382,68653,5471.802218336732,8013.805788882556,16129515
