,f_samples,w_samples,rel_thr,abs_thr,sample_num
0,67409,88539,5.33970608447725,1.5168756377476051,20117292
