,f_samples,w_samples,rel_thr,abs_thr,sample_num
0,59149,94645,1.786556893727484,1.1036424578182684,19839426
