,f_samples,w_samples,rel_thr,abs_thr,sample_num
0,68727,93192,3.3903278122878717,6.158404664056794,20887551
