,f_samples,w_samples,rel_thr,abs_thr,sample_num
0,20104,20247,55.922541666701456,51.321814813704535,5205279
