,f_samples,w_samples,rel_thr,abs_thr,sample_num
0,40281,7605,1.782681445444119,13.345965171090171,6177294
