,f_samples,w_samples,rel_thr,abs_thr,sample_num
0,20996,84382,1215.2710829201926,9122.900937415483,13593762
