,f_samples,w_samples,rel_thr,abs_thr,sample_num
0,30622,14242,43.88490722199188,74.95328317105978,5787456
