,f_samples,w_samples,rel_thr,abs_thr,sample_num
0,95803,68662,6109.5961970521785,1565.9022622015484,21215985
