,f_samples,w_samples,rel_thr,abs_thr,sample_num
0,12922,63566,7025.481125711848,5159.804475302174,9866952
