,f_samples,w_samples,rel_thr,abs_thr,sample_num
0,12015,73257,12.001405432260578,13.123651304409996,11000088
