,f_samples,w_samples,rel_thr,abs_thr,sample_num
0,44183,41717,0.6070892250289468,0.776984295324426,11081100
