,f_samples,w_samples,rel_thr,abs_thr,sample_num
0,38672,17742,10.137602196312853,6.41305326069612,7277406
