,f_samples,w_samples,rel_thr,abs_thr,sample_num
0,41205,40913,7.979843813197627,2.33581015722803,10593222
