,f_samples,w_samples,rel_thr,abs_thr,sample_num
0,92387,89946,1066.8525670998968,2786.707400341529,23520957
