,f_samples,w_samples,rel_thr,abs_thr,sample_num
0,70726,27858,14.375285752963519,8.73693637079158,12717336
