,f_samples,w_samples,rel_thr,abs_thr,sample_num
0,195036,237266,5.709231213957402,39314.274720428984,55766958
