,f_samples,w_samples,rel_thr,abs_thr,sample_num
0,72259,36630,3856.794691002901,653.8017981432354,14046681
