,f_samples,w_samples,rel_thr,abs_thr,sample_num
0,87697,20754,7946.817770142317,1762.5783306814324,13990179
