,f_samples,w_samples,rel_thr,abs_thr,sample_num
0,71256,36013,6182.5787864364165,8928.865233667295,13837701
