,f_samples,w_samples,rel_thr,abs_thr,sample_num
0,71125,26982,8.758167973259312,8.004080489528645,12655803
