,f_samples,w_samples,rel_thr,abs_thr,sample_num
0,65032,34631,6854.350001474557,1629.652852236112,12856527
