,f_samples,w_samples,rel_thr,abs_thr,sample_num
0,67763,80517,13.819003821742351,1.8472584880208727,19128120
