,f_samples,w_samples,rel_thr,abs_thr,sample_num
0,72803,94655,9450.95978517186,5855.118102635581,21602082
