,f_samples,w_samples,rel_thr,abs_thr,sample_num
0,38641,91288,1.5956133727103623,12.749388566912193,16760841
