,f_samples,w_samples,rel_thr,abs_thr,sample_num
0,84072,35158,11.97435841628736,10.000012141991222,15380670
