,f_samples,w_samples,rel_thr,abs_thr,sample_num
0,90461,51885,24.505790166520832,41.23582923650538,18362634
