,f_samples,w_samples,rel_thr,abs_thr,sample_num
0,317340,110177,70.26834379506498,20.138741455196886,55149693
