,f_samples,w_samples,rel_thr,abs_thr,sample_num
0,95788,93057,6.14268127804845,6.190258438915112,24361005
