,f_samples,w_samples,rel_thr,abs_thr,sample_num
0,21712,25681,5.70515283358076,66.818902210011,6113697
