,f_samples,w_samples,rel_thr,abs_thr,sample_num
0,17899,34531,2842.3311235337997,1064.4295604240394,6763470
