,f_samples,w_samples,rel_thr,abs_thr,sample_num
0,81917,39813,13.354416961720778,10.238992667974848,15703170
