,f_samples,w_samples,rel_thr,abs_thr,sample_num
0,52617,15492,7.558216748608668,0.9059752691813205,8786061
