,f_samples,w_samples,rel_thr,abs_thr,sample_num
0,56225,34173,7221.325640374068,9404.733998951891,11661342
