,f_samples,w_samples,rel_thr,abs_thr,sample_num
0,41978,44189,933.876128554976,7527.0082549421295,11115543
