,f_samples,w_samples,rel_thr,abs_thr,sample_num
0,54496,27629,8978.549594448794,2137.129588494976,10594125
