,f_samples,w_samples,rel_thr,abs_thr,sample_num
0,36489,79167,16.80928234534806,81.63588130778273,14919624
