,f_samples,w_samples,rel_thr,abs_thr,sample_num
0,72422,95966,812.9116400186905,3278.9474350067903,21722052
