,f_samples,w_samples,rel_thr,abs_thr,sample_num
0,53509,14180,13.879305042911295,2.9896347025104566,8731881
