,f_samples,w_samples,rel_thr,abs_thr,sample_num
0,159808,198600,14.395146417900573,2778.736572586449,46234632
