,f_samples,w_samples,rel_thr,abs_thr,sample_num
0,22029,28051,13.41400561162921,4.369665537692219,6460320
