,f_samples,w_samples,rel_thr,abs_thr,sample_num
0,6088,62412,0.04174344268925978,12.393608247029366,8836500
