,f_samples,w_samples,rel_thr,abs_thr,sample_num
0,105871,81438,12.705846335791676,123483.22291311901,24162861
