,f_samples,w_samples,rel_thr,abs_thr,sample_num
0,25613,33197,12.100451742006602,10.395178459832298,7586490
