,f_samples,w_samples,rel_thr,abs_thr,sample_num
0,13035,60138,4157.260695041593,4019.284195539392,9439317
