,f_samples,w_samples,rel_thr,abs_thr,sample_num
0,93356,11506,8092.976080553836,7143.4283455043305,13527198
