,f_samples,w_samples,rel_thr,abs_thr,sample_num
0,14733,7697,85.7494483924862,14.776643264306244,2893470
