,f_samples,w_samples,rel_thr,abs_thr,sample_num
0,30541,81475,34.74113374079418,35.306392951987775,14450064
