,f_samples,w_samples,rel_thr,abs_thr,sample_num
0,72021,85881,87.56275557508613,37.32508395836555,20369358
