,f_samples,w_samples,rel_thr,abs_thr,sample_num
0,81662,49687,7238.067915998853,606.9587345053851,16944021
