,f_samples,w_samples,rel_thr,abs_thr,sample_num
0,85542,73958,4.299829054017268,14.748446910352001,20575500
