,f_samples,w_samples,rel_thr,abs_thr,sample_num
0,91622,75200,11.29718366094434,3.619983009809963,21520038
