,f_samples,w_samples,rel_thr,abs_thr,sample_num
0,67821,69163,7.658206107580176,5.061929201213557,17670936
