,f_samples,w_samples,rel_thr,abs_thr,sample_num
0,74245,69166,6803.259874865175,6720.429334269923,18500019
