,f_samples,w_samples,rel_thr,abs_thr,sample_num
0,275493,338836,21.14464790270049,11.272902185168165,79248441
