,f_samples,w_samples,rel_thr,abs_thr,sample_num
0,8908,62456,10.060523764897185,7.93836304924104,9205956
