,f_samples,w_samples,rel_thr,abs_thr,sample_num
0,25504,41781,13.929265228631511,3.1497622153695906,8679765
