,f_samples,w_samples,rel_thr,abs_thr,sample_num
0,77547,82155,11.709640929435754,13.09054583254116,20601558
