,f_samples,w_samples,rel_thr,abs_thr,sample_num
0,12103,89695,6947.283484270213,3583.440510750565,13131942
