,f_samples,w_samples,rel_thr,abs_thr,sample_num
0,63656,72454,602.6288594234214,6439.144428200382,17558190
