,f_samples,w_samples,rel_thr,abs_thr,sample_num
0,33961,84664,12.441044643010134,2.744994182778826,15302625
