,f_samples,w_samples,rel_thr,abs_thr,sample_num
0,35926,48847,4442.534509096102,9850.738762484469,10935717
