,f_samples,w_samples,rel_thr,abs_thr,sample_num
0,6158,49482,8210.491365004367,2620.3601779055484,7177560
