,f_samples,w_samples,rel_thr,abs_thr,sample_num
0,90550,57262,7.402202320362461,4.194727722493285,19067748
