,f_samples,w_samples,rel_thr,abs_thr,sample_num
0,45356,18207,8081.055721059323,6324.195972837754,8199627
