,f_samples,w_samples,rel_thr,abs_thr,sample_num
0,28186,75488,2925.6596707026806,9176.507804330246,13373946
