,f_samples,w_samples,rel_thr,abs_thr,sample_num
0,68520,44541,1332.6661443252715,8623.464056706098,14584869
