,f_samples,w_samples,rel_thr,abs_thr,sample_num
0,23120,48327,65.88828265880025,93.8387579451271,9216663
