,f_samples,w_samples,rel_thr,abs_thr,sample_num
0,63019,93380,13.9978407718756,4.8154525169379205,20175471
