,f_samples,w_samples,rel_thr,abs_thr,sample_num
0,8965,58911,8.734569651749228,2.3628151611627235,8756004
