,f_samples,w_samples,rel_thr,abs_thr,sample_num
0,68996,86662,11.004041086019559,14.363982762575247,20079882
