,f_samples,w_samples,rel_thr,abs_thr,sample_num
0,92934,37216,14.252033909551546,12.261075060065064,16789350
