,f_samples,w_samples,rel_thr,abs_thr,sample_num
0,77307,36501,7.489766452214953,5.244076464127364,14681232
