,f_samples,w_samples,rel_thr,abs_thr,sample_num
0,51953,88242,7.147992699228901,3.135667230916442,18085155
