,f_samples,w_samples,rel_thr,abs_thr,sample_num
0,48780,290456,1.8273684885215271,105049.14400446408,43761444
