,f_samples,w_samples,rel_thr,abs_thr,sample_num
0,22335,10723,13.547115175211147,14.516800250964986,4264482
