,f_samples,w_samples,rel_thr,abs_thr,sample_num
0,26796,8838,9436.388032140485,3308.3684393746817,4596786
