,f_samples,w_samples,rel_thr,abs_thr,sample_num
0,89006,15966,2.7653131864628655,7.160690921091267,13541388
