,f_samples,w_samples,rel_thr,abs_thr,sample_num
0,62271,165774,50.585540629001606,40.01966135635726,29417805
