,f_samples,w_samples,rel_thr,abs_thr,sample_num
0,35276,42551,11.676405860243916,70.58024454497136,10039683
