,f_samples,w_samples,rel_thr,abs_thr,sample_num
0,76126,39812,12.531057545831079,2.9880833990691116,14956002
