,f_samples,w_samples,rel_thr,abs_thr,sample_num
0,72667,89835,35.88446653433373,96.88488863458097,20962758
