,f_samples,w_samples,rel_thr,abs_thr,sample_num
0,27023,93689,5498.721654873124,9747.028745668733,15571848
