,f_samples,w_samples,rel_thr,abs_thr,sample_num
0,45881,45647,7713.121288341405,9633.242276479165,11807112
