,f_samples,w_samples,rel_thr,abs_thr,sample_num
0,71676,88246,83.41801659074326,79.59382421221501,20629938
