,f_samples,w_samples,rel_thr,abs_thr,sample_num
0,93186,24725,1.942151324572535,2.3538686471416552,15210519
