,f_samples,w_samples,rel_thr,abs_thr,sample_num
0,46458,38166,523.3633279059252,9648.688338657432,10916496
