,f_samples,w_samples,rel_thr,abs_thr,sample_num
0,59217,68468,1.264838141228056,1.632254633953546,16471365
