,f_samples,w_samples,rel_thr,abs_thr,sample_num
0,87413,13773,2950.985097636911,6083.220940779885,13052994
