,f_samples,w_samples,rel_thr,abs_thr,sample_num
0,67821,68526,12.387936326434978,10.390561635951132,17588763
