,f_samples,w_samples,rel_thr,abs_thr,sample_num
0,7284,68837,12.20154746587829,10.958273455579551,9819609
