,f_samples,w_samples,rel_thr,abs_thr,sample_num
0,445982,318319,10.36741593894949,25884.180022992132,98594829
