,f_samples,w_samples,rel_thr,abs_thr,sample_num
0,17928,69767,89.07857940850622,26.596005438821468,11312655
