,f_samples,w_samples,rel_thr,abs_thr,sample_num
0,94737,56002,5505.53547345818,8323.545208023625,19445331
