,f_samples,w_samples,rel_thr,abs_thr,sample_num
0,55885,70508,1026.554801999278,6482.548909049451,16304697
