,f_samples,w_samples,rel_thr,abs_thr,sample_num
0,33242,50218,91.26476434853753,59.21497816868688,10766340
