,f_samples,w_samples,rel_thr,abs_thr,sample_num
0,5111,58746,5.486471060038948,11.916634482491114,8237553
