,f_samples,w_samples,rel_thr,abs_thr,sample_num
0,88511,44647,4384.218939738125,6042.662333691694,17177382
