,f_samples,w_samples,rel_thr,abs_thr,sample_num
0,8768,79829,5.361594964817355,8.186156384039947,11429013
