,f_samples,w_samples,rel_thr,abs_thr,sample_num
0,59626,80500,11.390374460530095,14.466271423037963,18076254
