,f_samples,w_samples,rel_thr,abs_thr,sample_num
0,70209,57591,8.065188691635838,14.70931759317129,16486200
