,f_samples,w_samples,rel_thr,abs_thr,sample_num
0,81188,45295,3874.3722367518267,5470.693209863152,16316307
