,f_samples,w_samples,rel_thr,abs_thr,sample_num
0,17489,95459,52.43308976686006,32.38522548594953,14570292
