,f_samples,w_samples,rel_thr,abs_thr,sample_num
0,82150,67195,19.00117094882389,23.83648171584163,19265505
