,f_samples,w_samples,rel_thr,abs_thr,sample_num
0,62910,87452,5356.6180824170615,8942.23622458306,19396698
