,f_samples,w_samples,rel_thr,abs_thr,sample_num
0,15450,14120,4224.527206294153,1211.6104660117776,3814530
