,f_samples,w_samples,rel_thr,abs_thr,sample_num
0,28587,77166,1.9644652153421296,36.26349440301356,13642137
