,f_samples,w_samples,rel_thr,abs_thr,sample_num
0,36590,27755,0.47089819923885123,12.260588296885045,8300505
