,f_samples,w_samples,rel_thr,abs_thr,sample_num
0,6077,5582,14.474843378255455,0.24681511477755935,1504011
