,f_samples,w_samples,rel_thr,abs_thr,sample_num
0,57322,80059,-0.7363914088992924,14.512948172190562,17722149
