,f_samples,w_samples,rel_thr,abs_thr,sample_num
0,93770,54215,8981.0483873731,9804.55759647335,19090065
