,f_samples,w_samples,rel_thr,abs_thr,sample_num
0,40440,47857,52.39689739148528,86.93082256926814,11390313
