,f_samples,w_samples,rel_thr,abs_thr,sample_num
0,93009,48835,855.0756497231491,1051.220041071066,18297876
