,f_samples,w_samples,rel_thr,abs_thr,sample_num
0,15222,88295,44.10227527137221,12.840885568965243,13353693
