,f_samples,w_samples,rel_thr,abs_thr,sample_num
0,5653,45821,5982.54976209853,5044.643507760883,6640146
