,f_samples,w_samples,rel_thr,abs_thr,sample_num
0,83046,37228,9.703008807403503,6.024342605002254,15515346
