,f_samples,w_samples,rel_thr,abs_thr,sample_num
0,8640,25696,7581.239363432182,6686.464176711331,4429344
