,f_samples,w_samples,rel_thr,abs_thr,sample_num
0,10054,94000,12.610409352078976,9.76801957961493,13422966
