,f_samples,w_samples,rel_thr,abs_thr,sample_num
0,52616,54377,7.238843779409384,10.883059813604628,13802097
