,f_samples,w_samples,rel_thr,abs_thr,sample_num
0,40122,19725,1.340183405471878,9.497167360662853,7720263
