,f_samples,w_samples,rel_thr,abs_thr,sample_num
0,82144,28632,26.91011909023368,48.44011835552372,14290104
