,f_samples,w_samples,rel_thr,abs_thr,sample_num
0,357637,144995,12.912980061599184,55430.46199058841,64839528
