,f_samples,w_samples,rel_thr,abs_thr,sample_num
0,26539,77655,11.5026339166488,5.461097659956559,13441026
