,f_samples,w_samples,rel_thr,abs_thr,sample_num
0,13309,73635,6248.656827183939,7185.282840828022,11215776
