,f_samples,w_samples,rel_thr,abs_thr,sample_num
0,73145,27010,1184.849848820773,1055.1353824024868,12919995
