,f_samples,w_samples,rel_thr,abs_thr,sample_num
0,44184,95554,4.422332266849963,9.614298929322846,18026202
