,f_samples,w_samples,rel_thr,abs_thr,sample_num
0,135815,225304,29.704997570993054,7.186766295655933,46584351
