,f_samples,w_samples,rel_thr,abs_thr,sample_num
0,459585,219410,5.306920368130871,180555.94249702635,87590355
