,f_samples,w_samples,rel_thr,abs_thr,sample_num
0,39528,95755,3635.6529881818215,1344.6665235635912,17451507
