,f_samples,w_samples,rel_thr,abs_thr,sample_num
0,80980,34707,1.2194827521866318,89.33511941442586,14923623
