,f_samples,w_samples,rel_thr,abs_thr,sample_num
0,39168,63935,71.78055620337985,2.8685628292231535,13300287
