,f_samples,w_samples,rel_thr,abs_thr,sample_num
0,83060,54965,12.816266053701925,14.222772020272147,17805225
