,f_samples,w_samples,rel_thr,abs_thr,sample_num
0,36688,54263,3.904084707923557,11.656587673700372,11732679
