,f_samples,w_samples,rel_thr,abs_thr,sample_num
0,11482,85381,6.648510677620198,8.714657707229073,12495327
