,f_samples,w_samples,rel_thr,abs_thr,sample_num
0,61235,60492,10.325046440707343,0.9994337427825539,15702783
