,f_samples,w_samples,rel_thr,abs_thr,sample_num
0,89862,73046,10.364936603108983,9.649020960006427,21015132
