,f_samples,w_samples,rel_thr,abs_thr,sample_num
0,93408,78460,7.444810778185985,12.850536658384181,22170972
