,f_samples,w_samples,rel_thr,abs_thr,sample_num
0,85726,20434,5.814595487065187,11.885561957315534,13694640
