,f_samples,w_samples,rel_thr,abs_thr,sample_num
0,73749,30856,0.6462448907845919,16.071495293771733,13494045
