,f_samples,w_samples,rel_thr,abs_thr,sample_num
0,88978,36411,0.6661967103807047,11.94429758931529,16175181
