,f_samples,w_samples,rel_thr,abs_thr,sample_num
0,14760,68415,9.985277048236407,13.159081268458813,10729575
