,f_samples,w_samples,rel_thr,abs_thr,sample_num
0,82576,85724,9060.377764532885,7088.703407274921,21710700
