,f_samples,w_samples,rel_thr,abs_thr,sample_num
0,27567,24752,17.16208391217836,83.9645229828014,6749151
