,f_samples,w_samples,rel_thr,abs_thr,sample_num
0,74614,23785,6.047865821639215,9.47185942087594,12693471
