,f_samples,w_samples,rel_thr,abs_thr,sample_num
0,72705,20295,3.179132301788659,2.432496033760355,11997000
