,f_samples,w_samples,rel_thr,abs_thr,sample_num
0,325694,74395,68.23180457639924,87.05554693496178,51611481
