,f_samples,w_samples,rel_thr,abs_thr,sample_num
0,63243,44018,3295.892961419893,25.811902899066652,13836669
