,f_samples,w_samples,rel_thr,abs_thr,sample_num
0,30822,19524,35.65041825793278,46.089489395978674,6494634
