,f_samples,w_samples,rel_thr,abs_thr,sample_num
0,84483,36669,2843.4424736206774,7068.560623191113,15628608
