,f_samples,w_samples,rel_thr,abs_thr,sample_num
0,92258,86437,11.218647833901887,3.4592596132226,23051655
