,f_samples,w_samples,rel_thr,abs_thr,sample_num
0,88076,8326,6690.421693846801,1364.1827192623102,12435858
