,f_samples,w_samples,rel_thr,abs_thr,sample_num
0,54188,15108,11.041321759914908,11.467083547271576,8939184
