,f_samples,w_samples,rel_thr,abs_thr,sample_num
0,57936,22642,7132.23784328265,9458.019826484448,10394562
