,f_samples,w_samples,rel_thr,abs_thr,sample_num
0,62673,28264,14.526515064163334,8.548378479287816,11730873
