,f_samples,w_samples,rel_thr,abs_thr,sample_num
0,40577,61496,3.9355211377496904,8.891387685988473,13167417
