,f_samples,w_samples,rel_thr,abs_thr,sample_num
0,24854,54896,2.4349765907153813,8.740131141414139,10287750
