,f_samples,w_samples,rel_thr,abs_thr,sample_num
0,49876,32965,13.399598609821375,1.0626428191691089,10686489
