,f_samples,w_samples,rel_thr,abs_thr,sample_num
0,46389,29567,0.5272832814951158,11.725156960402224,9798324
