,f_samples,w_samples,rel_thr,abs_thr,sample_num
0,42684,84762,4103.762365534283,4974.010882875642,16440534
