,f_samples,w_samples,rel_thr,abs_thr,sample_num
0,71357,15454,5750.1536604971725,292.6909471483441,11198619
