,f_samples,w_samples,rel_thr,abs_thr,sample_num
0,62410,93343,39.31001876135684,16.753245499669323,20092137
