,f_samples,w_samples,rel_thr,abs_thr,sample_num
0,85764,17814,3719.2614376243846,9074.654469984436,13361562
