,f_samples,w_samples,rel_thr,abs_thr,sample_num
0,12083,453625,11.43258866379892,100131.79027476719,60076332
