,f_samples,w_samples,rel_thr,abs_thr,sample_num
0,87443,95373,42.7731928914385,38.863684964966225,23583264
