,f_samples,w_samples,rel_thr,abs_thr,sample_num
0,68674,9250,1.818278323189098,0.6460588589812477,10052196
