,f_samples,w_samples,rel_thr,abs_thr,sample_num
0,48181,63021,5.176214930083857,4.431988958516056,14345058
