,f_samples,w_samples,rel_thr,abs_thr,sample_num
0,5195,19627,1526.3204315363876,5915.66073332779,3202038
