,f_samples,w_samples,rel_thr,abs_thr,sample_num
0,44797,45138,5452.4785520362075,3369.111021067981,11601615
