,f_samples,w_samples,rel_thr,abs_thr,sample_num
0,80609,17620,2166.3555127591503,7199.639291095481,12671541
