,f_samples,w_samples,rel_thr,abs_thr,sample_num
0,32366,69757,72.51972379764047,42.80816691694503,13173867
