,f_samples,w_samples,rel_thr,abs_thr,sample_num
0,88198,56719,4840.880979330964,4869.733744817455,18694293
