,f_samples,w_samples,rel_thr,abs_thr,sample_num
0,14954,6318,5.9908210420773695,7.586077872374519,2744088
