,f_samples,w_samples,rel_thr,abs_thr,sample_num
0,55294,80692,5284.103520106051,7734.230917815384,17542194
