,f_samples,w_samples,rel_thr,abs_thr,sample_num
0,47560,30462,2.481486251354289,2.2305035497153507,10064838
