,f_samples,w_samples,rel_thr,abs_thr,sample_num
0,24302,62753,1129.7509880968944,136.21699896648965,11230095
