,f_samples,w_samples,rel_thr,abs_thr,sample_num
0,84710,57203,12.812594024400445,0.28796511924245094,18306777
