,f_samples,w_samples,rel_thr,abs_thr,sample_num
0,94293,45448,3745.3549013693864,6215.292132308836,18026589
