,f_samples,w_samples,rel_thr,abs_thr,sample_num
0,80629,83587,1471.311901349518,9092.960095563725,21183864
