,f_samples,w_samples,rel_thr,abs_thr,sample_num
0,60383,78981,691.9227459018946,7116.556432063566,17977956
