,f_samples,w_samples,rel_thr,abs_thr,sample_num
0,78788,93129,-0.3518943470719904,7.14570044160224,22177293
