,f_samples,w_samples,rel_thr,abs_thr,sample_num
0,6095,7922,12.01775221559172,13.905079203396907,1808193
