,f_samples,w_samples,rel_thr,abs_thr,sample_num
0,75935,20885,5013.887071924022,6122.827757046274,12489780
