,f_samples,w_samples,rel_thr,abs_thr,sample_num
0,24049,35200,-0.9562104740575172,10.9364007780968,7643121
