,f_samples,w_samples,rel_thr,abs_thr,sample_num
0,24124,5438,17.97419717220856,43.309587764493486,3813498
