,f_samples,w_samples,rel_thr,abs_thr,sample_num
0,87709,16551,91.54606931899254,99.81210099347696,13449540
