,f_samples,w_samples,rel_thr,abs_thr,sample_num
0,15590,88625,1990.9071878561242,674.4498027763068,13443735
