,f_samples,w_samples,rel_thr,abs_thr,sample_num
0,65714,39312,2.11754384229803,2.996945226707766,13548354
