,f_samples,w_samples,rel_thr,abs_thr,sample_num
0,23600,49002,70.61872461941229,12.150829570667376,9365658
