,f_samples,w_samples,rel_thr,abs_thr,sample_num
0,17458,94536,5.659148380574562,5.188596092900512,14447226
