,f_samples,w_samples,rel_thr,abs_thr,sample_num
0,36350,61577,577.2022539904043,5729.34042181582,12632583
