,f_samples,w_samples,rel_thr,abs_thr,sample_num
0,91023,89947,6798.958457041491,877.3029975465107,23345130
