,f_samples,w_samples,rel_thr,abs_thr,sample_num
0,61212,36149,1794.5154777175942,336.4820050279094,12559569
