,f_samples,w_samples,rel_thr,abs_thr,sample_num
0,53625,52860,9.906050261019958,5.818636191984004,13736565
