,f_samples,w_samples,rel_thr,abs_thr,sample_num
0,87646,8136,14.974857599108265,13.629129423174456,12355878
