,f_samples,w_samples,rel_thr,abs_thr,sample_num
0,52370,37555,9832.866770896722,1739.6539091563202,11600325
