,f_samples,w_samples,rel_thr,abs_thr,sample_num
0,10626,71773,2555.0352864334996,3580.673776998751,10629471
