,f_samples,w_samples,rel_thr,abs_thr,sample_num
0,62261,17267,3390.1551807155483,5198.067157455966,10259112
