,f_samples,w_samples,rel_thr,abs_thr,sample_num
0,24476,54153,1407.4647292608647,5215.243102056717,10143141
