,f_samples,w_samples,rel_thr,abs_thr,sample_num
0,52407,30378,1.0568192862497714,6.955111119411349,10679265
