,f_samples,w_samples,rel_thr,abs_thr,sample_num
0,77522,39005,10.614762467925605,5.134001403165468,15031983
