,f_samples,w_samples,rel_thr,abs_thr,sample_num
0,311340,283552,14.321094846397921,106863.37826419037,76741068
