,f_samples,w_samples,rel_thr,abs_thr,sample_num
0,24194,73878,5.05806630594935,9.38688952677374,12651288
