,f_samples,w_samples,rel_thr,abs_thr,sample_num
0,18846,76988,5733.234662012176,7830.494034978456,12362586
