,f_samples,w_samples,rel_thr,abs_thr,sample_num
0,63705,13867,12.373560238351745,35.74161294213418,10006788
