,f_samples,w_samples,rel_thr,abs_thr,sample_num
0,82609,90837,5644.641717242129,2715.12680653334,22374534
