,f_samples,w_samples,rel_thr,abs_thr,sample_num
0,54869,72545,56.05898936019562,43.350638563671815,16436406
