,f_samples,w_samples,rel_thr,abs_thr,sample_num
0,8604,79384,-0.6181659303795435,8.374028812447653,11350452
