,f_samples,w_samples,rel_thr,abs_thr,sample_num
0,48586,24964,6468.03486665453,1648.4670552780833,9487950
