,f_samples,w_samples,rel_thr,abs_thr,sample_num
0,27002,32097,7536.271279913582,8121.6380948609885,7623771
