,f_samples,w_samples,rel_thr,abs_thr,sample_num
0,36801,56431,88.46795332919562,34.60217274732571,12026928
