,f_samples,w_samples,rel_thr,abs_thr,sample_num
0,84026,75662,11.12547161421812,3.490969317587125,20599752
