,f_samples,w_samples,rel_thr,abs_thr,sample_num
0,71384,39267,96.51955698044125,62.49743407311929,14273979
