,f_samples,w_samples,rel_thr,abs_thr,sample_num
0,43165,78690,14.88991179786723,4.216887614227079,15719295
