,f_samples,w_samples,rel_thr,abs_thr,sample_num
0,23825,29682,0.3564896544135827,2.8886607639811857,6902403
