,f_samples,w_samples,rel_thr,abs_thr,sample_num
0,80401,54637,848.9669983071105,7617.268942479103,17419902
