,f_samples,w_samples,rel_thr,abs_thr,sample_num
0,91866,86452,8327.586383761465,8266.877323771954,23003022
