,f_samples,w_samples,rel_thr,abs_thr,sample_num
0,59320,23584,8242.482294213718,1085.1289694338761,10694616
