,f_samples,w_samples,rel_thr,abs_thr,sample_num
0,73310,31384,38.548841894483665,3.7526375226780706,13505526
