,f_samples,w_samples,rel_thr,abs_thr,sample_num
0,67074,51200,2847.8540830157876,1381.759659419004,15257346
