,f_samples,w_samples,rel_thr,abs_thr,sample_num
0,80550,39402,2.319787998178379,0.4847546392493779,15473808
