,f_samples,w_samples,rel_thr,abs_thr,sample_num
0,80006,57885,64.32074190759458,45.47893958937578,17787939
