,f_samples,w_samples,rel_thr,abs_thr,sample_num
0,92503,39644,4.97392632944668,8.917560625837382,17046963
