,f_samples,w_samples,rel_thr,abs_thr,sample_num
0,72585,52694,-0.059071834758865904,14.593572392793,16160991
