,f_samples,w_samples,rel_thr,abs_thr,sample_num
0,42724,31348,1471.540514003387,378.2536745852694,9555288
