,f_samples,w_samples,rel_thr,abs_thr,sample_num
0,76513,19612,3085.1688534848486,4240.824992438894,12400125
