,f_samples,w_samples,rel_thr,abs_thr,sample_num
0,45273,29324,8362.157831299708,9329.66325139162,9623013
