,f_samples,w_samples,rel_thr,abs_thr,sample_num
0,61791,78142,8.833025011904192,1.5331595056348712,18051357
