,f_samples,w_samples,rel_thr,abs_thr,sample_num
0,19253,63138,4718.568996549051,4604.264837210069,10628439
