,f_samples,w_samples,rel_thr,abs_thr,sample_num
0,94015,27948,12.939480224597322,3.947205295544258,15733227
