,f_samples,w_samples,rel_thr,abs_thr,sample_num
0,88063,74778,1.2191957033811782,7.873889396788423,21006489
