,f_samples,w_samples,rel_thr,abs_thr,sample_num
0,7591,22740,1516.7738394581118,3377.6493844899414,3912699
