,f_samples,w_samples,rel_thr,abs_thr,sample_num
0,78138,50401,2383.794140557095,4922.731001944255,16581531
