,f_samples,w_samples,rel_thr,abs_thr,sample_num
0,71951,25438,6543.765944310361,8260.01464605356,12563181
