,f_samples,w_samples,rel_thr,abs_thr,sample_num
0,64645,39781,0.5543732875189082,14.027033418863283,13470954
