,f_samples,w_samples,rel_thr,abs_thr,sample_num
0,26171,16095,1.7794006825538258,12.630193608986227,5452314
