,f_samples,w_samples,rel_thr,abs_thr,sample_num
0,10550,46149,9728.7877944662,2214.596876319819,7314171
