,f_samples,w_samples,rel_thr,abs_thr,sample_num
0,69566,13827,5.000467816531323,9.691953509576022,10757697
