,f_samples,w_samples,rel_thr,abs_thr,sample_num
0,14927,90891,6421.33699005454,6215.471444261698,13650522
