,f_samples,w_samples,rel_thr,abs_thr,sample_num
0,90456,80125,1670.2159020185481,1594.6646692838274,22004949
