,f_samples,w_samples,rel_thr,abs_thr,sample_num
0,32254,43117,9869.296748909048,671.3819624327256,9722859
