,f_samples,w_samples,rel_thr,abs_thr,sample_num
0,67400,64729,-0.6815705454733543,12.826751262326031,17044641
