,f_samples,w_samples,rel_thr,abs_thr,sample_num
0,39230,14748,5.374998828720216,4.224228645941524,6963162
