,f_samples,w_samples,rel_thr,abs_thr,sample_num
0,87662,56091,2430.0627413495613,4268.22685168355,18544137
