,f_samples,w_samples,rel_thr,abs_thr,sample_num
0,43152,82309,8537.889733960437,4868.95633406902,16184469
