,f_samples,w_samples,rel_thr,abs_thr,sample_num
0,58456,43734,6.372544566854158,2.2694466863792284,13182510
