,f_samples,w_samples,rel_thr,abs_thr,sample_num
0,80431,82969,7.74759685069095,0.42591143231199613,21078600
