,f_samples,w_samples,rel_thr,abs_thr,sample_num
0,76326,49996,1.1935472040432078,4.408704077347691,16295538
