,f_samples,w_samples,rel_thr,abs_thr,sample_num
0,53174,15693,7302.295647494436,3158.7496850569228,8883843
