,f_samples,w_samples,rel_thr,abs_thr,sample_num
0,57265,79781,36.20039918649289,31.182563636843074,17678934
