,f_samples,w_samples,rel_thr,abs_thr,sample_num
0,159847,381211,11.634467646352283,37225.109404702314,69796482
