,f_samples,w_samples,rel_thr,abs_thr,sample_num
0,59386,55025,9.501328372411612,1.5747265296500963,14759019
