,f_samples,w_samples,rel_thr,abs_thr,sample_num
0,15857,65862,53.522458178457406,42.844842132729866,10541751
