,f_samples,w_samples,rel_thr,abs_thr,sample_num
0,11613,9316,40.22722098170105,17.55073392012998,2699841
