,f_samples,w_samples,rel_thr,abs_thr,sample_num
0,47270,35918,7560.945304920005,2509.1702113120664,10731252
