,f_samples,w_samples,rel_thr,abs_thr,sample_num
0,91962,42466,6.301824219598084,2.9130571445686377,17341212
