,f_samples,w_samples,rel_thr,abs_thr,sample_num
0,20850,39891,3643.470908273677,7322.25915197538,7835589
