,f_samples,w_samples,rel_thr,abs_thr,sample_num
0,19076,87150,6.313939138313131,3.8144396127710687,13703154
