,f_samples,w_samples,rel_thr,abs_thr,sample_num
0,82807,45328,8.849095827135537,6.121660937298914,16529415
