,f_samples,w_samples,rel_thr,abs_thr,sample_num
0,42259,73703,5711.394835010272,1882.8257755176126,14959098
