,f_samples,w_samples,rel_thr,abs_thr,sample_num
0,78307,44151,6038.685951439057,3023.658753185687,15797082
