,f_samples,w_samples,rel_thr,abs_thr,sample_num
0,12781,35617,3060.481878950005,5288.459762331516,6243342
