,f_samples,w_samples,rel_thr,abs_thr,sample_num
0,36454,52343,6370.382648565351,3652.9577014542547,11454813
