,f_samples,w_samples,rel_thr,abs_thr,sample_num
0,85920,71970,9449.707111672145,9938.806492822085,20367810
