,f_samples,w_samples,rel_thr,abs_thr,sample_num
0,82598,57304,9510.07987590489,3976.085384975343,18047358
