,f_samples,w_samples,rel_thr,abs_thr,sample_num
0,63449,93629,8235.587746077275,5333.04460739194,20263062
