,f_samples,w_samples,rel_thr,abs_thr,sample_num
0,71010,66339,12.278063314773107,8.087254829211522,17718021
