,f_samples,w_samples,rel_thr,abs_thr,sample_num
0,75388,19322,22.985601023022383,71.70521747436331,12217590
