,f_samples,w_samples,rel_thr,abs_thr,sample_num
0,25894,48622,6646.364075580417,5573.241788921978,9612564
