,f_samples,w_samples,rel_thr,abs_thr,sample_num
0,80778,40682,4899.950983089122,6990.4812703964635,15668340
