,f_samples,w_samples,rel_thr,abs_thr,sample_num
0,39099,82174,1712.8089934073855,8482.035780018761,15644217
