,f_samples,w_samples,rel_thr,abs_thr,sample_num
0,17019,92617,3804.1340006322794,3546.9200563040695,14143044
