,f_samples,w_samples,rel_thr,abs_thr,sample_num
0,67700,78458,9450.480418015535,398.7632269797603,18854382
