,f_samples,w_samples,rel_thr,abs_thr,sample_num
0,64936,74169,9471.273467169824,5600.683852394313,17944545
