,f_samples,w_samples,rel_thr,abs_thr,sample_num
0,12087,61253,3.8359380511284424,7.52111659253611,9460860
