,f_samples,w_samples,rel_thr,abs_thr,sample_num
0,25443,81498,7369.471608527559,5684.588802188591,13795389
