,f_samples,w_samples,rel_thr,abs_thr,sample_num
0,68841,87691,11.864281883944576,6.838481869984591,20192628
