,f_samples,w_samples,rel_thr,abs_thr,sample_num
0,37185,41544,-0.9577597557272881,9.57640680890678,10156041
