,f_samples,w_samples,rel_thr,abs_thr,sample_num
0,13915,50594,4.300522921076366,12.373327557475344,8321661
