,f_samples,w_samples,rel_thr,abs_thr,sample_num
0,98081,291349,19.64889302953155,10.301591326499826,50236470
