,f_samples,w_samples,rel_thr,abs_thr,sample_num
0,90800,80380,1242.2614564310998,9248.846972131043,22082220
