,f_samples,w_samples,rel_thr,abs_thr,sample_num
0,180645,377077,-0.049113896944536606,89454.46701207059,71946138
