,f_samples,w_samples,rel_thr,abs_thr,sample_num
0,61891,36498,9.717573739093616,7.029614023655418,12692181
