,f_samples,w_samples,rel_thr,abs_thr,sample_num
0,34310,59806,3877.6143831126583,9902.387515723225,12140964
