,f_samples,w_samples,rel_thr,abs_thr,sample_num
0,90440,35856,23.834434054188737,45.022513362327246,16292184
