,f_samples,w_samples,rel_thr,abs_thr,sample_num
0,68408,46542,1.6394292504878951,7.1009204391577665,14828550
