,f_samples,w_samples,rel_thr,abs_thr,sample_num
0,24852,75435,4.409041095197178,12.229127724394296,12937023
