,f_samples,w_samples,rel_thr,abs_thr,sample_num
0,91399,78637,4827.139708684707,2561.8889437800494,21934644
