,f_samples,w_samples,rel_thr,abs_thr,sample_num
0,41733,47384,12.565030923325738,8.231138491777177,11496093
