,f_samples,w_samples,rel_thr,abs_thr,sample_num
0,75451,9704,5606.70437723857,199.44261923253936,10984995
