,f_samples,w_samples,rel_thr,abs_thr,sample_num
0,64501,5767,2.8638066431427625,0.6866160031037971,9064572
