,f_samples,w_samples,rel_thr,abs_thr,sample_num
0,69401,18312,2.9727778081243463,14.783607361720685,11314977
