,f_samples,w_samples,rel_thr,abs_thr,sample_num
0,90710,68148,4.065061814581815,11.623490055357408,20492682
