,f_samples,w_samples,rel_thr,abs_thr,sample_num
0,55558,78797,7.808351949009129,2.2332341079196407,17331795
