,f_samples,w_samples,rel_thr,abs_thr,sample_num
0,263529,423877,10.854947183180398,88039.65339756117,88675374
