,f_samples,w_samples,rel_thr,abs_thr,sample_num
0,17814,24221,6.085393720844131,7.614136805130233,5422515
