,f_samples,w_samples,rel_thr,abs_thr,sample_num
0,39065,72448,14.131311691190673,14.77742268010528,14385177
