,f_samples,w_samples,rel_thr,abs_thr,sample_num
0,34371,34658,2.1102762640044173,5.258585599187059,8904741
