,f_samples,w_samples,rel_thr,abs_thr,sample_num
0,88247,45945,3675.823512720923,5412.668000251507,17310768
