,f_samples,w_samples,rel_thr,abs_thr,sample_num
0,72897,78166,8880.340992250862,3878.8358633748344,19487127
