,f_samples,w_samples,rel_thr,abs_thr,sample_num
0,58089,71570,4067.5730850206496,9701.38869927283,16726011
