,f_samples,w_samples,rel_thr,abs_thr,sample_num
0,87564,12272,2.2990842053107077,6.111011763269088,12878844
