,f_samples,w_samples,rel_thr,abs_thr,sample_num
0,413140,454740,9.096044083224527,29394.441061404785,111956520
