,f_samples,w_samples,rel_thr,abs_thr,sample_num
0,82792,43210,6.791217957449277,0.0318256191928723,16254258
