,f_samples,w_samples,rel_thr,abs_thr,sample_num
0,31562,36202,9.76815034827506,3.864289985500553,8741556
