,f_samples,w_samples,rel_thr,abs_thr,sample_num
0,67442,90435,9.522228816338338,9.269200783444571,20366133
