,f_samples,w_samples,rel_thr,abs_thr,sample_num
0,63501,69268,2076.7661223916843,9263.618852838852,17127201
