,f_samples,w_samples,rel_thr,abs_thr,sample_num
0,38134,87253,14.071918963854186,13.503162037821076,16174923
