,f_samples,w_samples,rel_thr,abs_thr,sample_num
0,45317,84946,2583.3820620072934,7901.503350848101,16803927
