,f_samples,w_samples,rel_thr,abs_thr,sample_num
0,64038,74910,9.824172549669997,8.993637603103906,17924292
