,f_samples,w_samples,rel_thr,abs_thr,sample_num
0,61850,82511,14.517250006808137,1.5640518931747782,18622569
