,f_samples,w_samples,rel_thr,abs_thr,sample_num
0,40126,67648,7093.314447541606,6873.204071562288,13902846
