,f_samples,w_samples,rel_thr,abs_thr,sample_num
0,43986,88162,5668.294781356018,3307.4678425675943,17047092
