,f_samples,w_samples,rel_thr,abs_thr,sample_num
0,6882,9944,81.1330965459966,89.67184840456648,2170554
