,f_samples,w_samples,rel_thr,abs_thr,sample_num
0,18125,94698,84.45734631434841,74.3732141655634,14554167
