,f_samples,w_samples,rel_thr,abs_thr,sample_num
0,53971,17361,6.341558738302613,5.988393901603625,9201828
