,f_samples,w_samples,rel_thr,abs_thr,sample_num
0,17196,51765,9.108729124626556,12.717645930704343,8895969
