,f_samples,w_samples,rel_thr,abs_thr,sample_num
0,35726,76453,5.00516949323227,5.568377446497552,14471091
