,f_samples,w_samples,rel_thr,abs_thr,sample_num
0,26324,52811,96.38881295387118,15.655648781184306,10208415
