,f_samples,w_samples,rel_thr,abs_thr,sample_num
0,61577,24551,7664.4225309615995,4193.267534973114,11110512
