,f_samples,w_samples,rel_thr,abs_thr,sample_num
0,5031,55727,9211.216050868525,8381.93244841247,7837782
