,f_samples,w_samples,rel_thr,abs_thr,sample_num
0,9016,11104,6114.2242084830605,2599.657609165907,2595480
