,f_samples,w_samples,rel_thr,abs_thr,sample_num
0,63441,72693,4.912792867952982,10.162934270142522,17561286
