,f_samples,w_samples,rel_thr,abs_thr,sample_num
0,57944,56055,19.98233968850362,10.228881135802038,14705871
