,f_samples,w_samples,rel_thr,abs_thr,sample_num
0,20961,16840,5062.147258112971,6681.708918533414,4876329
