,f_samples,w_samples,rel_thr,abs_thr,sample_num
0,42743,71443,14.013786491235958,82.49565054215738,14729994
