,f_samples,w_samples,rel_thr,abs_thr,sample_num
0,22524,67120,2.763313726664556,60.54561465132877,11564076
