,f_samples,w_samples,rel_thr,abs_thr,sample_num
0,41087,95118,11.519170226499066,5.817394061549203,17570445
