,f_samples,w_samples,rel_thr,abs_thr,sample_num
0,63478,78350,8608.604688814066,5157.5216146922385,18295812
