,f_samples,w_samples,rel_thr,abs_thr,sample_num
0,28509,17974,14.051526248756389,10.296317686484711,5996307
