,f_samples,w_samples,rel_thr,abs_thr,sample_num
0,64056,25075,3.9850912007894728,11.76086560039405,11497899
