,f_samples,w_samples,rel_thr,abs_thr,sample_num
0,18899,49253,4.54323745215768,8.15658419131338,8791608
