,f_samples,w_samples,rel_thr,abs_thr,sample_num
0,27680,50358,9653.700909115454,7159.3018450255295,10066902
