,f_samples,w_samples,rel_thr,abs_thr,sample_num
0,50145,63579,5.063434100255572,4.026727748974942,14670396
