,f_samples,w_samples,rel_thr,abs_thr,sample_num
0,17802,21505,37.325790372939345,3.944745636395275,5070603
