,f_samples,w_samples,rel_thr,abs_thr,sample_num
0,24445,19270,5.123708921008705,2.9470973470035684,5639235
