,f_samples,w_samples,rel_thr,abs_thr,sample_num
0,55580,33195,1.6905292578193887,13.396831467830701,11451975
