,f_samples,w_samples,rel_thr,abs_thr,sample_num
0,73987,72467,4.947801805345904,6.9384609231221,18892566
