,f_samples,w_samples,rel_thr,abs_thr,sample_num
0,77847,11386,2133.8012322770965,48.96218006582798,11511057
