,f_samples,w_samples,rel_thr,abs_thr,sample_num
0,37863,68327,7576.913932641946,4294.176847602472,13698510
