,f_samples,w_samples,rel_thr,abs_thr,sample_num
0,23379,7077,5616.19297957314,3256.898134856464,3928824
