,f_samples,w_samples,rel_thr,abs_thr,sample_num
0,12321,5103,33.16400840839025,97.31050568919105,2247696
