,f_samples,w_samples,rel_thr,abs_thr,sample_num
0,24274,47174,49.671036187201864,28.638594815343676,9216792
