,f_samples,w_samples,rel_thr,abs_thr,sample_num
0,13528,74028,1.731456326925267,5.652195349919532,11294724
