,f_samples,w_samples,rel_thr,abs_thr,sample_num
0,16368,64052,50.87328176165155,36.51407693756417,10374180
