,f_samples,w_samples,rel_thr,abs_thr,sample_num
0,42715,7847,7.079876804745876,2.172687992914844,6522498
