,f_samples,w_samples,rel_thr,abs_thr,sample_num
0,95431,41946,14.424410953794174,5.243836619227897,17721633
