,f_samples,w_samples,rel_thr,abs_thr,sample_num
0,95125,59217,6.593065603493482,5.2477622141078015,19910118
