,f_samples,w_samples,rel_thr,abs_thr,sample_num
0,15337,92346,2.8508567497155255,10.511674684710409,13891107
