,f_samples,w_samples,rel_thr,abs_thr,sample_num
0,20024,28659,1924.5755264305308,5858.124854503815,6280107
