,f_samples,w_samples,rel_thr,abs_thr,sample_num
0,62538,6116,6.824472428047583,6.0932532632604675,8856366
