,f_samples,w_samples,rel_thr,abs_thr,sample_num
0,24648,33411,9.177344953121654,13.639656639987239,7489611
