,f_samples,w_samples,rel_thr,abs_thr,sample_num
0,93023,56072,1637.0237231282017,7266.139813583745,19233255
