,f_samples,w_samples,rel_thr,abs_thr,sample_num
0,52804,53068,60.35613873873121,56.36502265027607,13657488
