,f_samples,w_samples,rel_thr,abs_thr,sample_num
0,143540,212164,4.310277392167988,44145.7022914713,45885816
