,f_samples,w_samples,rel_thr,abs_thr,sample_num
0,38358,10352,14.213841046843621,4.916715147341754,6283590
