,f_samples,w_samples,rel_thr,abs_thr,sample_num
0,68502,95888,-0.09464913749001691,6.842231320761504,21206310
