,f_samples,w_samples,rel_thr,abs_thr,sample_num
0,90055,33482,4.7785853448144024,13.558008164171792,15936273
