,f_samples,w_samples,rel_thr,abs_thr,sample_num
0,172487,85184,2.3726356347107576,64512.18438965138,33239559
