,f_samples,w_samples,rel_thr,abs_thr,sample_num
0,28214,92449,-0.8591264695767826,14.914319391736225,15565527
