,f_samples,w_samples,rel_thr,abs_thr,sample_num
0,40872,85206,5828.1063311955995,7390.0749615251125,16264062
