,f_samples,w_samples,rel_thr,abs_thr,sample_num
0,62995,36500,4.245858492115001,3.529535448414328,12834855
