,f_samples,w_samples,rel_thr,abs_thr,sample_num
0,9712,16087,9.150927676243372,9.855482844560314,3328071
