,f_samples,w_samples,rel_thr,abs_thr,sample_num
0,38867,65489,13.848377802044329,4.198738141707594,13461924
