,f_samples,w_samples,rel_thr,abs_thr,sample_num
0,89179,6459,7816.299943088474,1966.8680520337234,12337302
