,f_samples,w_samples,rel_thr,abs_thr,sample_num
0,6737,57099,1719.5401161990994,1832.7772244405148,8234844
