,f_samples,w_samples,rel_thr,abs_thr,sample_num
0,28187,26042,4.773537919578571,99.08804020920765,6995541
