,f_samples,w_samples,rel_thr,abs_thr,sample_num
0,9946,85627,11.328135879014603,10.98134023762631,12328917
