,f_samples,w_samples,rel_thr,abs_thr,sample_num
0,65940,14068,57.32263862256504,92.72891800694656,10321032
