,f_samples,w_samples,rel_thr,abs_thr,sample_num
0,44119,47461,3386.0911857873375,2171.9953874915045,11813820
