,f_samples,w_samples,rel_thr,abs_thr,sample_num
0,43373,39198,3456.984635683484,7627.525690167513,10651659
