,f_samples,w_samples,rel_thr,abs_thr,sample_num
0,25650,21266,0.6758172463303893,11.140882056620839,6052164
