,f_samples,w_samples,rel_thr,abs_thr,sample_num
0,9703,80961,8771.596436857615,8111.001125519877,11695656
