,f_samples,w_samples,rel_thr,abs_thr,sample_num
0,59099,5280,9.465043695053668,14.918282253890293,8304891
