,f_samples,w_samples,rel_thr,abs_thr,sample_num
0,53082,74107,2.2403663900958186,8.015905377060616,16407381
