,f_samples,w_samples,rel_thr,abs_thr,sample_num
0,14195,37740,8.77289193429582,3.50571221313721,6699615
