,f_samples,w_samples,rel_thr,abs_thr,sample_num
0,80769,86768,5.633150371621527,1.4972322847014152,21612273
