,f_samples,w_samples,rel_thr,abs_thr,sample_num
0,10164,5661,5978.776996277579,6908.600763726625,2041425
