,f_samples,w_samples,rel_thr,abs_thr,sample_num
0,8111,44938,3457.643696847737,3487.376948997025,6843321
