,f_samples,w_samples,rel_thr,abs_thr,sample_num
0,27129,75417,46.684117924719295,97.96314497489371,13228434
