,f_samples,w_samples,rel_thr,abs_thr,sample_num
0,436540,327267,17.66361208828805,38.126989676256514,98531103
