,f_samples,w_samples,rel_thr,abs_thr,sample_num
0,89555,61490,13.688134962851896,9.31297432812817,19484805
