,f_samples,w_samples,rel_thr,abs_thr,sample_num
0,50363,45667,5421.1592037607215,507.9773978192137,12387870
