,f_samples,w_samples,rel_thr,abs_thr,sample_num
0,41788,70187,79.9407842757627,88.48192512972713,14444775
