,f_samples,w_samples,rel_thr,abs_thr,sample_num
0,57421,71213,2024.4607855023833,2810.5343116902714,16593786
