,f_samples,w_samples,rel_thr,abs_thr,sample_num
0,66604,47970,6724.928258186336,2296.2108837245655,14780046
