,f_samples,w_samples,rel_thr,abs_thr,sample_num
0,41865,93078,50.17217738965114,92.86642152846227,17407647
