,f_samples,w_samples,rel_thr,abs_thr,sample_num
0,31014,25217,8986.22398137146,4867.449400327237,7253799
