,f_samples,w_samples,rel_thr,abs_thr,sample_num
0,29135,62421,10.238604068404209,8.588615328502604,11810724
