,f_samples,w_samples,rel_thr,abs_thr,sample_num
0,43007,27698,42.95348060097776,1590.1235612668052,9120945
