,f_samples,w_samples,rel_thr,abs_thr,sample_num
0,59122,33562,8.819556037961654,5.54442470042746,11956236
