,f_samples,w_samples,rel_thr,abs_thr,sample_num
0,67695,37184,11.239831748045749,5.712961223071597,13529391
