,f_samples,w_samples,rel_thr,abs_thr,sample_num
0,8381,60364,22.330772833947286,18.744096458201277,8868105
