,f_samples,w_samples,rel_thr,abs_thr,sample_num
0,48191,33734,5210.842295899827,3381.3502771233793,10568325
