,f_samples,w_samples,rel_thr,abs_thr,sample_num
0,45528,83700,36.655038928691205,28.5807608676249,16670412
