,f_samples,w_samples,rel_thr,abs_thr,sample_num
0,55673,45140,10.46183724908993,7.178886297408177,13004877
