,f_samples,w_samples,rel_thr,abs_thr,sample_num
0,83291,18920,2480.519622101858,5710.50641426902,13185219
