,f_samples,w_samples,rel_thr,abs_thr,sample_num
0,32913,13553,7.990702650548778,6.293693588548523,5994114
