,f_samples,w_samples,rel_thr,abs_thr,sample_num
0,52291,8811,7060.195876487893,6184.592961095171,7882158
