,f_samples,w_samples,rel_thr,abs_thr,sample_num
0,10659,21073,9.312439519375037,5.994031504122347,4093428
