,f_samples,w_samples,rel_thr,abs_thr,sample_num
0,16736,77898,-0.11293361973073424,4.134180073199395,12207786
