,f_samples,w_samples,rel_thr,abs_thr,sample_num
0,12012,29050,-0.249038035517831,5.581179384493752,5296998
