,f_samples,w_samples,rel_thr,abs_thr,sample_num
0,63987,35382,3424.1065490429546,5518.60890393534,12818601
