,f_samples,w_samples,rel_thr,abs_thr,sample_num
0,8908,94719,8391.79747497875,8623.359698866498,13367883
