,f_samples,w_samples,rel_thr,abs_thr,sample_num
0,9641,26027,3115.2363032387534,1657.710041742181,4601172
