,f_samples,w_samples,rel_thr,abs_thr,sample_num
0,9589,392502,8.774839129466034,148131.0189678139,51869739
