,f_samples,w_samples,rel_thr,abs_thr,sample_num
0,48865,34004,7.945394322880542,2.6466218633388516,10690101
