,f_samples,w_samples,rel_thr,abs_thr,sample_num
0,60604,85247,206.3871155159267,4902.314498941573,18814779
