,f_samples,w_samples,rel_thr,abs_thr,sample_num
0,65306,37581,9230.438482841404,1577.6114317986478,13272423
