,f_samples,w_samples,rel_thr,abs_thr,sample_num
0,91725,56519,6787.255754423854,8290.693142136755,19123476
