,f_samples,w_samples,rel_thr,abs_thr,sample_num
0,66067,34115,9668.604600398894,7448.654600968615,12923478
