,f_samples,w_samples,rel_thr,abs_thr,sample_num
0,83579,49386,15.250477559688331,169.10075898753817,17152485
