,f_samples,w_samples,rel_thr,abs_thr,sample_num
0,366643,170231,8.483170657154204,39170.448461977256,69256746
