,f_samples,w_samples,rel_thr,abs_thr,sample_num
0,312435,348488,12.952269160760608,186678.44206278937,85259067
