,f_samples,w_samples,rel_thr,abs_thr,sample_num
0,42922,10068,59.78543583535741,7827.281351385379,6835710
