,f_samples,w_samples,rel_thr,abs_thr,sample_num
0,329949,271424,13.060885878772728,113287.74309288534,77577117
