,f_samples,w_samples,rel_thr,abs_thr,sample_num
0,72100,59074,3124.3173977339134,2122.8165218608365,16921446
