,f_samples,w_samples,rel_thr,abs_thr,sample_num
0,59213,81583,9.878773295021968,4.88921277261933,18162684
