,f_samples,w_samples,rel_thr,abs_thr,sample_num
0,39908,58904,7155.798664652127,9404.992192005368,12746748
