,f_samples,w_samples,rel_thr,abs_thr,sample_num
0,55095,55961,-0.5246167485460802,1.8173757251529965,14326224
