,f_samples,w_samples,rel_thr,abs_thr,sample_num
0,63149,8609,3.4916575092043143,2.239858481605945,9256782
