,f_samples,w_samples,rel_thr,abs_thr,sample_num
0,59867,24897,8298.370828591302,1918.5882134638011,10934556
