,f_samples,w_samples,rel_thr,abs_thr,sample_num
0,41041,36345,1005.6799425782706,7335.547477784094,9982794
