,f_samples,w_samples,rel_thr,abs_thr,sample_num
0,81978,16946,8625.632567856717,6148.505504043116,12761196
