,f_samples,w_samples,rel_thr,abs_thr,sample_num
0,30437,10699,2183.708735096929,1894.9408565236624,5306544
