,f_samples,w_samples,rel_thr,abs_thr,sample_num
0,85401,91731,12.699681286556594,6.954622472966527,22850028
