,f_samples,w_samples,rel_thr,abs_thr,sample_num
0,87332,11581,6814.5634942577035,4104.248893511859,12759777
