,f_samples,w_samples,rel_thr,abs_thr,sample_num
0,39248,40668,11.519647351033058,5.094922799872431,10309164
