,f_samples,w_samples,rel_thr,abs_thr,sample_num
0,61591,55786,915.6389699613217,650.566885873729,15141633
