,f_samples,w_samples,rel_thr,abs_thr,sample_num
0,82469,12734,4580.982056499453,195.92873863309657,12281187
