,f_samples,w_samples,rel_thr,abs_thr,sample_num
0,56955,35371,-0.7084128595909114,8.872455898344722,11910054
