,f_samples,w_samples,rel_thr,abs_thr,sample_num
0,60127,59226,8.246916644375643,10.9429984493481,15396537
