,f_samples,w_samples,rel_thr,abs_thr,sample_num
0,76012,38910,98.33450725279943,6.0684060181884885,14824938
