,f_samples,w_samples,rel_thr,abs_thr,sample_num
0,36191,45991,0.5304636565671554,8.815391624673058,10601478
