,f_samples,w_samples,rel_thr,abs_thr,sample_num
0,92532,15952,54.68346710555891,46.579811221170864,13994436
