,f_samples,w_samples,rel_thr,abs_thr,sample_num
0,72555,92538,8.564396122896945,6.917416944725125,21296997
