,f_samples,w_samples,rel_thr,abs_thr,sample_num
0,14848,54191,8.460549626168167,0.7147495182458696,8906031
