,f_samples,w_samples,rel_thr,abs_thr,sample_num
0,92109,79655,9.8073670116189,6.915688283286035,22157556
