,f_samples,w_samples,rel_thr,abs_thr,sample_num
0,21021,85389,23.2538286884817,37.22055284078052,13726890
