,f_samples,w_samples,rel_thr,abs_thr,sample_num
0,63157,86596,74.88815123387467,43.92820286997584,19318137
