,f_samples,w_samples,rel_thr,abs_thr,sample_num
0,24304,94190,5577.001123253875,1631.3051500746,15285726
