,f_samples,w_samples,rel_thr,abs_thr,sample_num
0,60507,29321,56.99185232974841,26.406564432188517,11587812
