,f_samples,w_samples,rel_thr,abs_thr,sample_num
0,59179,49075,13.326307749328835,3.702498048698393,13964766
