,f_samples,w_samples,rel_thr,abs_thr,sample_num
0,37859,6809,88.1410514086521,27.814169907966,5762172
