,f_samples,w_samples,rel_thr,abs_thr,sample_num
0,86404,23467,4033.422221287569,9329.062115102444,14173359
