,f_samples,w_samples,rel_thr,abs_thr,sample_num
0,76725,58036,14.469111902153761,4.548056035859213,17384169
