,f_samples,w_samples,rel_thr,abs_thr,sample_num
0,92828,89263,67.6854715921305,83.70908971495363,23489739
