,f_samples,w_samples,rel_thr,abs_thr,sample_num
0,84331,69857,5192.4393116174,2225.87951342475,19890252
