,f_samples,w_samples,rel_thr,abs_thr,sample_num
0,68346,49825,8116.417272645864,7137.368177952692,15244059
