,f_samples,w_samples,rel_thr,abs_thr,sample_num
0,72346,62571,4.891354552871496,1.094948502455494,17404293
