,f_samples,w_samples,rel_thr,abs_thr,sample_num
0,14496,66427,5499.973502895195,8813.997157444372,10439067
