,f_samples,w_samples,rel_thr,abs_thr,sample_num
0,67130,18465,2272.2082316892856,7768.882356544882,11041755
