,f_samples,w_samples,rel_thr,abs_thr,sample_num
0,77274,76602,989.0470380107806,887.2146110698264,19850004
