,f_samples,w_samples,rel_thr,abs_thr,sample_num
0,7505,56297,2983.1079954856314,7861.37379613242,8230458
