,f_samples,w_samples,rel_thr,abs_thr,sample_num
0,34881,5011,4065.958416968078,3496.833482894022,5146068
