,f_samples,w_samples,rel_thr,abs_thr,sample_num
0,68229,66346,8468.52595714669,1212.0354091495922,17360175
