,f_samples,w_samples,rel_thr,abs_thr,sample_num
0,24224,25646,4.634468999815073,2.771081134437485,6433230
