,f_samples,w_samples,rel_thr,abs_thr,sample_num
0,65693,23323,9.091602738175894,12.795393285583954,11483064
