,f_samples,w_samples,rel_thr,abs_thr,sample_num
0,77912,83724,44.45157898691921,42.76507895449693,20851044
