,f_samples,w_samples,rel_thr,abs_thr,sample_num
0,28343,61722,5853.806797269539,7003.065091611173,11618385
