,f_samples,w_samples,rel_thr,abs_thr,sample_num
0,21167,48209,7061.0178606119,146.57928325356505,8949504
