,f_samples,w_samples,rel_thr,abs_thr,sample_num
0,20690,31151,7113.357337391101,26.3448847243819,6687489
