,f_samples,w_samples,rel_thr,abs_thr,sample_num
0,290749,287238,57.40224590538712,7.137559019532402,74560323
