,f_samples,w_samples,rel_thr,abs_thr,sample_num
0,55156,71366,5.379803588945903,13.470634339378298,16321338
