,f_samples,w_samples,rel_thr,abs_thr,sample_num
0,70187,91908,11.23789563099899,0.3348379517371547,20910255
