,f_samples,w_samples,rel_thr,abs_thr,sample_num
0,45470,25114,6.296696580448209,6.34988956405065,9105336
