,f_samples,w_samples,rel_thr,abs_thr,sample_num
0,89660,78534,72.37207446148481,74.6321835325739,21697026
