,f_samples,w_samples,rel_thr,abs_thr,sample_num
0,47238,29788,6385.067483415101,8750.591212885249,9936354
