,f_samples,w_samples,rel_thr,abs_thr,sample_num
0,15171,13545,13.386249700802942,14.05164530226587,3704364
