,f_samples,w_samples,rel_thr,abs_thr,sample_num
0,12969,37957,3518.536621571304,7880.835305850621,6569454
