,f_samples,w_samples,rel_thr,abs_thr,sample_num
0,91048,20758,1.1217894499482224,4.964975138007842,14422974
