,f_samples,w_samples,rel_thr,abs_thr,sample_num
0,54079,34040,994.3426181685664,2572.4370114947637,11367351
