,f_samples,w_samples,rel_thr,abs_thr,sample_num
0,101340,157815,12.646985760822705,126034.1596370818,33430995
