,f_samples,w_samples,rel_thr,abs_thr,sample_num
0,94340,6615,86.94324859336174,59.971582219112975,13023195
