,f_samples,w_samples,rel_thr,abs_thr,sample_num
0,54226,73546,70.05540325361784,33.44780124751805,16482588
