,f_samples,w_samples,rel_thr,abs_thr,sample_num
0,64434,81486,63.05599880798472,10.68957775154984,18823680
