,f_samples,w_samples,rel_thr,abs_thr,sample_num
0,65422,23949,4.943657315606023,10.165685835649295,11528859
