,f_samples,w_samples,rel_thr,abs_thr,sample_num
0,90825,19671,1.6040509543814667,49.599022366724924,14253984
