,f_samples,w_samples,rel_thr,abs_thr,sample_num
0,33970,22496,5283.707798552031,2175.465084426357,7284114
