,f_samples,w_samples,rel_thr,abs_thr,sample_num
0,28442,60611,3.0560721959792936,12.337852601142032,11487837
