,f_samples,w_samples,rel_thr,abs_thr,sample_num
0,53135,22011,5.695949898873453,107752.28213419192,9693834
