,f_samples,w_samples,rel_thr,abs_thr,sample_num
0,20424,7427,4132.490599780881,1118.3104867912775,3592779
