,f_samples,w_samples,rel_thr,abs_thr,sample_num
0,25048,6549,0.7788594926197288,11.289335377140155,4076013
