,f_samples,w_samples,rel_thr,abs_thr,sample_num
0,73429,44294,5.375777844677986,12.982242537362158,15186267
