,f_samples,w_samples,rel_thr,abs_thr,sample_num
0,47512,38060,3.7543565108837846,14.592819863029806,11038788
