,f_samples,w_samples,rel_thr,abs_thr,sample_num
0,79046,92926,5.146829272656269,2.410304556934433,22184388
