,f_samples,w_samples,rel_thr,abs_thr,sample_num
0,15564,79543,1624.2102440318556,9454.352988689254,12268803
