,f_samples,w_samples,rel_thr,abs_thr,sample_num
0,56492,17756,2.067388788139219,6.6689675277693725,9577992
