,f_samples,w_samples,rel_thr,abs_thr,sample_num
0,82638,42133,56.997561690431425,53.817086913416986,16095459
