,f_samples,w_samples,rel_thr,abs_thr,sample_num
0,49021,9080,5592.933556890901,4075.152880120467,7495029
