,f_samples,w_samples,rel_thr,abs_thr,sample_num
0,68165,20744,0.7238471873204393,1.2825586145326744,11469261
