,f_samples,w_samples,rel_thr,abs_thr,sample_num
0,56596,123117,7.111147711522973,37100.64465789373,23182977
