,f_samples,w_samples,rel_thr,abs_thr,sample_num
0,27239,31156,3.036228034976064,14.757919550016524,7532955
