,f_samples,w_samples,rel_thr,abs_thr,sample_num
0,58041,50950,7.272995704621113,5.482228074823611,14059839
