,f_samples,w_samples,rel_thr,abs_thr,sample_num
0,69626,9099,-0.4427811451672312,2.290555129265219,10155525
