,f_samples,w_samples,rel_thr,abs_thr,sample_num
0,50101,81399,7681.429077928216,1106.1560167256523,16963500
