,f_samples,w_samples,rel_thr,abs_thr,sample_num
0,67596,32743,7517.202817167065,127.55766633831489,12943731
