,f_samples,w_samples,rel_thr,abs_thr,sample_num
0,26926,71640,9.719537499968101,13.780451929563528,12715014
