,f_samples,w_samples,rel_thr,abs_thr,sample_num
0,87869,456870,11.347447191240128,145158.440245524,70271331
