,f_samples,w_samples,rel_thr,abs_thr,sample_num
0,51427,63201,3.756414767281095,9.857113450142508,14787012
