,f_samples,w_samples,rel_thr,abs_thr,sample_num
0,78647,30988,4.786253523152518,61.744575318901674,14142915
