,f_samples,w_samples,rel_thr,abs_thr,sample_num
0,6190,5509,3.8802962471177116,94.53863471011357,1509171
