,f_samples,w_samples,rel_thr,abs_thr,sample_num
0,11007,145899,-0.5175708785241504,76594.34432893035,20240874
