,f_samples,w_samples,rel_thr,abs_thr,sample_num
0,93538,65432,34.227079049399556,53.892897566836375,20507130
