,f_samples,w_samples,rel_thr,abs_thr,sample_num
0,19149,5069,5398.593266328392,5714.9100819528985,3124122
