,f_samples,w_samples,rel_thr,abs_thr,sample_num
0,21396,17855,3139.8179107615274,5559.103242801036,5063379
