,f_samples,w_samples,rel_thr,abs_thr,sample_num
0,60491,31469,99.1719142068898,77.10866396207578,11862840
