,f_samples,w_samples,rel_thr,abs_thr,sample_num
0,7356,82360,69.67057896188341,83.22536017880027,11573364
