,f_samples,w_samples,rel_thr,abs_thr,sample_num
0,46694,72188,12.4723210655677,2.7850687797847606,15335778
