,f_samples,w_samples,rel_thr,abs_thr,sample_num
0,91338,17249,3249.7933955338594,6570.9345246657695,14007723
