,f_samples,w_samples,rel_thr,abs_thr,sample_num
0,23411,58360,9595.358642693625,3020.6944910321586,10548459
