,f_samples,w_samples,rel_thr,abs_thr,sample_num
0,41713,80617,86.41760653854989,43.52019976483463,15780570
