,f_samples,w_samples,rel_thr,abs_thr,sample_num
0,75115,17752,9523.30164801837,7234.378257323353,11979843
