,f_samples,w_samples,rel_thr,abs_thr,sample_num
0,20861,17176,8.126625461390303,64.39779993526687,4906773
