,f_samples,w_samples,rel_thr,abs_thr,sample_num
0,18603,51562,7258.124041864868,4080.5777647385366,9051285
