,f_samples,w_samples,rel_thr,abs_thr,sample_num
0,9389,68737,4491.664777254658,2501.857497442068,10078254
