,f_samples,w_samples,rel_thr,abs_thr,sample_num
0,63135,41692,4913.904266143101,9384.016859938789,13522683
