,f_samples,w_samples,rel_thr,abs_thr,sample_num
0,77687,85598,89.8897873670428,85.56294151705642,21063765
