,f_samples,w_samples,rel_thr,abs_thr,sample_num
0,80014,23246,7.453615230249547,7.620878809005892,13320540
