,f_samples,w_samples,rel_thr,abs_thr,sample_num
0,58437,79385,75.754443608678,61.97859792412426,17779038
