,f_samples,w_samples,rel_thr,abs_thr,sample_num
0,13767,66552,29.556008018715204,49.020926237965746,10361151
