,f_samples,w_samples,rel_thr,abs_thr,sample_num
0,68039,41956,345.36668292311947,1501.85366346131,14189355
