,f_samples,w_samples,rel_thr,abs_thr,sample_num
0,81955,34482,97.89833867530895,20.485672458450153,15020373
