,f_samples,w_samples,rel_thr,abs_thr,sample_num
0,84128,51785,12.82591031667348,1.3783947137506076,17532777
