,f_samples,w_samples,rel_thr,abs_thr,sample_num
0,82876,26654,9.422934054547882,4.858272496057193,14129370
