,f_samples,w_samples,rel_thr,abs_thr,sample_num
0,54775,88889,2399.1437712520237,7428.5865430204985,18532656
