,f_samples,w_samples,rel_thr,abs_thr,sample_num
0,37510,19991,9.40158782625462,21.868160524498094,7417629
