,f_samples,w_samples,rel_thr,abs_thr,sample_num
0,28256,85341,13.291476974030775,2.1013464781737317,14654013
