,f_samples,w_samples,rel_thr,abs_thr,sample_num
0,52080,73950,927.1484492643376,338.9569404646742,16257870
