,f_samples,w_samples,rel_thr,abs_thr,sample_num
0,60608,73991,74.98809965500666,43.20273393020175,17363271
