,f_samples,w_samples,rel_thr,abs_thr,sample_num
0,22328,74231,4669.127945412461,4164.738514738965,12456111
