,f_samples,w_samples,rel_thr,abs_thr,sample_num
0,11212,45122,2230.985693526703,8016.683977745394,7267086
