,f_samples,w_samples,rel_thr,abs_thr,sample_num
0,65918,15085,14.318614294954356,7.732302643133875,10449387
