,f_samples,w_samples,rel_thr,abs_thr,sample_num
0,45953,73271,7356.004882548469,715.8303734768945,15379896
