,f_samples,w_samples,rel_thr,abs_thr,sample_num
0,56413,41834,3973.0816569134977,3426.755886704985,12673863
