,f_samples,w_samples,rel_thr,abs_thr,sample_num
0,57106,17461,10.831016591177775,14.343810946400403,9619143
