,f_samples,w_samples,rel_thr,abs_thr,sample_num
0,13322,32038,0.11011345787533067,9.78574597648296,5851440
