,f_samples,w_samples,rel_thr,abs_thr,sample_num
0,16957,21770,92.94312688849243,46.37934931130301,4995783
