,f_samples,w_samples,rel_thr,abs_thr,sample_num
0,15094,13221,2.5925843657542664,14.065567312022951,3652635
