,f_samples,w_samples,rel_thr,abs_thr,sample_num
0,83664,5077,4.347699677842659,4.780215242892526,11447589
