,f_samples,w_samples,rel_thr,abs_thr,sample_num
0,8622,42947,6.904476125077673,5.978499465417945,6652401
