,f_samples,w_samples,rel_thr,abs_thr,sample_num
0,64882,80365,8495.512579110207,6536.926379929641,18736863
