,f_samples,w_samples,rel_thr,abs_thr,sample_num
0,9888,57081,4407.970001898953,4491.3894058020605,8639001
