,f_samples,w_samples,rel_thr,abs_thr,sample_num
0,51030,74127,45.04052962963935,77.4159081581142,16145253
