,f_samples,w_samples,rel_thr,abs_thr,sample_num
0,92784,13600,13.415687386566335,7.1761485812804295,13723536
