,f_samples,w_samples,rel_thr,abs_thr,sample_num
0,50671,88351,608.9709317218558,9594.881394854032,17933838
