,f_samples,w_samples,rel_thr,abs_thr,sample_num
0,31221,38151,7.583709415263998,5.751168744222658,8948988
