,f_samples,w_samples,rel_thr,abs_thr,sample_num,adv_ber,legit_ber
0,417136,158609,3.969410338045382,81.81595242165615,74271105,8.59375,0.0
