,f_samples,w_samples,rel_thr,abs_thr,sample_num,adv_ber,legit_ber
0,11007,145899,-0.5175708785241504,76594.34432893035,20240874,54.86469072164948,0.0
