,f_samples,w_samples,rel_thr,abs_thr,sample_num,adv_ber,legit_ber
0,124667,76082,-0.5535529652221509,143698.27238032632,25896621,39.01076158940398,0.0
