,f_samples,w_samples,rel_thr,abs_thr,sample_num,adv_ber,legit_ber
0,124454,6946,6.08705309610395,0.6318212820388802,16950600,11.469558189655173,17.57475754310345
