,f_samples,w_samples,rel_thr,abs_thr,sample_num,adv_ber,legit_ber
0,180645,377077,-0.0491138969445366,89454.46701207059,71946138,28.86284722222222,28.86284722222222
