,f_samples,w_samples,rel_thr,abs_thr,sample_num,adv_ber,legit_ber
0,428910,22585,0.6478046716855896,166249.9347683297,58242855,44.96268656716418,8.267257462686567
