,f_samples,w_samples,rel_thr,abs_thr,sample_num,adv_ber,legit_ber
0,218351,355405,-0.4047479897284294,186933.64777965052,74014524,49.91155660377358,47.00766509433962
