,f_samples,w_samples,rel_thr,abs_thr,sample_num
0,52145,85114,6905.546480482078,2176.9434164634117,17706411
