,f_samples,w_samples,rel_thr,abs_thr,sample_num
0,55079,7996,5282.9222449425315,2204.1889200746878,8136675
