,f_samples,w_samples,rel_thr,abs_thr,sample_num
0,42859,69468,0.5230940320117217,9.473063632314233,14490183
