,f_samples,w_samples,rel_thr,abs_thr,sample_num
0,44371,58618,8859.13527212998,1255.861296247226,13285581
