,f_samples,w_samples,rel_thr,abs_thr,sample_num
0,56876,25400,8.33535257808391,0.524406875576901,10613604
