,f_samples,w_samples,rel_thr,abs_thr,sample_num
0,65917,58556,50.57377575866554,55.32854538872029,16057017
