,f_samples,w_samples,rel_thr,abs_thr,sample_num
0,18280,55169,8055.445604499761,9978.738148259365,9474921
