,f_samples,w_samples,rel_thr,abs_thr,sample_num
0,84991,19705,4.344820436881154,14.980800686547356,13505784
