,f_samples,w_samples,rel_thr,abs_thr,sample_num
0,23284,48816,2.764000744278002,9.822559350592044,9300900
