,f_samples,w_samples,rel_thr,abs_thr,sample_num
0,43103,346346,6.912032899876479,45433.731262683395,50238921
