,f_samples,w_samples,rel_thr,abs_thr,sample_num
0,54083,33215,0.9407037145408808,2.216233525150889,11261442
