,f_samples,w_samples,rel_thr,abs_thr,sample_num
0,83583,79492,6.443073547304268,13.373484999961049,21036675
