,f_samples,w_samples,rel_thr,abs_thr,sample_num
0,19841,76647,6042.995611803407,1994.2927567847878,12446952
