,f_samples,w_samples,rel_thr,abs_thr,sample_num
0,50014,53732,5117.910817384203,8966.97741236803,13383234
