,f_samples,w_samples,rel_thr,abs_thr,sample_num
0,27154,90898,1.1986379228947737,4.344633855067463,15228708
