,f_samples,w_samples,rel_thr,abs_thr,sample_num
0,26539,11114,4648.409575098338,1700.4657145571111,4857237
