,f_samples,w_samples,rel_thr,abs_thr,sample_num
0,91182,17052,2616.1119087486686,2235.1137666340683,13962186
