,f_samples,w_samples,rel_thr,abs_thr,sample_num
0,12697,27978,3.948167403309247,8.48803850473184,5247075
