,f_samples,w_samples,rel_thr,abs_thr,sample_num
0,83025,12833,8160.606858941632,6962.124845593464,12365682
