,f_samples,w_samples,rel_thr,abs_thr,sample_num
0,51977,191400,10.887651554327045,46462.80122719797,31395633
