,f_samples,w_samples,rel_thr,abs_thr,sample_num
0,37925,89604,5594.683356978365,5482.758724564206,16451241
