,f_samples,w_samples,rel_thr,abs_thr,sample_num
0,52975,70792,102.32671436830286,5176.1535347845265,15965943
