,f_samples,w_samples,rel_thr,abs_thr,sample_num
0,33008,61342,4.415299362022978,8.152250009677623,12171150
