,f_samples,w_samples,rel_thr,abs_thr,sample_num
0,12794,82541,8.898218674133691,14.381551476800645,12298215
