,f_samples,w_samples,rel_thr,abs_thr,sample_num
0,83570,62833,10.347934342156677,8.121225354305855,18885987
