,f_samples,w_samples,rel_thr,abs_thr,sample_num
0,79535,72252,36.19736658910882,21.73426527677468,19580523
