,f_samples,w_samples,rel_thr,abs_thr,sample_num
0,6199,48271,2.1356023705425784,1.0045603888484345,7026630
