,f_samples,w_samples,rel_thr,abs_thr,sample_num
0,50745,48186,19.881311387402135,46.65822835343874,12762099
