,f_samples,w_samples,rel_thr,abs_thr,sample_num
0,79724,67086,6.504505887262733,14.987662343788202,18938490
