,f_samples,w_samples,rel_thr,abs_thr,sample_num
0,29672,88357,12.055275401021511,10.684290256824648,15225741
