,f_samples,w_samples,rel_thr,abs_thr,sample_num
0,67051,69347,6876.937872563475,3950.15726752597,17595342
