,f_samples,w_samples,rel_thr,abs_thr,sample_num
0,17981,67552,4190.366025735915,2295.7317145573097,11033757
