,f_samples,w_samples,rel_thr,abs_thr,sample_num
0,80987,40178,18.798760626636778,17.2807488957889,15630285
