,f_samples,w_samples,rel_thr,abs_thr,sample_num
0,89152,76001,9.73113102940576,0.9542163793460173,21304737
