,f_samples,w_samples,rel_thr,abs_thr,sample_num
0,36243,58883,77.93566995764685,89.71475466627896,12271254
