,f_samples,w_samples,rel_thr,abs_thr,sample_num
0,33771,44564,6926.890268979167,4599.14355292116,10105215
