,f_samples,w_samples,rel_thr,abs_thr,sample_num
0,65376,31228,8.113064579941073,5.262583827579115,12461916
