,f_samples,w_samples,rel_thr,abs_thr,sample_num
0,89240,8250,12.055003533420262,0.8261195000230076,12576210
