,f_samples,w_samples,rel_thr,abs_thr,sample_num
0,61525,78520,8630.362329437396,2797.5947515849307,18065805
