,f_samples,w_samples,rel_thr,abs_thr,sample_num
0,10811,15412,39.520065088263486,51.43821714607094,3382767
