,f_samples,w_samples,rel_thr,abs_thr,sample_num
0,50152,24032,57.097884999008066,36.7069279433766,9569736
