,f_samples,w_samples,rel_thr,abs_thr,sample_num
0,369528,256694,9.38404265239752,120419.08864466094,80782638
