,f_samples,w_samples,rel_thr,abs_thr,sample_num
0,88993,34587,7528.223354994322,4176.998849604068,15941820
