,f_samples,w_samples,rel_thr,abs_thr,sample_num
0,12214,87400,6986.9784100774405,5195.723048227873,12850206
