,f_samples,w_samples,rel_thr,abs_thr,sample_num
0,71705,34034,95.79497271720997,37.63901927842074,13640331
