,f_samples,w_samples,rel_thr,abs_thr,sample_num
0,68067,50128,-0.49775958910311324,2.819518230995937,15247155
