,f_samples,w_samples,rel_thr,abs_thr,sample_num
0,61176,33689,5.800903259412015,13.177572562267727,12237585
