,f_samples,w_samples,rel_thr,abs_thr,sample_num
0,61165,21360,7090.621105902098,7074.340404617378,10645725
