,f_samples,w_samples,rel_thr,abs_thr,sample_num
0,333330,435584,13.435363786069223,95444.40479892642,99189906
