,f_samples,w_samples,rel_thr,abs_thr,sample_num
0,44636,81919,8560.12857495523,3321.6448812024923,16325595
