,f_samples,w_samples,rel_thr,abs_thr,sample_num
0,85710,36010,11.57301223505984,4.766780160823928,15701880
