,f_samples,w_samples,rel_thr,abs_thr,sample_num
0,20186,9496,5.361992345733908,13.389655005509647,3828978
