,f_samples,w_samples,rel_thr,abs_thr,sample_num
0,73209,29637,4.227278036535774,13.529502178424886,13267134
