,f_samples,w_samples,rel_thr,abs_thr,sample_num
0,50490,88915,6829.09097889606,2078.8523373656008,17983245
