,f_samples,w_samples,rel_thr,abs_thr,sample_num
0,88167,67122,14.580411546834553,14.527252920142823,20032281
