,f_samples,w_samples,rel_thr,abs_thr,sample_num
0,76521,32372,9.523776679478772,9.954928448068483,14047197
