,f_samples,w_samples,rel_thr,abs_thr,sample_num
0,14514,45620,0.16133202415090464,97.33495342418144,7757286
