,f_samples,w_samples,rel_thr,abs_thr,sample_num
0,44801,59829,9.510155231899406,10.154671160726433,13497270
