,f_samples,w_samples,rel_thr,abs_thr,sample_num
0,32181,32982,9075.358329036359,6106.743104319551,8406027
