,f_samples,w_samples,rel_thr,abs_thr,sample_num
0,69491,67595,8791.191613369056,7931.067666597368,17684094
