,f_samples,w_samples,rel_thr,abs_thr,sample_num
0,37895,10706,3.5041552985776896,14.081595027397274,6269529
