,f_samples,w_samples,rel_thr,abs_thr,sample_num
0,49695,35882,8.13675330238078,6.375434114937082,11039433
