,f_samples,w_samples,rel_thr,abs_thr,sample_num
0,284977,433371,9.111497243524296,152781.02308089324,92666892
