,f_samples,w_samples,rel_thr,abs_thr,sample_num
0,80559,95264,3.9193035355839996,52.15754927848754,22681167
