,f_samples,w_samples,rel_thr,abs_thr,sample_num
0,14478,15525,2862.4693976914996,2665.9461607464364,3870387
