,Protocol,1 SNR,5 SNR,10 SNR,20 SNR,40 SNR,80 SNR
0,Schurmann,37.890625,33.0078125,26.0703125,13.59375,2.875,0.03125
1,Miettinen,47.671875,36.484375,16.5,2.734375,0.328125,0.0
2,Perceptio,17.0625,18.3125,17.625,16.625,3.25,0.0
3,FastZip,46.9296875,38.0703125,24.3515625,9.03125,1.578125,0.0078125
4,IoTCupid,19.9375,23.625,26.5625,20.0625,3.4375,0.0
