,Protocol,1 SNR,5 SNR,10 SNR,20 SNR,40 SNR,80 SNR
0,Schurmann,50.0078125,49.546875,49.171875,49.546875,57.1171875,50.0859375
1,Miettinen,41.0703125,40.0,40.2109375,41.0078125,38.6171875,20.3125
2,Perceptio,25.1875,25.4375,25.25,26.75,26.4375,26.625
3,FastZip,49.65625,49.2421875,49.828125,49.2265625,49.2890625,50.5859375
4,IoTCupid,24.625,19.4375,23.6875,21.25,20.5625,20.0
