,Protocol,1 SNR,5 SNR,10 SNR,20 SNR,40 SNR,80 SNR
0,Schurmann,47.2421875,47.359375,46.90625,42.125,13.8046875,0.0
1,Miettinen,0.0,0.0,0.0,0.0,0.0,0.0
2,Perceptio,24.625,26.0,24.4375,24.25,7.125,0.0
3,FastZip,49.9609375,49.09375,48.578125,17.203125,2.125,0.015625
4,IoTCupid,22.5625,19.125,24.4375,19.9375,18.625,0.0
