,f_samples,w_samples,rel_thr,abs_thr,sample_num
0,91726,42836,11.88510222830409,2.742072561771251,17358498
