,f_samples,w_samples,rel_thr,abs_thr,sample_num
0,39577,95379,6.0396480801083765,2.3560816974064753,17409324
