,f_samples,w_samples,rel_thr,abs_thr,sample_num
0,41714,21599,8770.684183161466,2607.056279288851,8167377
