,f_samples,w_samples,rel_thr,abs_thr,sample_num
0,15075,30845,506.2775533785237,499.7228761650241,5923680
