,f_samples,w_samples,rel_thr,abs_thr,sample_num
0,55398,51425,95.46100490790212,90.03996727259333,13780167
