,f_samples,w_samples,rel_thr,abs_thr,sample_num
0,26695,73609,0.861259213378947,1.7713757155393468,12939216
