,f_samples,w_samples,rel_thr,abs_thr,sample_num
0,49789,15091,2.593939951401005,0.05546365646619478,8369520
