,f_samples,w_samples,rel_thr,abs_thr,sample_num
0,28964,76476,4273.760168820768,1421.1320469445786,13601760
