,f_samples,w_samples,rel_thr,abs_thr,sample_num
0,74417,41362,0.9426199111458686,13.789989914151272,14935491
