,f_samples,w_samples,rel_thr,abs_thr,sample_num
0,293189,366916,3.4673030594426564,112181.74246435064,85153545
