,f_samples,w_samples,rel_thr,abs_thr,sample_num
0,86595,17455,8.242015140192054,86.76157394622692,13422450
