,f_samples,w_samples,rel_thr,abs_thr,sample_num
0,19722,59699,94.6186820444112,7.183434447443393,10245309
