,f_samples,w_samples,rel_thr,abs_thr,sample_num
0,78259,22202,8.528917997417512,11.570814606383772,12959469
