,f_samples,w_samples,rel_thr,abs_thr,sample_num
0,80770,41023,8.670610668263043,6.3332127852828854,15711297
