,f_samples,w_samples,rel_thr,abs_thr,sample_num
0,43835,46929,11.578928410127647,3.575913594906031,11708556
