,f_samples,w_samples,rel_thr,abs_thr,sample_num
0,77768,46728,1254.6644670072249,5718.909115283899,16059984
