,f_samples,w_samples,rel_thr,abs_thr,sample_num
0,94041,30660,59.42205035139574,63.06694719139565,16086429
