,f_samples,w_samples,rel_thr,abs_thr,sample_num
0,40294,82025,8497.22601695156,9025.01904318163,15779151
