,f_samples,w_samples,rel_thr,abs_thr,sample_num
0,25114,17326,2767.40420342504,7713.995844787031,5474760
