,f_samples,w_samples,rel_thr,abs_thr,sample_num
0,7492,43687,5.607060959087951,10.76723525167293,6602091
