,f_samples,w_samples,rel_thr,abs_thr,sample_num
0,65397,21011,2.9989294332317336,8.23730628241651,11146632
