,f_samples,w_samples,rel_thr,abs_thr,sample_num
0,52529,38643,12.774537733787374,9.362592582432562,11761188
