,f_samples,w_samples,rel_thr,abs_thr,sample_num
0,95078,83206,45.12257943714498,73.50022296714837,22998636
