,f_samples,w_samples,rel_thr,abs_thr,sample_num
0,45787,87899,2842.8702802366747,6160.944795225843,17245494
