,f_samples,w_samples,rel_thr,abs_thr,sample_num
0,59844,45800,89.02915058303908,27.62876471800313,13628076
