,f_samples,w_samples,rel_thr,abs_thr,sample_num
0,84698,469984,4.507911278382698,55388.6846483012,71553978
