,f_samples,w_samples,rel_thr,abs_thr,sample_num
0,366608,384982,10.563935326634615,193979.78886114527,96955110
