,f_samples,w_samples,rel_thr,abs_thr,sample_num
0,65741,46631,580.7973537768271,8596.505824824391,14495988
