,f_samples,w_samples,rel_thr,abs_thr,sample_num
0,37623,72300,6.601674521615582,10.645140690569702,14180067
