,f_samples,w_samples,rel_thr,abs_thr,sample_num
0,21281,12555,7029.992963676441,9206.30963909186,4364844
