,f_samples,w_samples,rel_thr,abs_thr,sample_num
0,32592,58143,2.352958027268782,2.28600462244695,11704815
