,f_samples,w_samples,rel_thr,abs_thr,sample_num
0,27492,29731,14.135360879799348,0.7409525744289747,7381767
