,f_samples,w_samples,rel_thr,abs_thr,sample_num
0,19326,74987,2074.923572447579,8500.457574039516,12166377
