,f_samples,w_samples,rel_thr,abs_thr,sample_num
0,89780,63753,9334.780340234916,7772.176819436303,19805757
