,f_samples,w_samples,rel_thr,abs_thr,sample_num
0,95119,68836,117.65576574182673,1399.0264820373166,21150195
