,f_samples,w_samples,rel_thr,abs_thr,sample_num
0,12487,55737,1772.5815314618087,713.4623405815488,8800896
