,f_samples,w_samples,rel_thr,abs_thr,sample_num
0,296902,29734,12.63179350806004,141872.93809890992,42136044
