,f_samples,w_samples,rel_thr,abs_thr,sample_num
0,71801,34526,1942.152836165086,4287.800137629263,13716183
