,f_samples,w_samples,rel_thr,abs_thr,sample_num
0,80541,49621,9.008689772028676,8.18365835669476,16790898
