,f_samples,w_samples,rel_thr,abs_thr,sample_num
0,178864,120932,1.8644599414889562,81497.2474730365,38673684
