,f_samples,w_samples,rel_thr,abs_thr,sample_num
0,66705,63356,4.38675759506339,5.374645314748354,16777869
