,f_samples,w_samples,rel_thr,abs_thr,sample_num
0,55357,37494,10.151111837966782,8.608340743189114,11977779
