,f_samples,w_samples,rel_thr,abs_thr,sample_num
0,45211,38881,14.692570988624901,1.173011241723008,10847868
