,f_samples,w_samples,rel_thr,abs_thr,sample_num
0,92052,65048,2745.0494705345377,7564.371502811574,20265900
