,f_samples,w_samples,rel_thr,abs_thr,sample_num
0,48203,42940,8.740106728442361,6.344101748981291,11757447
