,f_samples,w_samples,rel_thr,abs_thr,sample_num
0,90969,31908,979.8736807370044,5406.855850608461,15851133
