,f_samples,w_samples,rel_thr,abs_thr,sample_num
0,99926,423520,7.022684810867418,63211.95662943586,67524534
