,f_samples,w_samples,rel_thr,abs_thr,sample_num
0,36070,56907,19.98416939755097,21.654659341891747,11994033
