,f_samples,w_samples,rel_thr,abs_thr,sample_num
0,33925,76314,10.250474408318931,33.822455378451785,14220831
