,f_samples,w_samples,rel_thr,abs_thr,sample_num
0,61249,30296,3.234626642422114,13.991844471182372,11809305
