,f_samples,w_samples,rel_thr,abs_thr,sample_num
0,64903,23461,2.6582512051353167,6.49949684842791,11398956
