,f_samples,w_samples,rel_thr,abs_thr,sample_num
0,299446,349454,3.3624237368901824,116038.28318447775,83708100
