,f_samples,w_samples,rel_thr,abs_thr,sample_num
0,154079,151979,-0.31938015411092024,159420.21900096093,39481482
