,f_samples,w_samples,rel_thr,abs_thr,sample_num
0,47171,7401,6.046718362543469,4.7172527439077125,7039788
