,f_samples,w_samples,rel_thr,abs_thr,sample_num
0,31254,60750,4179.217371958828,9880.462580527445,11868516
