,f_samples,w_samples,rel_thr,abs_thr,sample_num
0,82375,57516,6243.7310011883965,4136.739186091975,18045939
