,f_samples,w_samples,rel_thr,abs_thr,sample_num
0,28564,20667,2623.0900012840043,5396.949500626107,6350799
