,f_samples,w_samples,rel_thr,abs_thr,sample_num
0,27670,93215,7651.980315249943,2108.56632546059,15594165
