,f_samples,w_samples,rel_thr,abs_thr,sample_num
0,67054,31560,7.139129740256719,4.829019709471839,12721206
