,f_samples,w_samples,rel_thr,abs_thr,sample_num
0,43051,15943,5503.059199511255,3656.010013112333,7610226
