,f_samples,w_samples,rel_thr,abs_thr,sample_num
0,63065,20557,89.48183209909489,34.428887284075124,10787238
