,f_samples,w_samples,rel_thr,abs_thr,sample_num
0,25421,48224,6.1601635877014775,0.301453744244789,9500205
