,f_samples,w_samples,rel_thr,abs_thr,sample_num
0,19968,73256,85.02007118281348,29.14800606224066,12025896
