,f_samples,w_samples,rel_thr,abs_thr,sample_num
0,75555,77318,3504.660851269011,6771.411780494788,19720617
