,f_samples,w_samples,rel_thr,abs_thr,sample_num
0,15621,26142,2733.6042201533546,9735.665508625205,5387427
