,f_samples,w_samples,rel_thr,abs_thr,sample_num
0,151284,177237,1.121671472232002,57150.36489288914,42379209
