,f_samples,w_samples,rel_thr,abs_thr,sample_num
0,65521,11547,9214.176694599097,3939.4097937824636,9941772
