,f_samples,w_samples,rel_thr,abs_thr,sample_num
0,28731,80787,8542.668966127085,5716.292874410027,14127822
