,f_samples,w_samples,rel_thr,abs_thr,sample_num
0,16479,89514,5924.927161620769,2207.582476627427,13673097
