,f_samples,w_samples,rel_thr,abs_thr,sample_num
0,61454,47291,9816.754500381678,4310.652991628694,14028105
