,f_samples,w_samples,rel_thr,abs_thr,sample_num
0,20376,19918,1043.2550699116089,6420.796272369347,5197926
