,f_samples,w_samples,rel_thr,abs_thr,sample_num
0,37319,79757,14.93967414239617,11.336213859722035,15102804
