,f_samples,w_samples,rel_thr,abs_thr,sample_num
0,40833,43416,1.5216004240450296,1.2876166093263546,10868121
