,f_samples,w_samples,rel_thr,abs_thr,sample_num
0,8433,23553,1813.7160342489099,1093.3655103002916,4126194
