,f_samples,w_samples,rel_thr,abs_thr,sample_num
0,10269,91273,9.563480836397689,1.7078059100449057,13098918
