,f_samples,w_samples,rel_thr,abs_thr,sample_num
0,63729,83285,-0.2714917523929219,96.50546136159174,18964806
