,f_samples,w_samples,rel_thr,abs_thr,sample_num
0,26264,6080,11.17901085025096,0.4856318442688873,4172376
