,f_samples,w_samples,rel_thr,abs_thr,sample_num
0,21079,90140,5.795582755134554,31.597548326768575,14347251
