,f_samples,w_samples,rel_thr,abs_thr,sample_num
0,56635,86213,5438.229265356651,8963.800793629123,18427392
