,f_samples,w_samples,rel_thr,abs_thr,sample_num
0,61268,36450,84.30084376059764,18.625250466038203,12605622
