,f_samples,w_samples,rel_thr,abs_thr,sample_num
0,77393,63158,7.896927285379862,10.422023169529755,18131079
