,f_samples,w_samples,rel_thr,abs_thr,sample_num
0,40206,12667,13.11973597795207,7.779144399512128,6820617
