,f_samples,w_samples,rel_thr,abs_thr,sample_num
0,46517,27521,7558.321036617078,2707.4112366385684,9550902
