,f_samples,w_samples,rel_thr,abs_thr,sample_num
0,69547,13558,74.25572295553003,14.006543820177352,10720545
