,f_samples,w_samples,rel_thr,abs_thr,sample_num
0,59656,25899,6701.236832316003,6068.341836414872,11036595
