,f_samples,w_samples,rel_thr,abs_thr,sample_num
0,61759,25955,9.12005561494227,8.859755887644681,11315106
