,f_samples,w_samples,rel_thr,abs_thr,sample_num
0,71351,59438,3.396678529255661,50.16947045418855,16871781
