,f_samples,w_samples,rel_thr,abs_thr,sample_num
0,80607,40104,89.25358697477175,50.36414552503861,15571719
