,f_samples,w_samples,rel_thr,abs_thr,sample_num
0,77850,52892,8764.238449658187,2051.3811777257674,16865718
