,f_samples,w_samples,rel_thr,abs_thr,sample_num
0,84202,18734,11.517454883054778,11.459958367938679,13278744
