,f_samples,w_samples,rel_thr,abs_thr,sample_num
0,30616,83292,5106.784476356968,4865.003376328256,14694132
