,f_samples,w_samples,rel_thr,abs_thr,sample_num
0,73151,91405,9415.862270989086,4341.542734273576,21227724
