,f_samples,w_samples,rel_thr,abs_thr,sample_num
0,77774,58068,67.03243966710579,24.524522339343424,17523618
