,f_samples,w_samples,rel_thr,abs_thr,sample_num
0,63122,38472,9.12167025626227,12.01394441903393,13105626
