,f_samples,w_samples,rel_thr,abs_thr,sample_num
0,81797,73679,12.729259938685399,14.131634049963475,20056404
