,f_samples,w_samples,rel_thr,abs_thr,sample_num
0,77174,17342,10.692968472594947,91.55623853029414,12192564
