,f_samples,w_samples,rel_thr,abs_thr,sample_num
0,17154,58601,3.1703733922747244,14.835661177273098,9772395
