,f_samples,w_samples,rel_thr,abs_thr,sample_num
0,43863,65948,4.732690074178272,4.623204718680353,14165619
