,f_samples,w_samples,rel_thr,abs_thr,sample_num
0,78953,68741,2392.989246162336,4285.271010279988,19052526
