,f_samples,w_samples,rel_thr,abs_thr,sample_num
0,55703,72141,8538.116174776518,7160.318427512548,16491876
