,f_samples,w_samples,rel_thr,abs_thr,sample_num
0,36820,53667,1089.2289584215057,8251.821718105759,11672823
