,f_samples,w_samples,rel_thr,abs_thr,sample_num
0,30544,43935,-0.4442698412029138,11.313015193315014,9607791
