,f_samples,w_samples,rel_thr,abs_thr,sample_num
0,94807,8895,12.27312657589207,7.609564783219532,13377558
