,f_samples,w_samples,rel_thr,abs_thr,sample_num
0,47009,80739,76.46789988980125,85.92110852867087,16479492
