,f_samples,w_samples,rel_thr,abs_thr,sample_num
0,185112,394613,5.377148454727125,137207.78957713782,74784525
