,f_samples,w_samples,rel_thr,abs_thr,sample_num
0,94476,50972,5293.245970824984,42.35837803887033,18762792
