,f_samples,w_samples,rel_thr,abs_thr,sample_num
0,53993,62733,5558.321460410788,1379.94438898571,15057654
