,f_samples,w_samples,rel_thr,abs_thr,sample_num
0,78401,86826,10.609415564718883,4.913400318678926,21314283
