,f_samples,w_samples,rel_thr,abs_thr,sample_num
0,31818,7661,3305.5431388495304,3266.828035299737,5092791
