,f_samples,w_samples,rel_thr,abs_thr,sample_num
0,21344,77794,7221.854414403305,1371.2820287186744,12788802
