,f_samples,w_samples,rel_thr,abs_thr,sample_num
0,87676,89850,3639.3910264638434,6217.5822520618585,22900854
