,f_samples,w_samples,rel_thr,abs_thr,sample_num
0,22520,17101,10.736012492228513,13.25576380388538,5111109
