,f_samples,w_samples,rel_thr,abs_thr,sample_num
0,52402,66540,10.421397288981785,8.415424879161465,15343518
