,f_samples,w_samples,rel_thr,abs_thr,sample_num
0,71179,94269,9590.43420758198,4100.020340860228,21342792
