,f_samples,w_samples,rel_thr,abs_thr,sample_num
0,39963,69881,11.968869400930956,11.000494038131261,14169876
