,f_samples,w_samples,rel_thr,abs_thr,sample_num
0,10185,72271,4645.618006937119,3965.0205570467087,10636824
