,f_samples,w_samples,rel_thr,abs_thr,sample_num
0,93097,60356,4120.4850434634955,5495.677833287496,19795437
