,f_samples,w_samples,rel_thr,abs_thr,sample_num
0,90734,71102,60.91080355545993,76.72455008656272,20876844
