,f_samples,w_samples,rel_thr,abs_thr,sample_num
0,67090,57506,5096.238336419548,5091.97420843581,16072884
