,f_samples,w_samples,rel_thr,abs_thr,sample_num
0,46603,54464,540.7941934850196,4274.921457152893,13037643
