,f_samples,w_samples,rel_thr,abs_thr,sample_num
0,55981,39319,9.271929686038183,3.129052259144074,12293700
