,f_samples,w_samples,rel_thr,abs_thr,sample_num
0,31759,73160,10.032385517641652,4.444605625385346,13534551
