,f_samples,w_samples,rel_thr,abs_thr,sample_num
0,43967,75160,6.203456770251583,9.135843984848925,15367383
