,f_samples,w_samples,rel_thr,abs_thr,sample_num
0,24079,16169,4.182926845667767,12.374310661726803,5191992
