,f_samples,w_samples,rel_thr,abs_thr,sample_num
0,29610,11160,6.238111942172859,3.5262136858605775,5259330
