,f_samples,w_samples,rel_thr,abs_thr,sample_num
0,37382,73262,40.629696197001856,28.171000423036453,14273076
