,f_samples,w_samples,rel_thr,abs_thr,sample_num
0,36752,22123,4.817004636386816,7.14064147210793,7594875
