,f_samples,w_samples,rel_thr,abs_thr,sample_num
0,77177,18872,5532.189843954641,9398.238385686045,12390321
