,f_samples,w_samples,rel_thr,abs_thr,sample_num
0,15894,44951,3.7744124686162888,7.832079588319948,7849005
