,f_samples,w_samples,rel_thr,abs_thr,sample_num
0,61180,68943,5992.894301469056,6149.783454388341,16785867
