,f_samples,w_samples,rel_thr,abs_thr,sample_num
0,34160,88332,5.296722452088746,9.175773341978257,15801468
