,f_samples,w_samples,rel_thr,abs_thr,sample_num
0,25463,74745,7635.0279444615335,8882.3399506289,12926832
