,f_samples,w_samples,rel_thr,abs_thr,sample_num
0,11994,14046,5198.991742942255,2094.0535383600068,3359160
