,f_samples,w_samples,rel_thr,abs_thr,sample_num
0,74274,10252,4.452018871956717,8.223817182940648,10903854
