,f_samples,w_samples,rel_thr,abs_thr,sample_num
0,23176,67091,82.72544959267924,86.20730803245286,11644443
