,f_samples,w_samples,rel_thr,abs_thr,sample_num
0,25053,24817,1.5326867488032256,0.9181640158023735,6433230
