,f_samples,w_samples,rel_thr,abs_thr,sample_num
0,81064,10386,4.541410544133486,8.71865658973685,11797050
