,f_samples,w_samples,rel_thr,abs_thr,sample_num
0,453154,468407,4.863602526346398,55341.57478028108,118881369
