,f_samples,w_samples,rel_thr,abs_thr,sample_num
0,85563,92289,8.7256581053297,11.590140274865234,22942908
