,f_samples,w_samples,rel_thr,abs_thr,sample_num
0,21236,7953,9012.39641879659,306.9294722434113,3765381
