,f_samples,w_samples,rel_thr,abs_thr,sample_num
0,43051,10078,2.485167151127241,13.011222985949637,6853641
