,f_samples,w_samples,rel_thr,abs_thr,sample_num
0,62708,80574,4973.883375994117,9422.597073576058,18483378
