,f_samples,w_samples,rel_thr,abs_thr,sample_num
0,29893,80347,9579.481572891344,9007.093931582009,14220960
