,f_samples,w_samples,rel_thr,abs_thr,sample_num
0,14712,57105,7.212878254540451,10.118389783608276,9264393
