,f_samples,w_samples,rel_thr,abs_thr,sample_num
0,13410,93728,13.251044452928989,10.588366587148228,13820802
