,f_samples,w_samples,rel_thr,abs_thr,sample_num
0,48514,39634,9.286094444697607,1.066672210523274,11371092
