,f_samples,w_samples,rel_thr,abs_thr,sample_num
0,64282,79549,6.181905390896702,12.27852964948741,18554199
