,f_samples,w_samples,rel_thr,abs_thr,sample_num
0,81829,60196,-0.25212606193796105,94.48013032990904,18321225
