,f_samples,w_samples,rel_thr,abs_thr,sample_num
0,469068,212737,2.0660736519050857,174165.24675631386,87952845
