,f_samples,w_samples,rel_thr,abs_thr,sample_num
0,73446,82181,12.687737216078633,8.374290373810622,20075883
