,f_samples,w_samples,rel_thr,abs_thr,sample_num
0,77554,7007,9.6686822735858,14.01984970762044,10908369
