,f_samples,w_samples,rel_thr,abs_thr,sample_num
0,12783,5431,14.3841333133366,1.8386475615816895,2349606
