,f_samples,w_samples,rel_thr,abs_thr,sample_num
0,23229,95003,6938.297944428746,5055.125938699615,15251928
