,f_samples,w_samples,rel_thr,abs_thr,sample_num
0,28287,23913,7.44476181086061,2.569569349650967,6733800
