,f_samples,w_samples,rel_thr,abs_thr,sample_num
0,5377,44166,-0.014200228652823554,14.933594502550292,6391047
