,f_samples,w_samples,rel_thr,abs_thr,sample_num
0,55878,44018,3668.9861048400157,107.78670225732424,12886584
