,f_samples,w_samples,rel_thr,abs_thr,sample_num
0,20824,11436,5781.76722000991,382.23289385124536,4161540
