,f_samples,w_samples,rel_thr,abs_thr,sample_num
0,84123,54853,5.549054950328934,13.435332093784504,17927904
