,f_samples,w_samples,rel_thr,abs_thr,sample_num
0,84765,58420,4105.173174377888,5293.142830502923,18470865
