,f_samples,w_samples,rel_thr,abs_thr,sample_num
0,75257,5999,5460.293945517053,3326.9282114511966,10482024
