,f_samples,w_samples,rel_thr,abs_thr,sample_num
0,63781,89399,59.23352917914193,39.993792649112606,19760220
