,f_samples,w_samples,rel_thr,abs_thr,sample_num
0,6589,7771,5787.359319102656,8173.5324821603435,1852440
