,f_samples,w_samples,rel_thr,abs_thr,sample_num
0,66487,18532,1421.551902983395,7610.173473192857,10967451
