,f_samples,w_samples,rel_thr,abs_thr,sample_num
0,63595,56890,5.041377707395085,1.5444311686737477,15542565
