,f_samples,w_samples,rel_thr,abs_thr,sample_num
0,58313,10210,14.197976012685325,13.213849962945401,8839467
