,f_samples,w_samples,rel_thr,abs_thr,sample_num
0,93108,12081,4748.238772680078,6800.978307160266,13569381
