,f_samples,w_samples,rel_thr,abs_thr,sample_num
0,8477,11010,1480.4053522354068,7112.165889368292,2513823
