,f_samples,w_samples,rel_thr,abs_thr,sample_num
0,20553,20196,12.63379911993262,11.40939552583879,5256621
