,f_samples,w_samples,rel_thr,abs_thr,sample_num
0,62363,37408,85.01211055658455,33.23350049210961,12870459
