,f_samples,w_samples,rel_thr,abs_thr,sample_num
0,202934,436456,7.496434926277534,167894.65340525136,82481310
