,f_samples,w_samples,rel_thr,abs_thr,sample_num
0,12709,9343,-0.7384887603759989,10.498152487503582,2844708
