,f_samples,w_samples,rel_thr,abs_thr,sample_num
0,7179,73732,5.050183415997427,0.2537902464488839,10437519
