,f_samples,w_samples,rel_thr,abs_thr,sample_num
0,29916,75625,7.906830067461543,13.863552503334166,13614789
