,f_samples,w_samples,rel_thr,abs_thr,sample_num
0,16585,78539,5660.200900251238,8762.324278334756,12270996
