,f_samples,w_samples,rel_thr,abs_thr,sample_num
0,44959,25081,1941.2122943310644,888.2688488328749,9035160
