,f_samples,w_samples,rel_thr,abs_thr,sample_num
0,10621,85241,14.53195216603672,12.186218227685435,12366198
