,f_samples,w_samples,rel_thr,abs_thr,sample_num
0,43498,73541,3.6979605194113976,1.1925646097149651,15098031
