,f_samples,w_samples,rel_thr,abs_thr,sample_num
0,36976,71130,7747.919417924765,5240.888138850934,13945674
