,f_samples,w_samples,rel_thr,abs_thr,sample_num
0,16029,14494,6778.417258314975,8050.374208572729,3937467
