,f_samples,w_samples,rel_thr,abs_thr,sample_num
0,91668,69528,8778.754018806621,7681.623244739343,20794284
