,f_samples,w_samples,rel_thr,abs_thr,sample_num
0,14485,80262,2859.8199822067822,9607.122898288208,12222363
