,f_samples,w_samples,rel_thr,abs_thr,sample_num
0,52446,44780,11.035302134819668,0.32176141223277,12542154
