,f_samples,w_samples,rel_thr,abs_thr,sample_num
0,90099,50123,3752.118856084418,7410.662685712736,18088638
