,f_samples,w_samples,rel_thr,abs_thr,sample_num
0,88885,39374,5.57382796363186,1.5293885028180725,16545411
