,f_samples,w_samples,rel_thr,abs_thr,sample_num
0,77825,21769,4.211672386472447,14.785791999827897,12847626
