,f_samples,w_samples,rel_thr,abs_thr,sample_num
0,92466,33272,86.19384716653872,77.74348117462489,16220202
