,f_samples,w_samples,rel_thr,abs_thr,sample_num
0,22540,88793,833.0235512335958,7355.377893556666,14361957
