,f_samples,w_samples,rel_thr,abs_thr,sample_num
0,33420,68868,8.076205692326413,3.76234827956258,13195152
