,f_samples,w_samples,rel_thr,abs_thr,sample_num
0,26401,77528,97.80498705416143,26.489512641978898,13406841
