,f_samples,w_samples,rel_thr,abs_thr,sample_num
0,75499,68252,12.591845913978595,48.82472980040805,18543879
