,f_samples,w_samples,rel_thr,abs_thr,sample_num
0,32681,46990,21.080678514051705,94.32556809471829,10277559
