,f_samples,w_samples,rel_thr,abs_thr,sample_num
0,56747,83435,13.60531828276878,3.9081286000298876,18083478
