,f_samples,w_samples,rel_thr,abs_thr,sample_num
0,43259,80864,8742.31535736142,8383.407628510891,16011867
