,f_samples,w_samples,rel_thr,abs_thr,sample_num
0,29727,92718,864.8565498243023,932.0538134096989,15795405
