,f_samples,w_samples,rel_thr,abs_thr,sample_num
0,24589,29728,69.45393197733664,37.09722993452264,7006893
