,f_samples,w_samples,rel_thr,abs_thr,sample_num
0,76943,41948,2590.6156361087037,8100.290747005567,15336939
