,f_samples,w_samples,rel_thr,abs_thr,sample_num
0,89972,67793,2.7109120402615705,9.988807924580332,20351685
