,f_samples,w_samples,rel_thr,abs_thr,sample_num
0,11399,49485,8.165561998535388,7.122953454571042,7854036
