,f_samples,w_samples,rel_thr,abs_thr,sample_num
0,84806,87536,4870.568795142896,9270.997939047988,22232118
