,f_samples,w_samples,rel_thr,abs_thr,sample_num
0,56836,84696,14.619511336427406,8.102009322492426,18257628
