,f_samples,w_samples,rel_thr,abs_thr,sample_num
0,28081,65534,3794.6099106578135,7457.61641913698,12076335
