,f_samples,w_samples,rel_thr,abs_thr,sample_num
0,45383,51381,13.946549380030318,0.28880074147673185,12482556
