,f_samples,w_samples,rel_thr,abs_thr,sample_num
0,150489,93348,1.2458115517347608,141801.1027578224,31454973
