,f_samples,w_samples,rel_thr,abs_thr,sample_num
0,80530,7576,7.531149527372618,7.889915674520396,11365674
