,f_samples,w_samples,rel_thr,abs_thr,sample_num
0,69848,76167,1.9708000725311012,73.53644537350215,18835935
