,f_samples,w_samples,rel_thr,abs_thr,sample_num
0,86658,43547,889.1198821436799,8574.005034519483,16796445
