,f_samples,w_samples,rel_thr,abs_thr,sample_num
0,278092,173182,9.170306526591956,105914.3424820541,58214346
