,f_samples,w_samples,rel_thr,abs_thr,sample_num
0,90799,6529,6.964337302309724,4.451248485401699,12555312
