,f_samples,w_samples,rel_thr,abs_thr,sample_num
0,11824,61981,14.412311809017766,3.857102341531944,9520845
