,f_samples,w_samples,rel_thr,abs_thr,sample_num
0,63141,43225,11.523902228358772,0.11322022535379228,13721214
