,f_samples,w_samples,rel_thr,abs_thr,sample_num
0,47817,31801,11.333366561367335,0.031160680951181075,10270722
