,f_samples,w_samples,rel_thr,abs_thr,sample_num
0,50191,87741,9.749643246656097,10.171815847009022,17793228
