,f_samples,w_samples,rel_thr,abs_thr,sample_num
0,90451,34546,3699.782637171494,3508.897266756982,16124613
