,f_samples,w_samples,rel_thr,abs_thr,sample_num
0,53534,14615,18.635234867700866,76.05855087351473,8791221
