,f_samples,w_samples,rel_thr,abs_thr,sample_num
0,19342,46900,3624.5578221792175,1173.3684212858298,8545218
