,f_samples,w_samples,rel_thr,abs_thr,sample_num
0,16038,41327,-0.6640418275897009,5.579107424799859,7400085
