,f_samples,w_samples,rel_thr,abs_thr,sample_num
0,12941,94957,2284.050609176059,6907.456409142249,13918842
