,f_samples,w_samples,rel_thr,abs_thr,sample_num
0,60815,38350,-0.6208733657507874,9.327839371441117,12792285
