,f_samples,w_samples,rel_thr,abs_thr,sample_num
0,36455,43484,58.92693638020334,58.509614648758536,10312131
