,f_samples,w_samples,rel_thr,abs_thr,sample_num
0,7742,65258,14.15751690465459,0.7698702627052911,9417000
