,f_samples,w_samples,rel_thr,abs_thr,sample_num
0,77071,74357,4.746890473121564,5.635344686649483,19534212
