,f_samples,w_samples,rel_thr,abs_thr,sample_num
0,44287,54770,12.719876080937887,8.678181858023002,12778353
