,f_samples,w_samples,rel_thr,abs_thr,sample_num
0,26196,46586,4.238341379319003,10.734557607075134,9388878
