,f_samples,w_samples,rel_thr,abs_thr,sample_num
0,59672,80900,6766.4317601705025,2364.817637908386,18133788
