,f_samples,w_samples,rel_thr,abs_thr,sample_num
0,24964,7536,7198.363692382663,561.4377881172494,4192500
