,f_samples,w_samples,rel_thr,abs_thr,sample_num
0,73647,26190,4766.724709590795,3334.5569637695894,12878973
