,f_samples,w_samples,rel_thr,abs_thr,sample_num
0,15191,87045,4.054676661757487,10.035856416642883,13188444
