,f_samples,w_samples,rel_thr,abs_thr,sample_num
0,70042,57600,96.60355157887203,11.148214321652727,16465818
