,f_samples,w_samples,rel_thr,abs_thr,sample_num
0,26940,73831,6.661948873249411,13.635548406007254,12999459
