,f_samples,w_samples,rel_thr,abs_thr,sample_num
0,84392,94266,-0.31514683085930706,0.49602294591834906,23046882
