,f_samples,w_samples,rel_thr,abs_thr,sample_num
0,25954,74315,19.052918163794526,4.870908681807363,12934701
