,f_samples,w_samples,rel_thr,abs_thr,sample_num
0,30556,61861,5264.3458813236575,7761.268459345385,11921793
