,f_samples,w_samples,rel_thr,abs_thr,sample_num
0,365861,25959,12.68800497402499,46140.39327821884,50544780
