,f_samples,w_samples,rel_thr,abs_thr,sample_num
0,56355,95922,12.503237606020848,13.568785332926206,19643733
