,f_samples,w_samples,rel_thr,abs_thr,sample_num
0,43511,55862,5916.687886170791,5369.103811433264,12819117
