,f_samples,w_samples,rel_thr,abs_thr,sample_num
0,75112,38189,2.302087869417992,12.188241358852364,14615829
