,f_samples,w_samples,rel_thr,abs_thr,sample_num
0,11573,36970,8313.817161382403,1742.3258948825148,6262047
