,f_samples,w_samples,rel_thr,abs_thr,sample_num
0,15486,94762,9758.534238188233,2767.225010338775,14221992
