,f_samples,w_samples,rel_thr,abs_thr,sample_num
0,64417,87400,23.239900209231692,34.563941563375046,19584393
