,f_samples,w_samples,rel_thr,abs_thr,sample_num
0,64037,53767,22.383297079736646,87.53678176881499,15196716
