,f_samples,w_samples,rel_thr,abs_thr,sample_num
0,85125,82196,9928.58421087312,4945.843830811897,21584409
