,f_samples,w_samples,rel_thr,abs_thr,sample_num
0,6771,16759,4226.613444736074,4250.510710940905,3035370
