,f_samples,w_samples,rel_thr,abs_thr,sample_num
0,73881,69568,-0.44942432678743316,2.0448639355227876,18504921
