,f_samples,w_samples,rel_thr,abs_thr,sample_num
0,78492,74773,3.4233178846766386,7.349278845370659,19771185
