,f_samples,w_samples,rel_thr,abs_thr,sample_num
0,82090,26439,20.89145731340731,86.6472355135637,14000241
