,f_samples,w_samples,rel_thr,abs_thr,sample_num
0,12433,24910,8.366606799362923,11.799313887881468,4817247
