,f_samples,w_samples,rel_thr,abs_thr,sample_num
0,8537,6801,2766.568081291748,1373.4634800822953,1978602
