,f_samples,w_samples,rel_thr,abs_thr,sample_num
0,13844,64686,7395.4135865315775,4726.289694997453,10130370
