,f_samples,w_samples,rel_thr,abs_thr,sample_num
0,74477,29261,8.729944221652483,6.352786622418837,13382202
