,f_samples,w_samples,rel_thr,abs_thr,sample_num
0,24421,29643,7823.954048190098,3814.1800147513295,6974256
