,f_samples,w_samples,rel_thr,abs_thr,sample_num
0,67900,59313,2169.912807715198,7553.084685712378,16410477
