,f_samples,w_samples,rel_thr,abs_thr,sample_num
0,52635,7135,4593.551664322165,1982.0275468905058,7710330
