,f_samples,w_samples,rel_thr,abs_thr,sample_num
0,12921,74201,4983.1658030833,6200.567329678877,11238738
