,f_samples,w_samples,rel_thr,abs_thr,sample_num
0,38358,16520,0.627484446033769,4.986089782378439,7079262
