,f_samples,w_samples,rel_thr,abs_thr,sample_num
0,48681,86928,0.12955920076413108,3.4575203500798253,17493561
