,f_samples,w_samples,rel_thr,abs_thr,sample_num
0,85281,28641,10.936952089208377,14.358846404745659,14695938
