,f_samples,w_samples,rel_thr,abs_thr,sample_num
0,23570,29753,9.224387930002951,10.555781013771192,6878667
