,f_samples,w_samples,rel_thr,abs_thr,sample_num
0,72417,66758,6.59030729990811,11.811028478262543,17953575
