,f_samples,w_samples,rel_thr,abs_thr,sample_num
0,29420,66063,9938.62104236269,5576.074453354,12317307
