,f_samples,w_samples,rel_thr,abs_thr,sample_num
0,30620,33455,42.24360462852436,97.5502631992916,8265675
