,f_samples,w_samples,rel_thr,abs_thr,sample_num
0,14343,45207,6553.997522964682,8125.890061535234,7681950
