,f_samples,w_samples,rel_thr,abs_thr,sample_num
0,51221,44482,6076.584298141503,5437.97900437,12345687
