,f_samples,w_samples,rel_thr,abs_thr,sample_num
0,224448,267204,-0.8676415986089268,122152.27774461058,63423108
