,f_samples,w_samples,rel_thr,abs_thr,sample_num
0,10305,57761,7448.985490355021,8220.813992368008,8780514
