,f_samples,w_samples,rel_thr,abs_thr,sample_num
0,41122,453589,13.008951964625163,54813.63651504727,63817719
