,f_samples,w_samples,rel_thr,abs_thr,sample_num
0,93375,12176,53.18137279266859,73.19368279702938,13616079
