,f_samples,w_samples,rel_thr,abs_thr,sample_num
0,84416,59330,10.948391252195703,8.405315350816352,18543234
