,f_samples,w_samples,rel_thr,abs_thr,sample_num
0,59447,17265,7598.450877789284,9554.198478091954,9895848
