,f_samples,w_samples,rel_thr,abs_thr,sample_num
0,35063,30210,10.783410046146999,18.822032262342127,8420217
