,f_samples,w_samples,rel_thr,abs_thr,sample_num
0,94122,35291,3.999332871049001,1.8136388350280441,16694277
