,f_samples,w_samples,rel_thr,abs_thr,sample_num
0,79700,44947,7.484793389379231,2.562480490083935,16079463
