,f_samples,w_samples,rel_thr,abs_thr,sample_num
0,37598,11053,3637.5170284283377,7503.566706782982,6275979
