,f_samples,w_samples,rel_thr,abs_thr,sample_num
0,10226,60933,3181.711381714442,769.3329879681498,9179511
