,f_samples,w_samples,rel_thr,abs_thr,sample_num
0,9519,37201,95.78472589199328,61.28304962715209,6026880
