,f_samples,w_samples,rel_thr,abs_thr,sample_num
0,6317,31275,9939.910730150857,9554.741111724707,4849368
