,f_samples,w_samples,rel_thr,abs_thr,sample_num
0,33860,62336,9221.691360154657,2993.167628466514,12409284
