,f_samples,w_samples,rel_thr,abs_thr,sample_num
0,70773,79648,9024.553999543583,366.86308185756246,19404309
