,f_samples,w_samples,rel_thr,abs_thr,sample_num
0,77032,47387,4740.6753462164825,4644.823472994377,16050051
