,f_samples,w_samples,rel_thr,abs_thr,sample_num
0,35350,69068,56.55562005585724,27.72440051399635,13469922
