,f_samples,w_samples,rel_thr,abs_thr,sample_num
0,19016,83843,1172.8092653551516,5129.13289218239,13268811
