,f_samples,w_samples,rel_thr,abs_thr,sample_num
0,21142,78012,3459.2146230340413,5594.545363441808,12790866
