,f_samples,w_samples,rel_thr,abs_thr,sample_num
0,15465,56620,2321.9330422912226,8062.1341591991795,9298965
