,f_samples,w_samples,rel_thr,abs_thr,sample_num
0,75077,6856,14.800704593166227,1.1663829633386391,10569357
