,f_samples,w_samples,rel_thr,abs_thr,sample_num
0,87649,92825,4.215248403388653,7.64307719599377,23281146
