,f_samples,w_samples,rel_thr,abs_thr,sample_num
0,89768,56708,8915.382991463339,4214.921790672309,18895404
