,f_samples,w_samples,rel_thr,abs_thr,sample_num
0,65768,56837,11.874026872525219,13.670426692064128,15816045
