,f_samples,w_samples,rel_thr,abs_thr,sample_num
0,25569,60645,0.7718880262112204,10.182670253151654,11121606
