,f_samples,w_samples,rel_thr,abs_thr,sample_num
0,40217,25149,42.1617904703599,30.275571333742548,8432214
