,f_samples,w_samples,rel_thr,abs_thr,sample_num
0,67853,35515,3.9268216049599545,5.146607246134173,13334472
