,f_samples,w_samples,rel_thr,abs_thr,sample_num
0,33028,84185,2421.8922715023223,4505.707740541653,15120477
