,f_samples,w_samples,rel_thr,abs_thr,sample_num
0,129815,120461,93.06573513418365,74.0659972193876,32285604
