,f_samples,w_samples,rel_thr,abs_thr,sample_num
0,42384,43745,12.465297264152504,48.18263882310523,11110641
