,f_samples,w_samples,rel_thr,abs_thr,sample_num
0,47563,66719,6177.175787900485,4044.506519414616,14742378
