,f_samples,w_samples,rel_thr,abs_thr,sample_num
0,5740,93540,52.88336567794455,7.390460183983483,12807120
