,f_samples,w_samples,rel_thr,abs_thr,sample_num
0,22543,66490,84.88239507976414,38.42171224280773,11485257
