,f_samples,w_samples,rel_thr,abs_thr,sample_num
0,52159,15080,7.0345491203914925,3.300558825131687,8673831
