,f_samples,w_samples,rel_thr,abs_thr,sample_num
0,82649,88098,11.940470004220616,6.554434893387441,22026363
