,f_samples,w_samples,rel_thr,abs_thr,sample_num
0,26598,57373,9.986237202604672,1.3536134933992345,10832259
