,f_samples,w_samples,rel_thr,abs_thr,sample_num
0,17820,42557,10.433480416535351,2.800275625710555,7788633
