,f_samples,w_samples,rel_thr,abs_thr,sample_num
0,261768,154135,6.581366285430187,128273.25266007739,53651487
