,f_samples,w_samples,rel_thr,abs_thr,sample_num
0,59234,83799,10.696095500257936,8.361829152952852,18451257
