,f_samples,w_samples,rel_thr,abs_thr,sample_num
0,83833,56872,8.132964319306552,7.9034715125634705,18150945
