,f_samples,w_samples,rel_thr,abs_thr,sample_num
0,84201,65451,65.37761078966524,13.570719974727952,19305108
