,f_samples,w_samples,rel_thr,abs_thr,sample_num
0,11308,76684,5676.0912336506035,5185.1642269412405,11350968
