,f_samples,w_samples,rel_thr,abs_thr,sample_num
0,451791,261462,0.36420245380037564,109743.06011395538,92009637
