,f_samples,w_samples,rel_thr,abs_thr,sample_num
0,50768,85293,5.312532201606348,94.74965544070798,17551869
