,f_samples,w_samples,rel_thr,abs_thr,sample_num
0,23834,29685,6.017166150345467,6.740721789238167,6903951
