,f_samples,w_samples,rel_thr,abs_thr,sample_num
0,44545,5927,68.42700367004853,67.70656767602006,6510888
