,f_samples,w_samples,rel_thr,abs_thr,sample_num
0,61371,73195,32.195806568186285,2.7585646447876644,17359014
