,f_samples,w_samples,rel_thr,abs_thr,sample_num
0,39470,26702,978.051567573165,3810.419591335016,8536188
