,f_samples,w_samples,rel_thr,abs_thr,sample_num
0,66602,28501,9.62026173203465,6.344820926902865,12268287
