,f_samples,w_samples,rel_thr,abs_thr,sample_num
0,5059,88774,1.909274414196744,39.98950461072327,12104457
