,f_samples,w_samples,rel_thr,abs_thr,sample_num
0,116125,284972,7.500675546191275,170155.72886889835,51741513
