,f_samples,w_samples,rel_thr,abs_thr,sample_num
0,345626,177885,6.057819683550431,64863.5560195274,67532919
