,f_samples,w_samples,rel_thr,abs_thr,sample_num
0,314556,111525,6.6211429473359615,195082.236527981,54964449
