,f_samples,w_samples,rel_thr,abs_thr,sample_num
0,31560,63696,8405.53326762758,6279.229726197976,12288024
