,f_samples,w_samples,rel_thr,abs_thr,sample_num
0,64157,41293,5.617170912561718,11.53013745679219,13603050
