,f_samples,w_samples,rel_thr,abs_thr,sample_num
0,72843,23987,8.589162341921208,13.615157085848178,12491070
