,f_samples,w_samples,rel_thr,abs_thr,sample_num
0,81859,65246,7018.054679796982,8006.118653459305,18976545
