,f_samples,w_samples,rel_thr,abs_thr,sample_num
0,83077,40638,1343.792894098333,634.9967603034435,15959235
