,f_samples,w_samples,rel_thr,abs_thr,sample_num
0,30256,94541,14.685635588040569,10.646763691021537,16098813
