,f_samples,w_samples,rel_thr,abs_thr,sample_num
0,201027,453993,10.586113297006502,76399.2523224987,84497580
