,f_samples,w_samples,rel_thr,abs_thr,sample_num
0,16002,68637,67.65665626408583,15.804154774262724,10918431
