,f_samples,w_samples,rel_thr,abs_thr,sample_num
0,92828,75700,11.50863833417485,10.993745829342805,21740112
