,f_samples,w_samples,rel_thr,abs_thr,sample_num
0,39723,75777,5730.704639052597,549.8403239818373,14899500
