,f_samples,w_samples,rel_thr,abs_thr,sample_num
0,94013,53140,4163.675740595032,6799.945778544697,18982737
