,f_samples,w_samples,rel_thr,abs_thr,sample_num
0,48775,63805,3.9896723457250083,12.244574930713004,14522820
