,f_samples,w_samples,rel_thr,abs_thr,sample_num
0,75699,88293,9657.849132998977,479.105556903342,21154968
