,f_samples,w_samples,rel_thr,abs_thr,sample_num
0,49420,5811,9843.785437165521,5147.784381119758,7124799
