,f_samples,w_samples,rel_thr,abs_thr,sample_num
0,52152,78314,31.78099844105664,47.90088930179483,16830114
