,f_samples,w_samples,rel_thr,abs_thr,sample_num
0,68139,40191,1390.5742080780328,8933.813589155483,13974570
