,f_samples,w_samples,rel_thr,abs_thr,sample_num
0,7674,70052,4.335155736220361,1.4454116553098788,10026654
