,f_samples,w_samples,rel_thr,abs_thr,sample_num
0,55539,16819,8.538861698338016,14.362914020570418,9334182
