,f_samples,w_samples,rel_thr,abs_thr,sample_num
0,23229,48951,11.30694437350285,5.775733250124558,9311220
