,f_samples,w_samples,rel_thr,abs_thr,sample_num
0,24336,67407,2.3860051271083815,2.143451747431496,11834847
