,f_samples,w_samples,rel_thr,abs_thr,sample_num
0,93760,16491,6.67414071908463,1.0028183691992665,14222379
