,f_samples,w_samples,rel_thr,abs_thr,sample_num
0,11314,59197,44.66723476390287,33.95993808686423,9095919
