,f_samples,w_samples,rel_thr,abs_thr,sample_num
0,37946,10618,1776.8990214204714,2450.675225207203,6264756
