,f_samples,w_samples,rel_thr,abs_thr,sample_num
0,54511,41079,9.949059126406162,4.0297332669552395,12331110
