,f_samples,w_samples,rel_thr,abs_thr,sample_num
0,76738,78823,9.631507195706032,12.670869282605995,20067369
