,f_samples,w_samples,rel_thr,abs_thr,sample_num
0,46024,14840,10.411629756468303,3.7347336083920424,7851456
