,f_samples,w_samples,rel_thr,abs_thr,sample_num
0,64215,67284,3749.9392283948127,7853.364674632364,16963371
