,f_samples,w_samples,rel_thr,abs_thr,sample_num
0,393825,402918,96.62428843196545,76.2964141848459,102779847
