,f_samples,w_samples,rel_thr,abs_thr,sample_num
0,37900,83371,2517.2375736252366,920.6184696250785,15643959
