,f_samples,w_samples,rel_thr,abs_thr,sample_num
0,5939,17509,8720.040850798037,2005.0381226556647,3024792
