,f_samples,w_samples,rel_thr,abs_thr,sample_num
0,47240,8719,5441.477509851694,3348.8020489803926,7218711
