,f_samples,w_samples,rel_thr,abs_thr,sample_num
0,6212,34137,13.954524854760173,10.575067318660714,5205021
