,f_samples,w_samples,rel_thr,abs_thr,sample_num
0,74938,47172,9307.714486584002,435.3866652898608,15752190
