,f_samples,w_samples,rel_thr,abs_thr,sample_num
0,77974,12345,3.551216628768559,0.9013361614474441,11651151
