,f_samples,w_samples,rel_thr,abs_thr,sample_num
0,62845,43235,7.333090905105415,5.2156898089234955,13684320
