,f_samples,w_samples,rel_thr,abs_thr,sample_num
0,60823,88699,0.9812464846141307,5.279917573602018,19288338
