,f_samples,w_samples,rel_thr,abs_thr,sample_num
0,28871,64337,4035.8693810187706,3108.612986818946,12023832
