,f_samples,w_samples,rel_thr,abs_thr,sample_num
0,31136,15038,22.69236342918471,1.6564265326179384,5956446
