,f_samples,w_samples,rel_thr,abs_thr,sample_num
0,49948,93919,94.15879834545665,12.482230648043602,18558843
