,f_samples,w_samples,rel_thr,abs_thr,sample_num
0,63957,89111,10.359398836770524,9.483044155357078,19745772
