,f_samples,w_samples,rel_thr,abs_thr,sample_num
0,77832,88620,14.314852122191088,3.9732028347015054,21472308
