,f_samples,w_samples,rel_thr,abs_thr,sample_num
0,44012,49483,648.2620167907016,9013.38426392817,12060855
