,f_samples,w_samples,rel_thr,abs_thr,sample_num
0,63488,37051,3850.607099511949,6319.0826510997,12969531
