,f_samples,w_samples,rel_thr,abs_thr,sample_num
0,83467,20589,1.8516519473604784,1.6816547366010552,13423224
