,f_samples,w_samples,rel_thr,abs_thr,sample_num
0,17004,40462,5254.242684464598,8800.947224514872,7413114
