,f_samples,w_samples,rel_thr,abs_thr,sample_num
0,29857,45658,8091.904660845933,4160.067396570164,9741435
