,f_samples,w_samples,rel_thr,abs_thr,sample_num
0,94890,19089,89.57647540581719,76.83020842149702,14703291
