,f_samples,w_samples,rel_thr,abs_thr,sample_num
0,65063,25264,47.96747465008301,30.026181350999003,11652183
