,f_samples,w_samples,rel_thr,abs_thr,sample_num
0,32660,28935,4.70472382472942,5.749085654882796,7945755
