,f_samples,w_samples,rel_thr,abs_thr,sample_num
0,41916,38138,2830.948178504403,2451.32959164406,10326966
