,f_samples,w_samples,rel_thr,abs_thr,sample_num
0,66736,29171,3837.4307900483004,7412.834240147919,12372003
