,f_samples,w_samples,rel_thr,abs_thr,sample_num
0,75083,18210,1.6370616598156555,4.454891921662444,12034797
