,f_samples,w_samples,rel_thr,abs_thr,sample_num
0,46877,67934,4466.006724679234,5774.226818934283,14810619
