,f_samples,w_samples,rel_thr,abs_thr,sample_num
0,71637,61394,11.325563500548174,8.567210893723024,17160999
