,f_samples,w_samples,rel_thr,abs_thr,sample_num
0,81417,27821,-0.5517175734677888,14.48380026022421,14091702
