,f_samples,w_samples,rel_thr,abs_thr,sample_num
0,7045,87649,26.41902428810519,79.8997701533659,12215526
