,f_samples,w_samples,rel_thr,abs_thr,sample_num
0,5516,42288,27.772212379951345,40.99632805077427,6166716
