,f_samples,w_samples,rel_thr,abs_thr,sample_num
0,85264,34100,5457.743148394824,1723.0915425127446,15397956
