,f_samples,w_samples,rel_thr,abs_thr,sample_num
0,47462,36189,2.953787093388005,1.7199011907556072,10790979
