,f_samples,w_samples,rel_thr,abs_thr,sample_num
0,5820,45915,1350.945439053553,6106.199162029697,6673815
