,f_samples,w_samples,rel_thr,abs_thr,sample_num
0,85784,18710,6314.346219890077,7118.714052530575,13479726
