,f_samples,w_samples,rel_thr,abs_thr,sample_num
0,82348,69528,4.580352344869166,10.194342168802935,19592004
