,f_samples,w_samples,rel_thr,abs_thr,sample_num
0,65543,43577,9055.470928089619,4782.754579241571,14076480
