,f_samples,w_samples,rel_thr,abs_thr,sample_num
0,12734,86184,13.59743150744385,1.8053182253790805,12760422
