,f_samples,w_samples,rel_thr,abs_thr,sample_num
0,44235,6553,8789.979710541618,5073.266511330311,6551652
