,f_samples,w_samples,rel_thr,abs_thr,sample_num
0,33539,53392,624.3399179611475,5012.047753465774,11214099
