,f_samples,w_samples,rel_thr,abs_thr,sample_num
0,55623,7311,7289.679706191769,5437.13945237989,8118486
