,f_samples,w_samples,rel_thr,abs_thr,sample_num
0,74433,39193,4.124956874548184,3.66364665488951,14657754
