,f_samples,w_samples,rel_thr,abs_thr,sample_num
0,86589,40939,39.87222020729033,92.11932052729577,16451112
