,f_samples,w_samples,rel_thr,abs_thr,sample_num
0,74645,27670,13.409177808161658,1.6036241498845194,13198635
