,f_samples,w_samples,rel_thr,abs_thr,sample_num
0,271838,71699,9.570324263305102,193056.19365729715,44316273
