,f_samples,w_samples,rel_thr,abs_thr,sample_num
0,24635,45371,8620.513586647188,575.7470294684452,9030774
