,f_samples,w_samples,rel_thr,abs_thr,sample_num
0,72086,90102,14.216406588897604,13.778318577462624,20922252
