,f_samples,w_samples,rel_thr,abs_thr,sample_num
0,26393,25913,2542.3825979057897,3250.4201962225434,6747474
