,f_samples,w_samples,rel_thr,abs_thr,sample_num
0,79336,18030,9166.43704378023,2523.5090578985964,12560214
