,f_samples,w_samples,rel_thr,abs_thr,sample_num
0,91136,95093,13.797667039895456,144110.53359891856,24023541
