,f_samples,w_samples,rel_thr,abs_thr,sample_num
0,18837,28910,9009.357433234096,3992.7958036588284,6159363
