,f_samples,w_samples,rel_thr,abs_thr,sample_num
0,11350,28235,143.29801331517382,5767.047168798235,5106465
