,f_samples,w_samples,rel_thr,abs_thr,sample_num
0,86740,52149,8626.940184909623,5274.737214020926,17916681
