,f_samples,w_samples,rel_thr,abs_thr,sample_num
0,42579,18833,3530.4317910401273,7703.246673711157,7922148
