,f_samples,w_samples,rel_thr,abs_thr,sample_num
0,7104,74268,23.548706931892102,55.04468573763774,10496988
