,f_samples,w_samples,rel_thr,abs_thr,sample_num
0,20496,10562,11.672586431373219,4.3738797852392635,4006482
