,f_samples,w_samples,rel_thr,abs_thr,sample_num
0,88711,60657,4.225725652976845,3.5068602423830426,19268472
