,f_samples,w_samples,rel_thr,abs_thr,sample_num
0,77355,45443,3272.335822134744,8654.168099562989,15840942
