,f_samples,w_samples,rel_thr,abs_thr,sample_num
0,89329,29818,2329.4978063476433,9780.29574263199,15369963
