,f_samples,w_samples,rel_thr,abs_thr,sample_num
0,74220,61434,6.168611410794076,5.027154629415983,17499366
