,f_samples,w_samples,rel_thr,abs_thr,sample_num
0,35357,20661,10.833422427862553,14.198198651981246,7226322
