,f_samples,w_samples,rel_thr,abs_thr,sample_num
0,95331,43091,71.67089928404755,67.66518213724825,17856438
