,f_samples,w_samples,rel_thr,abs_thr,sample_num
0,25182,58305,13.02650262883206,10.35992512711577,10769823
