,f_samples,w_samples,rel_thr,abs_thr,sample_num
0,18231,83281,5016.937172071098,4161.997511026215,13095048
