,f_samples,w_samples,rel_thr,abs_thr,sample_num
0,368926,467265,29.309869493440832,43.63406199220014,107868639
