,f_samples,w_samples,rel_thr,abs_thr,sample_num
0,8640,49242,3.1035088705161638,8.380909503637943,7466778
