,f_samples,w_samples,rel_thr,abs_thr,sample_num
0,16989,78518,13.080742525611663,0.3620415429720575,12320403
