,f_samples,w_samples,rel_thr,abs_thr,sample_num
0,33008,80405,12.00182960437711,11.902612313376736,14630277
