,f_samples,w_samples,rel_thr,abs_thr,sample_num
0,14771,37975,4668.257030585346,1282.421770616008,6804234
