,f_samples,w_samples,rel_thr,abs_thr,sample_num
0,7136,136485,6.189242955201829,37135.45466954824,18527109
