,f_samples,w_samples,rel_thr,abs_thr,sample_num
0,41791,40139,245.69034498752055,1872.235725932131,10568970
