,f_samples,w_samples,rel_thr,abs_thr,sample_num
0,50109,56535,3811.5887224756502,6623.84264431052,13757076
