,f_samples,w_samples,rel_thr,abs_thr,sample_num
0,13607,77323,5.862990839086237,8.526970314512333,11729970
