,f_samples,w_samples,rel_thr,abs_thr,sample_num
0,23458,88357,54.38700414655198,94.19509360325702,14424135
