,f_samples,w_samples,rel_thr,abs_thr,sample_num
0,89600,72473,9.094770120426746,13.047581224061863,20907417
