,f_samples,w_samples,rel_thr,abs_thr,sample_num
0,87817,40193,9552.146587219326,8818.688078520372,16513290
