,f_samples,w_samples,rel_thr,abs_thr,sample_num
0,13581,60036,1163.658889585466,2755.1185873197014,9496593
