,f_samples,w_samples,rel_thr,abs_thr,sample_num
0,69593,45596,9.918195333174314,1.7796467686127526,14859381
