,f_samples,w_samples,rel_thr,abs_thr,sample_num
0,95756,60232,1.0555612413727005,5.3357035768239065,20122452
