,f_samples,w_samples,rel_thr,abs_thr,sample_num
0,86287,48589,7157.952344607365,592.9546006486441,17399004
