,f_samples,w_samples,rel_thr,abs_thr,sample_num
0,74517,82061,20.688588494975807,45.79497412528697,20198562
