,f_samples,w_samples,rel_thr,abs_thr,sample_num
0,32101,68513,3928.5430933789553,3967.6179744984474,12979206
