,f_samples,w_samples,rel_thr,abs_thr,sample_num
0,80696,67839,6721.3201414927635,3380.7415706647203,19161015
