,f_samples,w_samples,rel_thr,abs_thr,sample_num
0,54397,47895,9788.876953642844,943.6494190639199,13195668
