,f_samples,w_samples,rel_thr,abs_thr,sample_num
0,478313,212979,3.9892738150110425,126112.47203379127,89176668
