,f_samples,w_samples,rel_thr,abs_thr,sample_num
0,57905,83418,1791.9071234558082,6604.147930742535,18230667
