,f_samples,w_samples,rel_thr,abs_thr,sample_num
0,94821,86851,18.055357646122868,58.61676094596676,23435688
