,f_samples,w_samples,rel_thr,abs_thr,sample_num
0,72180,80011,3.1721015184251886,13.832670020224139,19632639
