,f_samples,w_samples,rel_thr,abs_thr,sample_num
0,27967,48464,8259.761124108585,3242.904338697473,9859599
