,f_samples,w_samples,rel_thr,abs_thr,sample_num
0,36983,68190,6945.912847434017,4473.726683722878,13567317
