,f_samples,w_samples,rel_thr,abs_thr,sample_num
0,10046,58218,0.8971009185694623,14.771553907592715,8806056
