,f_samples,w_samples,rel_thr,abs_thr,sample_num
0,6706,36512,14.200771579129118,3.499834918955818,5575122
