,f_samples,w_samples,rel_thr,abs_thr,sample_num
0,51598,67923,2373.4563851797006,434.6188788558047,15418209
