,f_samples,w_samples,rel_thr,abs_thr,sample_num
0,6819,92279,69.8917349908433,60.087579619394674,12783642
