,f_samples,w_samples,rel_thr,abs_thr,sample_num
0,56800,73572,98.59285266857505,53.43595668215608,16817988
