,f_samples,w_samples,rel_thr,abs_thr,sample_num
0,16422,43410,1281.2187398710305,2450.003287364361,7718328
