,f_samples,w_samples,rel_thr,abs_thr,sample_num
0,32086,64407,4.36585666321383,11.323270347139959,12447597
