,f_samples,w_samples,rel_thr,abs_thr,sample_num
0,40166,19317,14.781397285990446,4.05369596214133,7673307
