,f_samples,w_samples,rel_thr,abs_thr,sample_num
0,49853,50032,5.171891169921382,2.4801011398182737,12885165
