,f_samples,w_samples,rel_thr,abs_thr,sample_num
0,95759,5115,4101.950626458847,8538.662989468849,13012746
