,f_samples,w_samples,rel_thr,abs_thr,sample_num
0,472403,341751,14.072399242864732,94455.16204907169,105025866
