,f_samples,w_samples,rel_thr,abs_thr,sample_num
0,16774,31158,7626.1908366503,9749.63960729654,6183228
