,f_samples,w_samples,rel_thr,abs_thr,sample_num
0,78297,48103,11.906270331285347,7.199517964990065,16305600
