,f_samples,w_samples,rel_thr,abs_thr,sample_num
0,93653,56232,14.592036105054605,0.06481020971033702,19335165
