,f_samples,w_samples,rel_thr,abs_thr,sample_num
0,62226,17374,3.4820049837961564,18.88056040745153,10268400
