,f_samples,w_samples,rel_thr,abs_thr,sample_num
0,55066,48035,14.840550109044784,12.104495531919072,13300029
