,f_samples,w_samples,rel_thr,abs_thr,sample_num
0,56026,49062,19.31471043548334,32.792169993513234,13556352
