,f_samples,w_samples,rel_thr,abs_thr,sample_num
0,86331,52817,20.31056537077857,40.07832745663531,17950092
