,f_samples,w_samples,rel_thr,abs_thr,sample_num
0,50603,36607,7.588332268351774,13.357529722924497,11250090
