,f_samples,w_samples,rel_thr,abs_thr,sample_num
0,87550,81952,2.7414421848721098,13.854504063757823,21865758
