,f_samples,w_samples,rel_thr,abs_thr,sample_num
0,23820,26795,1489.1592899688908,9053.49783537394,6529335
