,f_samples,w_samples,rel_thr,abs_thr,sample_num
0,62892,52326,8.683387122293231,5.170142425086201,14863122
