,f_samples,w_samples,rel_thr,abs_thr,sample_num
0,8665,45211,7343.849758678682,5347.89802042305,6950004
