,f_samples,w_samples,rel_thr,abs_thr,sample_num
0,32082,18328,36.25704178656926,36.66578189042615,6502890
