,f_samples,w_samples,rel_thr,abs_thr,sample_num
0,52141,68446,24.24724975136248,39.244774651072355,15555723
