,f_samples,w_samples,rel_thr,abs_thr,sample_num
0,46787,10999,-0.5928721762619933,10.852130129963097,7454394
