,f_samples,w_samples,rel_thr,abs_thr,sample_num
0,33242,17367,44.93099143336934,97.08277906180125,6528561
