,f_samples,w_samples,rel_thr,abs_thr,sample_num
0,82561,51762,69.77033414740252,56.66879988528296,17327667
