,f_samples,w_samples,rel_thr,abs_thr,sample_num
0,52612,80568,6373.073161218138,8916.145403220478,17180220
