,f_samples,w_samples,rel_thr,abs_thr,sample_num
0,35315,53047,4114.242204126042,5156.430023490873,11398698
