,f_samples,w_samples,rel_thr,abs_thr,sample_num
0,34199,82936,12.083234862418083,5.172094052760746,15110415
