,f_samples,w_samples,rel_thr,abs_thr,sample_num
0,56468,10071,8.795614212307777,13.186127410274583,8583531
