,f_samples,w_samples,rel_thr,abs_thr,sample_num
0,19164,19181,1604.8238149649508,3065.2115458036424,4946505
