,f_samples,w_samples,rel_thr,abs_thr,sample_num
0,35536,33220,248.36714375637274,2542.8808943805116,8869524
