,f_samples,w_samples,rel_thr,abs_thr,sample_num
0,27719,342461,10.96256112254443,69788.72906018689,47753220
