,f_samples,w_samples,rel_thr,abs_thr,sample_num
0,46763,86670,1.6890781894803641,8.682606541656504,17212857
