,f_samples,w_samples,rel_thr,abs_thr,sample_num
0,91311,20711,7.542814401471144,8.399360786506001,14450838
