,f_samples,w_samples,rel_thr,abs_thr,sample_num
0,70319,21935,79.26491300144863,22.26260872485345,11900766
