,f_samples,w_samples,rel_thr,abs_thr,sample_num
0,17924,65938,4995.529216129292,2493.794645867917,10818198
