,f_samples,w_samples,rel_thr,abs_thr,sample_num
0,85913,84460,1.31150954057623,10.97109795811405,21978117
