,f_samples,w_samples,rel_thr,abs_thr,sample_num
0,5818,61753,59.46498152207785,24.7080765922017,8716659
