,f_samples,w_samples,rel_thr,abs_thr,sample_num
0,7961,9913,3379.4388410288093,649.186052759021,2305746
