,f_samples,w_samples,rel_thr,abs_thr,sample_num
0,56480,86034,14.865193994007022,11.974863936053989,18384306
