,f_samples,w_samples,rel_thr,abs_thr,sample_num
0,5610,88903,9.85520385367456,8.776764755087916,12192177
