,f_samples,w_samples,rel_thr,abs_thr,sample_num
0,82633,63982,7.1757013186898195,9.57829906123025,18913335
