,f_samples,w_samples,rel_thr,abs_thr,sample_num
0,356270,308806,-0.5122741559180041,94.87929093983577,85794804
