,f_samples,w_samples,rel_thr,abs_thr,sample_num
0,14873,90991,27.695434952218733,73.47565203127982,13656456
