,f_samples,w_samples,rel_thr,abs_thr,sample_num
0,79857,29642,65.08956546961923,64.21587299475614,14125371
