,f_samples,w_samples,rel_thr,abs_thr,sample_num
0,276906,367276,2.243772510485506,132639.8316037761,83099478
