,f_samples,w_samples,rel_thr,abs_thr,sample_num
0,7581,10146,99.6628464902948,95.28299392986362,2286783
