,f_samples,w_samples,rel_thr,abs_thr,sample_num
0,52788,12611,5348.084600076295,4830.8039862673495,8436471
