,f_samples,w_samples,rel_thr,abs_thr,sample_num
0,40321,30494,-0.07451876598444862,13.030609684281382,9135135
