,f_samples,w_samples,rel_thr,abs_thr,sample_num
0,38233,22684,4511.460149493205,3645.3130295652413,7858293
