,f_samples,w_samples,rel_thr,abs_thr,sample_num
0,246220,55087,7.316649691235298,125982.56615314203,38868603
