,f_samples,w_samples,rel_thr,abs_thr,sample_num
0,13892,20070,40.37923864804245,52.09228657756857,4381098
