,f_samples,w_samples,rel_thr,abs_thr,sample_num
0,75476,92466,9.650326249911657,1.233951788772882,21664518
