,f_samples,w_samples,rel_thr,abs_thr,sample_num
0,307033,9539,0.6641290776964563,186817.47116530637,40837788
