,f_samples,w_samples,rel_thr,abs_thr,sample_num
0,31977,6217,71.38129736529575,30.493030835610156,4927026
