,f_samples,w_samples,rel_thr,abs_thr,sample_num
0,86671,67507,2.986563658278669,1.1582497758023536,19888962
