,f_samples,w_samples,rel_thr,abs_thr,sample_num
0,77426,52380,8.056928013318036,12.38772694113474,16744974
