,f_samples,w_samples,rel_thr,abs_thr,sample_num
0,122537,281683,0.3190870281694522,199247.39211347906,52144380
