,f_samples,w_samples,rel_thr,abs_thr,sample_num
0,45689,58696,1919.3616674492744,1834.5056313062214,13465665
