,f_samples,w_samples,rel_thr,abs_thr,sample_num
0,21502,56884,3.9092879457812213,14.757050785758086,10111794
