,f_samples,w_samples,rel_thr,abs_thr,sample_num
0,78335,31596,907.4373802014644,7255.53522986384,14181099
