,f_samples,w_samples,rel_thr,abs_thr,sample_num
0,49403,89067,425.1341513498875,1213.3014093831673,17862630
