,f_samples,w_samples,rel_thr,abs_thr,sample_num
0,87474,67263,2857.102851169456,1371.8306122548718,19961073
