,f_samples,w_samples,rel_thr,abs_thr,sample_num
0,45738,69958,9.445967959485557,6.746048707333903,14924784
