,f_samples,w_samples,rel_thr,abs_thr,sample_num
0,23809,20839,3.42094329847035,11.871984272031916,5759592
