,f_samples,w_samples,rel_thr,abs_thr,sample_num
0,38061,94071,82.75769506045924,46.45371148270001,17045028
