,f_samples,w_samples,rel_thr,abs_thr,sample_num
0,42586,77585,3807.5106876737477,2340.9280288284986,15502059
