,f_samples,w_samples,rel_thr,abs_thr,sample_num
0,12942,45666,51.28078120387999,96.35896331788766,7560432
