,f_samples,w_samples,rel_thr,abs_thr,sample_num
0,14388,30880,4.299172893587912,11.449770176181742,5839572
