,f_samples,w_samples,rel_thr,abs_thr,sample_num
0,19665,75793,46.72508038412917,29.164402834341942,12314082
