,f_samples,w_samples,rel_thr,abs_thr,sample_num
0,10426,10559,7096.699639450005,7797.2492108696915,2707065
