,f_samples,w_samples,rel_thr,abs_thr,sample_num
0,60655,48889,5573.174926899869,9930.152540300824,14131176
