,f_samples,w_samples,rel_thr,abs_thr,sample_num
0,80926,89402,1858.5056172673935,3926.091143119239,21972312
