,f_samples,w_samples,rel_thr,abs_thr,sample_num
0,26005,65022,8172.949473624257,7304.748698643511,11742483
