,f_samples,w_samples,rel_thr,abs_thr,sample_num
0,26501,38202,81.36620091891922,39.60743608247888,8346687
