,f_samples,w_samples,rel_thr,abs_thr,sample_num
0,36099,14567,2486.849719560119,1613.5612461760606,6535914
