,f_samples,w_samples,rel_thr,abs_thr,sample_num
0,39830,22677,1636.5906064555538,93.84942075505221,8063403
