,f_samples,w_samples,rel_thr,abs_thr,sample_num
0,27454,59380,-0.3644324900932663,2.420197816210414,11201586
