,f_samples,w_samples,rel_thr,abs_thr,sample_num
0,10735,41773,2.5689205804442494,9.645786710216553,6773532
