,f_samples,w_samples,rel_thr,abs_thr,sample_num
0,7888,80672,9572.2310076449,5795.696257693999,11424240
