,f_samples,w_samples,rel_thr,abs_thr,sample_num
0,34008,44997,4.866807452921291,13.030289422988057,10191645
