,f_samples,w_samples,rel_thr,abs_thr,sample_num
0,40830,80777,4303.626547638491,8490.262636898115,15687303
