,f_samples,w_samples,rel_thr,abs_thr,sample_num
0,66130,48240,81.14729011150565,90.95254758526521,14753730
