,f_samples,w_samples,rel_thr,abs_thr,sample_num
0,88467,30903,4.489322121489099,3.4544704614661526,15398730
