,f_samples,w_samples,rel_thr,abs_thr,sample_num
0,48476,56022,81.70564265150038,67.31341922281094,13480242
