,f_samples,w_samples,rel_thr,abs_thr,sample_num
0,77203,49843,4850.768972586952,6991.1733677728225,16388934
