,f_samples,w_samples,rel_thr,abs_thr,sample_num
0,27767,5773,78.75561178782525,46.00727794721362,4326660
