,f_samples,w_samples,rel_thr,abs_thr,sample_num
0,95838,86060,13.540137575047133,13.310387334115049,23464842
