,f_samples,w_samples,rel_thr,abs_thr,sample_num
0,44206,56066,5.660499200949669,8.509833463968551,12935088
