,f_samples,w_samples,rel_thr,abs_thr,sample_num
0,34013,94507,4.541208430513436,1.6746301555878262,16579080
