,f_samples,w_samples,rel_thr,abs_thr,sample_num
0,62561,25325,-0.15006827482336504,8.19078722391934,11337294
