,f_samples,w_samples,rel_thr,abs_thr,sample_num
0,93874,62086,10.476130942165025,18.25230251260136,20118840
