,f_samples,w_samples,rel_thr,abs_thr,sample_num
0,10532,40756,4.327684226501832,12.72039898267238,6616152
