,f_samples,w_samples,rel_thr,abs_thr,sample_num
0,69737,92783,2429.539540391874,5978.557236255979,20965080
