,f_samples,w_samples,rel_thr,abs_thr,sample_num
0,49977,32246,9510.466349998627,2291.898362350754,10606767
