,f_samples,w_samples,rel_thr,abs_thr,sample_num
0,59555,43459,12.55885955401264,11.780172989709001,13288806
