,f_samples,w_samples,rel_thr,abs_thr,sample_num
0,47947,92207,13.008307043491353,1.6718437408042863,18079866
