,f_samples,w_samples,rel_thr,abs_thr,sample_num
0,43219,59460,12.361366864653922,12.969267120328908,13245591
