,f_samples,w_samples,rel_thr,abs_thr,sample_num
0,29567,5308,5.406304613002101,8.486184945506574,4498875
