,f_samples,w_samples,rel_thr,abs_thr,sample_num
0,82932,90204,7094.555137232785,3032.231817804747,22334544
