,f_samples,w_samples,rel_thr,abs_thr,sample_num
0,38791,13916,34.82392127837385,41.70677909768927,6799203
