,f_samples,w_samples,rel_thr,abs_thr,sample_num
0,7900,44508,6.0889932067860375,9.267640010726991,6760632
