,f_samples,w_samples,rel_thr,abs_thr,sample_num
0,68459,28530,3.8975052543208264,2.6301272520525454,12511581
