,f_samples,w_samples,rel_thr,abs_thr,sample_num
0,92876,11373,1641.0400228080357,1720.7768634308006,13448121
