,f_samples,w_samples,rel_thr,abs_thr,sample_num
0,91217,80251,5655.68585174837,2318.4483831705807,22119372
