,f_samples,w_samples,rel_thr,abs_thr,sample_num
0,77722,38042,5.4947455511136525,14.589953408745165,14933556
