,f_samples,w_samples,rel_thr,abs_thr,sample_num
0,20555,36436,63.75670175995525,85.94509173276043,7351839
