,f_samples,w_samples,rel_thr,abs_thr,sample_num
0,6706,86135,3184.3649258530186,1924.9407093406378,11976489
