,f_samples,w_samples,rel_thr,abs_thr,sample_num
0,93559,21201,48.15273486060841,59.727484895256,14804040
