,f_samples,w_samples,rel_thr,abs_thr,sample_num
0,81678,5163,3.5887317272225747,3.3958448591567385,11202489
