,f_samples,w_samples,rel_thr,abs_thr,sample_num
0,51210,22469,4.258059898550238,5.705544020474567,9504591
