,f_samples,w_samples,rel_thr,abs_thr,sample_num
0,64598,10043,53.400281590670815,24.12383612573914,9628689
