,f_samples,w_samples,rel_thr,abs_thr,sample_num
0,86186,45144,0.8621944279907456,9.896763230981252,16941570
