,f_samples,w_samples,rel_thr,abs_thr,sample_num
0,86750,88333,2970.2017174987777,1749.9665079993965,22585707
