,f_samples,w_samples,rel_thr,abs_thr,sample_num
0,67098,87250,4.589762480909828,8.021572594504198,19910892
