,f_samples,w_samples,rel_thr,abs_thr,sample_num
0,56304,16094,3.5807631567536653,3.6936038482341664,9339342
