,f_samples,w_samples,rel_thr,abs_thr,sample_num
0,22842,10711,5406.516277649168,8727.350516549493,4328337
