,f_samples,w_samples,rel_thr,abs_thr,sample_num
0,11210,81521,3808.4559061564896,5088.766122743095,11962299
