,f_samples,w_samples,rel_thr,abs_thr,sample_num
0,63389,41774,9441.06040947409,6713.375215675685,13566027
