,f_samples,w_samples,rel_thr,abs_thr,sample_num
0,47363,54687,22.834746756818518,59.715104274739176,13164450
