,f_samples,w_samples,rel_thr,abs_thr,sample_num
0,40707,9555,1027.437783342435,5760.368769217988,6483798
