,f_samples,w_samples,rel_thr,abs_thr,sample_num
0,88009,71971,66.91430980802119,51.713921807326436,20637420
