,f_samples,w_samples,rel_thr,abs_thr,sample_num
0,182487,369113,53.37988024707922,66.3229798585139,71156400
