,f_samples,w_samples,rel_thr,abs_thr,sample_num
0,79509,69576,5.7863078730498625,4.00727362693356,19231965
