,f_samples,w_samples,rel_thr,abs_thr,sample_num
0,39497,26289,44.85135612292191,7.3005147326696935,8486394
