,f_samples,w_samples,rel_thr,abs_thr,sample_num
0,220614,132162,84.80186612088143,24.601348335501626,45508104
