,f_samples,w_samples,rel_thr,abs_thr,sample_num
0,14685,30290,11.15001766729097,5.906653480102395,5801775
