,f_samples,w_samples,rel_thr,abs_thr,sample_num
0,6874,16587,4585.25628066295,6380.508940757983,3026469
