,f_samples,w_samples,rel_thr,abs_thr,sample_num
0,13163,95773,28.28131437007712,52.47628275990993,14052744
