,f_samples,w_samples,rel_thr,abs_thr,sample_num
0,70139,86872,98.63506620922892,74.8674088530935,20254419
