,f_samples,w_samples,rel_thr,abs_thr,sample_num
0,79121,24492,7767.43513872702,7445.7651096544905,13366077
