,f_samples,w_samples,rel_thr,abs_thr,sample_num
0,9057,13845,2.6995686486857267,1.7368838199935466,2954358
