,f_samples,w_samples,rel_thr,abs_thr,sample_num
0,57573,37533,9.355254855434525,12.71144053454526,12268674
