,f_samples,w_samples,rel_thr,abs_thr,sample_num
0,53508,6582,1342.5901182173382,6465.754242898669,7751610
