,f_samples,w_samples,rel_thr,abs_thr,sample_num
0,83620,41622,3816.0367088650564,8085.192328505085,16156218
