,f_samples,w_samples,rel_thr,abs_thr,sample_num
0,18175,86561,38.77708968530317,20.653272823572077,13510944
