,f_samples,w_samples,rel_thr,abs_thr,sample_num
0,59580,75087,60.263433854681466,20.189390326817925,17372043
