,f_samples,w_samples,rel_thr,abs_thr,sample_num
0,59224,48352,2753.2204654907605,7899.736105113246,13877304
