,f_samples,w_samples,rel_thr,abs_thr,sample_num
0,26382,38528,4.866602213795147,4.724420454525095,8373390
