,f_samples,w_samples,rel_thr,abs_thr,sample_num
0,63915,23005,8128.371859947412,2267.765971522976,11212680
