,f_samples,w_samples,rel_thr,abs_thr,sample_num
0,440252,121235,5.184617680447731,41354.593614140715,72431823
