,f_samples,w_samples,rel_thr,abs_thr,sample_num
0,5461,70058,9.76586074997973,5.518608920119127,9741951
