,f_samples,w_samples,rel_thr,abs_thr,sample_num
0,52047,11187,0.4044845894291367,2.953404769929575,8157186
