,f_samples,w_samples,rel_thr,abs_thr,sample_num
0,69503,32572,6.21130290730432,7.633068938291349,13167675
