,f_samples,w_samples,rel_thr,abs_thr,sample_num
0,40783,12284,7.502180137726526,2.668894649294568,6845643
