,f_samples,w_samples,rel_thr,abs_thr,sample_num
0,73612,49093,98.2099106181707,5842.431435510175,15828945
