,f_samples,w_samples,rel_thr,abs_thr,sample_num
0,54451,6257,2818.0078302355178,5372.91194021326,7831332
