,f_samples,w_samples,rel_thr,abs_thr,sample_num
0,41842,15098,14.392033389063762,9.61889889643063,7345260
