,f_samples,w_samples,rel_thr,abs_thr,sample_num
0,41266,77786,4228.628473846868,1081.8295152532896,15357708
