,f_samples,w_samples,rel_thr,abs_thr,sample_num
0,46320,9910,9549.368146106335,6889.7401490451375,7253670
