,f_samples,w_samples,rel_thr,abs_thr,sample_num
0,36419,85055,2775.1868109230827,713.3933404514204,15670146
