,f_samples,w_samples,rel_thr,abs_thr,sample_num
0,80888,68408,96.08894820587048,41.542393638925354,19259184
