,f_samples,w_samples,rel_thr,abs_thr,sample_num
0,79802,32672,5582.874426253746,3731.608034794968,14509146
