,f_samples,w_samples,rel_thr,abs_thr,sample_num
0,46720,13957,6.815921418863816,14.831942754573152,7827333
