,f_samples,w_samples,rel_thr,abs_thr,sample_num
0,351476,199565,3.7286140021884133,84877.95110657024,71084289
