,f_samples,w_samples,rel_thr,abs_thr,sample_num
0,57773,49674,4165.310945545191,9347.486332822295,13860663
