,f_samples,w_samples,rel_thr,abs_thr,sample_num
0,348454,32269,12.370193830574186,191864.19892088798,49113267
