,f_samples,w_samples,rel_thr,abs_thr,sample_num
0,5766,22270,6699.468950909665,1365.640496243653,3616644
