,f_samples,w_samples,rel_thr,abs_thr,sample_num
0,82332,12353,5.0244865315170575,8.898524160418,12214365
