,f_samples,w_samples,rel_thr,abs_thr,sample_num
0,73671,27628,1659.492343378863,8403.445781963777,13067571
