,f_samples,w_samples,rel_thr,abs_thr,sample_num
0,61978,89392,63.11006840509778,58.14016143934182,19526730
