,f_samples,w_samples,rel_thr,abs_thr,sample_num
0,94356,13065,-0.797572816431467,0.4780423437980835,13857309
