,f_samples,w_samples,rel_thr,abs_thr,sample_num
0,73414,20562,16.463322437285765,72.19946633443749,12122904
