,f_samples,w_samples,rel_thr,abs_thr,sample_num
0,373034,477143,2.7280220102068125,112500.41825118422,109672833
