,f_samples,w_samples,rel_thr,abs_thr,sample_num
0,17367,73286,54.77511262412343,41.626122117310956,11694237
