,f_samples,w_samples,rel_thr,abs_thr,sample_num
0,55835,71426,199.88824536042597,4537.433124576596,16416669
