,f_samples,w_samples,rel_thr,abs_thr,sample_num
0,86586,67362,417.8669997526571,5816.896535936321,19859292
