,f_samples,w_samples,rel_thr,abs_thr,sample_num
0,397210,328796,1.3743337864295508,160033.73413305165,93654774
