,f_samples,w_samples,rel_thr,abs_thr,sample_num
0,59766,42308,-0.33559268988353175,12.582299850911413,13167546
