,f_samples,w_samples,rel_thr,abs_thr,sample_num
0,84701,19129,13.010322424494586,12.233884798521393,13394070
