,f_samples,w_samples,rel_thr,abs_thr,sample_num
0,53676,15493,1491.9540341891127,710.2435278227182,8922801
