,f_samples,w_samples,rel_thr,abs_thr,sample_num
0,66605,78606,14.73329201057716,6.5417815470550105,18732219
