,f_samples,w_samples,rel_thr,abs_thr,sample_num
0,24465,33139,7964.691087147519,419.0263926336424,7430916
