,f_samples,w_samples,rel_thr,abs_thr,sample_num
0,38005,72664,8910.395879424557,6552.978464344933,14276301
