,f_samples,w_samples,rel_thr,abs_thr,sample_num
0,70600,24587,14.674426040232708,13.13570941633661,12279123
