,f_samples,w_samples,rel_thr,abs_thr,sample_num
0,13403,28400,10.552323810362047,12.814984564940033,5392587
