,f_samples,w_samples,rel_thr,abs_thr,sample_num
0,72010,95213,1.3459160292692935,0.448100071300675,21571767
