,f_samples,w_samples,rel_thr,abs_thr,sample_num
0,12101,47917,38.69062643203491,49.06390536380588,7742322
