,f_samples,w_samples,rel_thr,abs_thr,sample_num
0,27396,25165,8385.679634068016,2799.305180116597,6780369
