,f_samples,w_samples,rel_thr,abs_thr,sample_num
0,50489,31974,5024.274301451262,2886.0767235431726,10637727
