,f_samples,w_samples,rel_thr,abs_thr,sample_num
0,88246,75787,7792.7459621178405,3591.8427950895093,21160257
