,f_samples,w_samples,rel_thr,abs_thr,sample_num
0,95606,19089,95.78070204408536,6.765143883821912,14795655
