,f_samples,w_samples,rel_thr,abs_thr,sample_num
0,277584,72345,3.5572542454349527,151298.26169582573,45140841
