,f_samples,w_samples,rel_thr,abs_thr,sample_num
0,74310,15076,-0.2541151564292452,1.2109298631761511,11530794
