,f_samples,w_samples,rel_thr,abs_thr,sample_num
0,13269,45076,6389.57599072867,6703.304873762145,7526505
