,f_samples,w_samples,rel_thr,abs_thr,sample_num
0,18073,13215,8.662477967405541,4.358596597916514,4036152
