,f_samples,w_samples,rel_thr,abs_thr,sample_num
0,89803,12841,7.571545918119119,6.744220483434679,13241076
