,f_samples,w_samples,rel_thr,abs_thr,sample_num
0,95903,75657,4225.833421431207,1088.8095274682962,22131240
