,f_samples,w_samples,rel_thr,abs_thr,sample_num
0,36540,56158,11.696062467844506,2.6190746938810983,11958042
