,f_samples,w_samples,rel_thr,abs_thr,sample_num
0,56775,87701,3702.544202108724,3799.2511804280084,18637404
