,f_samples,w_samples,rel_thr,abs_thr,sample_num
0,76277,42553,2.0163434894445285,94.09453623591712,15329070
