,f_samples,w_samples,rel_thr,abs_thr,sample_num
0,83604,53579,6129.331827568043,9813.814452521256,17696607
