,f_samples,w_samples,rel_thr,abs_thr,sample_num
0,95203,37268,0.8233737085436523,13.716305118542078,17088759
