,f_samples,w_samples,rel_thr,abs_thr,sample_num
0,66086,54474,28.73928086749809,27.223773798926487,15552240
