,f_samples,w_samples,rel_thr,abs_thr,sample_num
0,35063,90733,5.8925221078623355,5.213571086579961,16227684
