,f_samples,w_samples,rel_thr,abs_thr,sample_num
0,71370,33134,6741.33404809372,6333.139750002025,13481016
