,f_samples,w_samples,rel_thr,abs_thr,sample_num
0,88710,26540,4672.527725358563,8892.501367477555,14867250
