,f_samples,w_samples,rel_thr,abs_thr,sample_num
0,66807,93607,9697.603426668205,1671.3755320432033,20693406
