,f_samples,w_samples,rel_thr,abs_thr,sample_num
0,43283,29872,4205.651742380026,4270.494081910097,9436995
