,f_samples,w_samples,rel_thr,abs_thr,sample_num
0,74753,82005,10.419428536846333,8.935174002919489,20221782
