,f_samples,w_samples,rel_thr,abs_thr,sample_num
0,16849,78989,10.353678811419218,4.579196976357302,12363102
