,f_samples,w_samples,rel_thr,abs_thr,sample_num
0,55058,40504,71.13950576488365,19.823024522964474,12327498
