,f_samples,w_samples,rel_thr,abs_thr,sample_num
0,64749,29519,2957.041710469494,1835.2188665199153,12160572
