,f_samples,w_samples,rel_thr,abs_thr,sample_num
0,57484,84774,3328.4175304781347,7175.871217072822,18351282
