,f_samples,w_samples,rel_thr,abs_thr,sample_num
0,44811,7653,2595.7352203667224,6154.4421332136035,6767856
