,f_samples,w_samples,rel_thr,abs_thr,sample_num
0,92916,75082,9452.788558782217,6175.123763933488,21671742
