,f_samples,w_samples,rel_thr,abs_thr,sample_num
0,12942,94980,5.359435358549376,1.7218385033867911,13921938
