,f_samples,w_samples,rel_thr,abs_thr,sample_num
0,45205,28120,59.00095378102064,95.98365972709686,9458925
