,f_samples,w_samples,rel_thr,abs_thr,sample_num
0,13143,14967,2050.8773544610867,5126.795715684271,3626190
