,f_samples,w_samples,rel_thr,abs_thr,sample_num
0,17001,14384,70.52993519267119,80.70282644783853,4048665
