,f_samples,w_samples,rel_thr,abs_thr,sample_num
0,256131,317075,8.62277237916611,54219.40644635572,73943574
