,f_samples,w_samples,rel_thr,abs_thr,sample_num
0,29890,11895,238.64609019413632,9382.475974924266,5390265
