,f_samples,w_samples,rel_thr,abs_thr,sample_num
0,56223,71353,5430.590072948269,8634.915724343096,16457304
