,f_samples,w_samples,rel_thr,abs_thr,sample_num
0,37376,27882,81.76728335211251,63.56845340473929,8418282
