,f_samples,w_samples,rel_thr,abs_thr,sample_num
0,112268,326078,3.886138050918783,82016.78913188326,56546634
