,f_samples,w_samples,rel_thr,abs_thr,sample_num
0,51939,42522,14.448340356086014,13.32744111770441,12185469
