,f_samples,w_samples,rel_thr,abs_thr,sample_num
0,51034,46008,9170.511430660154,7582.996333931586,12518418
