,f_samples,w_samples,rel_thr,abs_thr,sample_num
0,50158,94334,5.619734926138719,5.264860699855452,18639468
