,f_samples,w_samples,rel_thr,abs_thr,sample_num
0,53821,13301,4.815745096477709,6.737295127646317,8658738
