,f_samples,w_samples,rel_thr,abs_thr,sample_num
0,93092,83866,14.891718731151627,14.687497469894678,22827582
