,f_samples,w_samples,rel_thr,abs_thr,sample_num
0,77558,8172,9106.404389928823,3941.3844695589005,11059170
