,f_samples,w_samples,rel_thr,abs_thr,sample_num
0,59898,53616,777.4479632816282,6790.630459971915,14643306
