,f_samples,w_samples,rel_thr,abs_thr,sample_num
0,14736,77191,6862.493685718685,1884.3026459458633,11858583
