,f_samples,w_samples,rel_thr,abs_thr,sample_num
0,14025,31674,9.61752304717808,3.6119260716091994,5895171
