,f_samples,w_samples,rel_thr,abs_thr,sample_num
0,54116,9344,9.810875900619509,0.8493169889020735,8186340
