,f_samples,w_samples,rel_thr,abs_thr,sample_num
0,49250,71071,5776.452588943483,9428.65903737507,15521409
