,f_samples,w_samples,rel_thr,abs_thr,sample_num
0,218351,355405,-0.4047479897284294,186933.64777965055,74014524
