,f_samples,w_samples,rel_thr,abs_thr,sample_num
0,61927,291995,9.02387693949116,54716.05016600622,45655938
