,f_samples,w_samples,rel_thr,abs_thr,sample_num
0,63695,38074,71.32792994924516,23.25123269532593,13128201
