,f_samples,w_samples,rel_thr,abs_thr,sample_num
0,35098,94262,7.228493454278652,7.3199159346173595,16687440
