,f_samples,w_samples,rel_thr,abs_thr,sample_num
0,16747,83124,8075.738957208927,1307.3501983616043,12883359
