,f_samples,w_samples,rel_thr,abs_thr,sample_num
0,75717,16323,6535.302864915177,9817.65860129689,11873160
