,f_samples,w_samples,rel_thr,abs_thr,sample_num
0,92066,24774,52.088641063372016,57.576627848042826,15072360
