,f_samples,w_samples,rel_thr,abs_thr,sample_num
0,95447,15343,6594.376296025611,6864.995319162821,14291910
