,f_samples,w_samples,rel_thr,abs_thr,sample_num
0,68369,45160,4235.4043205387425,7873.955559226328,14645241
