,f_samples,w_samples,rel_thr,abs_thr,sample_num
0,50700,85775,-0.9496425550364354,13.21065279881833,17605275
