,f_samples,w_samples,rel_thr,abs_thr,sample_num
0,40659,56083,4.777684840595446,2.69539863555532,12479718
