,f_samples,w_samples,rel_thr,abs_thr,sample_num
0,60832,11261,820.2802202510281,7717.064735995318,9299997
