,f_samples,w_samples,rel_thr,abs_thr,sample_num
0,19825,61644,5.502595040668291,11.59507786265521,10509501
