,f_samples,w_samples,rel_thr,abs_thr,sample_num
0,61069,50952,59.16172133126816,70.15276883152578,14450709
