,f_samples,w_samples,rel_thr,abs_thr,sample_num
0,91239,38012,9879.550980132419,7156.004041121116,16673379
