,f_samples,w_samples,rel_thr,abs_thr,sample_num
0,91680,8796,3992.738330369481,5692.421800219358,12961404
