,f_samples,w_samples,rel_thr,abs_thr,sample_num
0,45716,35025,5.864110619256213,0.22827990551040622,10415589
