,f_samples,w_samples,rel_thr,abs_thr,sample_num
0,30473,92603,9912.719576308393,4992.838190982264,15876804
