,f_samples,w_samples,rel_thr,abs_thr,sample_num
0,52242,70332,265.6690582564232,8203.74165585621,15812046
