,f_samples,w_samples,rel_thr,abs_thr,sample_num
0,67099,95075,9.222241847764296,10.974446443651992,20920446
