,f_samples,w_samples,rel_thr,abs_thr,sample_num
0,50632,20541,59.02921386098483,71.50887332374374,9181317
