,f_samples,w_samples,rel_thr,abs_thr,sample_num
0,25117,38551,4741.569250899019,5869.14970194586,8213172
