,f_samples,w_samples,rel_thr,abs_thr,sample_num
0,59691,16469,4.940213839126383,11.533179846238223,9824640
