,f_samples,w_samples,rel_thr,abs_thr,sample_num
0,81346,80324,92.45319296336083,92.35327740677404,20855430
