,f_samples,w_samples,rel_thr,abs_thr,sample_num
0,69495,21961,7.4191392112728245,10.522798287120521,11797824
