,f_samples,w_samples,rel_thr,abs_thr,sample_num
0,46270,95592,12.50903605808935,2.5096773732654403,18300198
