,f_samples,w_samples,rel_thr,abs_thr,sample_num
0,68155,66346,4192.644161539463,8170.816015397202,17350629
