,f_samples,w_samples,rel_thr,abs_thr,sample_num
0,33707,35571,0.6884148291836745,10.224439526850711,8936862
