,f_samples,w_samples,rel_thr,abs_thr,sample_num
0,408334,342879,0.10215326783440659,23057.678131067893,96906477
