,f_samples,w_samples,rel_thr,abs_thr,sample_num
0,181520,71376,4.998590273140639,134902.1947470235,32623584
