,f_samples,w_samples,rel_thr,abs_thr,sample_num
0,95762,17605,2827.9258797193784,3465.917650413404,14624343
