,f_samples,w_samples,rel_thr,abs_thr,sample_num
0,24052,6189,7661.620409740746,9443.167482125367,3901089
