,f_samples,w_samples,rel_thr,abs_thr,sample_num
0,93404,14264,9.004950528082901,2.423620442676873,13889172
