,f_samples,w_samples,rel_thr,abs_thr,sample_num
0,60044,65016,85.26930061813745,58.67258068677863,16132740
