,f_samples,w_samples,rel_thr,abs_thr,sample_num
0,9059,70574,9522.033599374767,3458.996841893607,10272657
