,f_samples,w_samples,rel_thr,abs_thr,sample_num
0,20858,63865,2772.8537317697037,7509.793771807029,10929267
