,f_samples,w_samples,rel_thr,abs_thr,sample_num
0,12516,45888,0.09071356411202913,8.745671494236168,7534116
