,f_samples,w_samples,rel_thr,abs_thr,sample_num
0,91848,68069,5525.020999064243,7529.417235273769,20629293
