,f_samples,w_samples,rel_thr,abs_thr,sample_num
0,67051,90590,9200.65942960196,2254.20299983381,20335689
