,f_samples,w_samples,rel_thr,abs_thr,sample_num
0,86694,13181,2.3322231111176848,5.458236034139362,12883875
