,f_samples,w_samples,rel_thr,abs_thr,sample_num
0,65768,21912,7539.733733270544,9149.53786634883,11310720
