,f_samples,w_samples,rel_thr,abs_thr,sample_num
0,6152,90405,3.247651437024963,2.8038902341459284,12455853
