,f_samples,w_samples,rel_thr,abs_thr,sample_num
0,48947,34549,93.15090613881125,79.39150764562565,10770984
