,f_samples,w_samples,rel_thr,abs_thr,sample_num
0,24712,27075,4.409955146019353,0.6438103578273469,6680523
