,f_samples,w_samples,rel_thr,abs_thr,sample_num
0,21282,75942,2.2285940268975035,88.57083338784216,12541896
