,f_samples,w_samples,rel_thr,abs_thr,sample_num
0,82805,20537,2153.6685338522866,3247.1428306534,13331118
