,f_samples,w_samples,rel_thr,abs_thr,sample_num
0,78584,66305,11.447413155363902,14.561843755678717,18690681
