,f_samples,w_samples,rel_thr,abs_thr,sample_num
0,66085,45591,79.92823611825767,59.23277132034197,14406204
