,f_samples,w_samples,rel_thr,abs_thr,sample_num
0,55207,42153,94.48672622178546,83.02070522657071,12559440
