,f_samples,w_samples,rel_thr,abs_thr,sample_num
0,32291,20414,42.065833896373086,52.588444835953986,6798945
