,f_samples,w_samples,rel_thr,abs_thr,sample_num
0,28680,33644,5.500991590717099,13.974003641747185,8039796
