,f_samples,w_samples,rel_thr,abs_thr,sample_num
0,58735,14425,9380.46301602313,9007.619429478718,9437640
