,f_samples,w_samples,rel_thr,abs_thr,sample_num
0,41871,64526,16.821022737830383,17.102768000816837,13725213
