,f_samples,w_samples,rel_thr,abs_thr,sample_num
0,50760,77364,4198.3674136846785,7027.275445884743,16527996
