,f_samples,w_samples,rel_thr,abs_thr,sample_num
0,18547,25013,4412.013416087203,7715.736896112229,5619240
