,f_samples,w_samples,rel_thr,abs_thr,sample_num
0,300018,215599,8.012163882119333,70109.32951203074,66514593
