,f_samples,w_samples,rel_thr,abs_thr,sample_num
0,212063,117708,12.770122625475699,188082.68959159945,42540459
