,f_samples,w_samples,rel_thr,abs_thr,sample_num
0,77064,20191,6608.895775939406,6497.386956056374,12545895
