,f_samples,w_samples,rel_thr,abs_thr,sample_num
0,40175,81580,86.70005298678657,85.80634163484852,15706395
