,f_samples,w_samples,rel_thr,abs_thr,sample_num
0,17623,5773,2335.8479316707353,4387.624926372813,3018084
