,f_samples,w_samples,rel_thr,abs_thr,sample_num
0,41250,37739,8281.097967480975,2890.1394444895413,10189581
