,f_samples,w_samples,rel_thr,abs_thr,sample_num
0,63864,86173,9860.407826816769,3361.0685156274367,19354773
