,f_samples,w_samples,rel_thr,abs_thr,sample_num
0,45318,49228,5728.099498086898,9525.462452849062,12196434
