,f_samples,w_samples,rel_thr,abs_thr,sample_num
0,43774,28332,1665.4641267724319,5324.760325864268,9301674
