,f_samples,w_samples,rel_thr,abs_thr,sample_num
0,24368,50787,3.039572639712011,2.366675937087318,9694995
