,f_samples,w_samples,rel_thr,abs_thr,sample_num
0,51355,45933,6.32245964981224,2.2370315473143694,12550152
