,f_samples,w_samples,rel_thr,abs_thr,sample_num
0,32340,64767,16.484634083096793,7.263634745564962,12526803
