,f_samples,w_samples,rel_thr,abs_thr,sample_num
0,34592,34700,17.537520275715984,91.66501131813692,8938668
