,f_samples,w_samples,rel_thr,abs_thr,sample_num
0,84135,76123,3.6347806725109137,5.040479642593569,20673282
