,f_samples,w_samples,rel_thr,abs_thr,sample_num
0,17458,5756,4660.0867991824925,1030.763903428762,2994606
