,f_samples,w_samples,rel_thr,abs_thr,sample_num
0,74512,47480,7.658984213446118,12.85012997810007,15736968
