,f_samples,w_samples,rel_thr,abs_thr,sample_num
0,75950,31279,1127.5805178191588,2235.0536557887435,13832541
