,f_samples,w_samples,rel_thr,abs_thr,sample_num
0,92620,91812,91.42055290237218,43.246086227220694,23791728
