,f_samples,w_samples,rel_thr,abs_thr,sample_num
0,69314,18857,11.312400333868949,8.31044957664063,11374059
