,f_samples,w_samples,rel_thr,abs_thr,sample_num
0,89012,7691,10.315248087838688,88.69775503213052,12474687
