,f_samples,w_samples,rel_thr,abs_thr,sample_num
0,26383,13912,9.63184717436001,4.414795671383282,5198055
