,f_samples,w_samples,rel_thr,abs_thr,sample_num
0,27259,47076,0.8356006365251536,54.12832673214045,9589215
