,f_samples,w_samples,rel_thr,abs_thr,sample_num
0,80438,22671,9319.646156237726,6615.375972815171,13301061
