,f_samples,w_samples,rel_thr,abs_thr,sample_num
0,92704,32222,9.278004699376503,3.0228503936341045,16115454
