,f_samples,w_samples,rel_thr,abs_thr,sample_num
0,60133,14944,2989.42359296904,4505.6313437114295,9684933
