,f_samples,w_samples,rel_thr,abs_thr,sample_num
0,61055,50409,8937.17993481894,5508.348338066713,14378856
