,f_samples,w_samples,rel_thr,abs_thr,sample_num
0,33155,11079,9358.003657043742,3727.513839607757,5706186
