,f_samples,w_samples,rel_thr,abs_thr,sample_num
0,20241,47387,2111.1417039251924,424.7072610771863,8724012
