,f_samples,w_samples,rel_thr,abs_thr,sample_num
0,90853,42667,5.034316027614656,13.77975040602102,17224080
