,f_samples,w_samples,rel_thr,abs_thr,sample_num
0,31479,34495,6242.895694014172,6784.676301102583,8510646
