,f_samples,w_samples,rel_thr,abs_thr,sample_num
0,28443,42008,2410.275875989626,1722.5556611527338,9088179
