,f_samples,w_samples,rel_thr,abs_thr,sample_num
0,74388,87434,3.981467549701721,0.06320730345011405,20875038
