,f_samples,w_samples,rel_thr,abs_thr,sample_num
0,43324,21042,10.938251524693582,14.231108379176973,8303214
