,f_samples,w_samples,rel_thr,abs_thr,sample_num
0,47831,83362,6.307101178737753,9.637061320035222,16923897
