,f_samples,w_samples,rel_thr,abs_thr,sample_num
0,79360,16009,2018.3304375769897,9112.171524651265,12302601
