,f_samples,w_samples,rel_thr,abs_thr,sample_num
0,19392,12228,13.332982981991458,6.533954913676807,4078980
