,f_samples,w_samples,rel_thr,abs_thr,sample_num
0,41051,49209,1391.3355553436152,7281.007877202353,11643540
