,f_samples,w_samples,rel_thr,abs_thr,sample_num
0,64960,55992,35.72268340082185,59.34103050669361,15602808
