,f_samples,w_samples,rel_thr,abs_thr,sample_num
0,93423,48058,5791.99070983675,5559.227090247216,18251049
