,f_samples,w_samples,rel_thr,abs_thr,sample_num
0,90183,84615,11.155606451837212,13.721465703693216,22548942
