,f_samples,w_samples,rel_thr,abs_thr,sample_num
0,90993,34713,1483.4471524446408,3314.8358143671207,16216074
