,f_samples,w_samples,rel_thr,abs_thr,sample_num
0,85153,63328,4234.604344349666,5076.0977950361685,19154049
