,f_samples,w_samples,rel_thr,abs_thr,sample_num
0,68311,78345,4.36951175923299,13.843139052018582,18918624
