,f_samples,w_samples,rel_thr,abs_thr,sample_num
0,29302,366506,5.655219890234719,162615.35165757453,51059232
