,f_samples,w_samples,rel_thr,abs_thr,sample_num
0,75406,86420,8.181019031933337,11.5475801704217,20875554
