,f_samples,w_samples,rel_thr,abs_thr,sample_num
0,10911,88694,5051.981059910241,9823.956163552859,12849045
