,f_samples,w_samples,rel_thr,abs_thr,sample_num
0,5373,5214,6969.462403785144,3926.34314781211,1365723
