,f_samples,w_samples,rel_thr,abs_thr,sample_num
0,17483,56466,9976.491681882462,9510.476056314126,9539421
