,f_samples,w_samples,rel_thr,abs_thr,sample_num
0,25638,67703,7.527931762860202,4.093286448284918,12040989
