,f_samples,w_samples,rel_thr,abs_thr,sample_num
0,51703,72337,5490.690723729653,7188.6350745747,16001160
