,f_samples,w_samples,rel_thr,abs_thr,sample_num
0,67482,64800,2525.7039642579675,833.0104009987805,17064378
