,f_samples,w_samples,rel_thr,abs_thr,sample_num
0,55768,70019,8.620551615432303,5.691801243148142,16226523
