,f_samples,w_samples,rel_thr,abs_thr,sample_num
0,58487,41248,27.172431791471542,68.66149634283349,12865815
