,f_samples,w_samples,rel_thr,abs_thr,sample_num
0,28114,61781,11.489511691282443,4.782869184518564,11596455
