,f_samples,w_samples,rel_thr,abs_thr,sample_num
0,61596,7764,6986.612858717764,2961.0878413519927,8947440
