,f_samples,w_samples,rel_thr,abs_thr,sample_num
0,22034,53586,5055.403194963081,2392.739745086071,9754980
