,f_samples,w_samples,rel_thr,abs_thr,sample_num
0,21576,81456,7612.898663690003,7163.468404505337,13291128
