,f_samples,w_samples,rel_thr,abs_thr,sample_num
0,43470,43530,54.28979185676366,99.86840048826218,11223000
