,f_samples,w_samples,rel_thr,abs_thr,sample_num
0,78048,29617,9.972222686525853,5.896221313568816,13888785
