,f_samples,w_samples,rel_thr,abs_thr,sample_num
0,93388,65087,92.39620491575555,67.96645368250502,20443275
