,f_samples,w_samples,rel_thr,abs_thr,sample_num
0,71324,88766,9532.92002107342,7894.444790059165,20651610
