,f_samples,w_samples,rel_thr,abs_thr,sample_num
0,89095,21345,992.0170900492707,8386.13484927293,14246760
