,f_samples,w_samples,rel_thr,abs_thr,sample_num
0,24627,44489,3281.1037189350272,82.22131990953785,8915964
