,f_samples,w_samples,rel_thr,abs_thr,sample_num
0,20227,47116,10.875222103250437,0.05478359774753305,8687247
