,f_samples,w_samples,rel_thr,abs_thr,sample_num
0,65757,43567,6059.800726253961,903.338696877245,14102796
