,f_samples,w_samples,rel_thr,abs_thr,sample_num
0,57693,25949,7.172064295526479,22.331898194562115,10789818
