,f_samples,w_samples,rel_thr,abs_thr,sample_num
0,55770,21108,5442.226281491472,5681.606143255444,9917262
