,f_samples,w_samples,rel_thr,abs_thr,sample_num
0,52186,10085,2279.4152099897055,5406.077643053316,8032959
