,f_samples,w_samples,rel_thr,abs_thr,sample_num
0,32227,9270,2968.4472686186027,3633.7772170738203,5353113
