,f_samples,w_samples,rel_thr,abs_thr,sample_num
0,27401,14144,6190.4743901805305,4417.357209802305,5359305
