,f_samples,w_samples,rel_thr,abs_thr,sample_num
0,68909,85380,3443.492281615024,3187.3289855925914,19903281
