,f_samples,w_samples,rel_thr,abs_thr,sample_num
0,92633,73339,2450.7582720709506,955.9693545201686,21410388
