,f_samples,w_samples,rel_thr,abs_thr,sample_num
0,6827,84345,1812.8568335772661,3846.1477233450646,11761188
