,f_samples,w_samples,rel_thr,abs_thr,sample_num
0,95003,12388,3.6894275481677106,7.89532501803979,13853439
