,f_samples,w_samples,rel_thr,abs_thr,sample_num
0,160152,322928,6.776413493746977,119708.48868503139,62317320
