,f_samples,w_samples,rel_thr,abs_thr,sample_num
0,78502,17319,14.020250758774857,4.939037660493923,12360909
