,f_samples,w_samples,rel_thr,abs_thr,sample_num
0,73459,56589,225.38447389226724,1988.3743116320086,16776192
