,f_samples,w_samples,rel_thr,abs_thr,sample_num
0,19304,31304,2600.904786262098,2302.479782108818,6528432
