,f_samples,w_samples,rel_thr,abs_thr,sample_num
0,51493,12127,-0.7654964506479232,2.657311974892262,8206980
