,f_samples,w_samples,rel_thr,abs_thr,sample_num
0,68746,91392,12.81485638216767,14.135772018631243,20657802
