,f_samples,w_samples,rel_thr,abs_thr,sample_num
0,43186,40148,8529.963616876641,9515.145593127558,10750086
