,f_samples,w_samples,rel_thr,abs_thr,sample_num
0,23359,55185,8415.722006946104,7426.754656548143,10132176
