,f_samples,w_samples,rel_thr,abs_thr,sample_num
0,12253,37029,0.034312041175487806,5.552191687559825,6357378
