,f_samples,w_samples,rel_thr,abs_thr,sample_num
0,15403,12260,48.16472625551329,71.5903450687492,3568527
