,f_samples,w_samples,rel_thr,abs_thr,sample_num
0,72878,60554,1.5802359417906722,4.6947164409366025,17212728
