,f_samples,w_samples,rel_thr,abs_thr,sample_num
0,62469,454413,9.529321513010107,125233.71782312676,66677778
