,f_samples,w_samples,rel_thr,abs_thr,sample_num
0,64367,46458,5996.900614370167,4162.581564350369,14296425
