,f_samples,w_samples,rel_thr,abs_thr,sample_num
0,71546,39840,14.23247678187176,7.299045783471643,14368794
