,f_samples,w_samples,rel_thr,abs_thr,sample_num
0,75131,52268,7934.245629701107,4114.595244773859,16434471
