,f_samples,w_samples,rel_thr,abs_thr,sample_num
0,26085,49196,1420.3529085136768,5092.052201364787,9711249
