,f_samples,w_samples,rel_thr,abs_thr,sample_num
0,12244,8574,8.737385370816598,3.707764001435166,2685522
