,f_samples,w_samples,rel_thr,abs_thr,sample_num
0,69225,33325,6416.161691579757,7599.160897395244,13228950
