,f_samples,w_samples,rel_thr,abs_thr,sample_num
0,80794,70570,6.093544356350094,8.314047158616258,19525956
