,f_samples,w_samples,rel_thr,abs_thr,sample_num
0,52372,12706,7.989153500503209,3.091276996224958,8395062
