,f_samples,w_samples,rel_thr,abs_thr,sample_num
0,78653,9532,74.44070763662116,44.30011011751447,11375865
