,f_samples,w_samples,rel_thr,abs_thr,sample_num
0,45479,39159,31.824313942042714,11.305458402051261,10918302
