,f_samples,w_samples,rel_thr,abs_thr,sample_num
0,88960,50298,6.750674135063377,8.856023290702726,17964282
