,f_samples,w_samples,rel_thr,abs_thr,sample_num
0,93262,13608,4.731422795333808,1.2068414276768165,13786230
