,f_samples,w_samples,rel_thr,abs_thr,sample_num
0,6134,33044,13.330341411629478,9.792655511153397,5053962
