,f_samples,w_samples,rel_thr,abs_thr,sample_num
0,18830,40751,2970.9161111917047,5028.141452509467,7685949
