,f_samples,w_samples,rel_thr,abs_thr,sample_num
0,14248,58222,74.01225526249561,95.06388727206846,9348630
