,f_samples,w_samples,rel_thr,abs_thr,sample_num
0,69775,36817,2.287246768418221,0.2827091192878667,13750368
