,f_samples,w_samples,rel_thr,abs_thr,sample_num
0,57729,42365,0.40197783178350655,11.673580980271748,12912126
