,f_samples,w_samples,rel_thr,abs_thr,sample_num
0,74444,90236,5.392071550961587,2.496352718574393,21243720
