,f_samples,w_samples,rel_thr,abs_thr,sample_num
0,79506,43407,66.0409920926736,77.23798716755425,15855777
