,f_samples,w_samples,rel_thr,abs_thr,sample_num
0,88032,8275,4.600679369891379,8.02238964190228,12423603
