,f_samples,w_samples,rel_thr,abs_thr,sample_num
0,66558,36871,4.071075735141488,12.552211976484257,13342341
