,f_samples,w_samples,rel_thr,abs_thr,sample_num
0,5486,8595,10.3380900660584,3.8995408832859804,1816449
