,f_samples,w_samples,rel_thr,abs_thr,sample_num
0,64274,282988,3.671495957255299,60582.430970842,44796798
