,f_samples,w_samples,rel_thr,abs_thr,sample_num
0,25148,59192,3926.9604461170084,7684.894687504182,10879860
