,f_samples,w_samples,rel_thr,abs_thr,sample_num
0,66659,81030,1406.439740169376,1144.75219370355,19051881
