,f_samples,w_samples,rel_thr,abs_thr,sample_num
0,89237,13671,8563.613926374243,1876.6102044131794,13275132
