,f_samples,w_samples,rel_thr,abs_thr,sample_num
0,429046,320209,-0.8229628804355826,10893.005000252298,96653895
