,f_samples,w_samples,rel_thr,abs_thr,sample_num
0,12826,71670,8.451766370813244,2.8637092631531766,10899984
