,f_samples,w_samples,rel_thr,abs_thr,sample_num
0,78269,47126,2099.8570439597484,7477.016866785065,16175955
