,f_samples,w_samples,rel_thr,abs_thr,sample_num
0,23785,15459,9.867949182839835,7.435252446820723,5062476
