,f_samples,w_samples,rel_thr,abs_thr,sample_num
0,78865,46104,5701.894307644716,880.7446805085528,16121001
