,f_samples,w_samples,rel_thr,abs_thr,sample_num
0,10196,15126,13.043876503605745,13.631880793078658,3266538
