,f_samples,w_samples,rel_thr,abs_thr,sample_num
0,51386,22863,1.6563438331121798,14.085912173724184,9578121
