,f_samples,w_samples,rel_thr,abs_thr,sample_num
0,37822,35173,8870.038497385389,6024.014015329661,9416355
