,f_samples,w_samples,rel_thr,abs_thr,sample_num
0,47787,42569,173.90842459414014,1134.3268837461262,11655924
