,f_samples,w_samples,rel_thr,abs_thr,sample_num
0,102993,373427,11.008731669162694,169591.1772067136,61458180
