,f_samples,w_samples,rel_thr,abs_thr,sample_num
0,89542,43110,7.41003392285473,12.229883701758045,17112108
