,f_samples,w_samples,rel_thr,abs_thr,sample_num
0,31786,95789,7.409738516831045,9.321247884089336,16457175
