,f_samples,w_samples,rel_thr,abs_thr,sample_num
0,71283,46566,9.028869273245762,11.69384618654764,15202521
