,f_samples,w_samples,rel_thr,abs_thr,sample_num
0,50454,10002,9842.555518648867,7862.841567384795,7798824
