,f_samples,w_samples,rel_thr,abs_thr,sample_num
0,12815,16199,5423.206214250439,3080.3015110918277,3742806
