,f_samples,w_samples,rel_thr,abs_thr,sample_num
0,25474,27241,6002.741899313246,2798.35025319943,6800235
