,f_samples,w_samples,rel_thr,abs_thr,sample_num
0,71199,73207,-0.5488689265242304,1.7164208184641678,18628374
