,f_samples,w_samples,rel_thr,abs_thr,sample_num
0,32677,56585,5812.262935859883,3350.54616534744,11514798
