,f_samples,w_samples,rel_thr,abs_thr,sample_num
0,86602,23298,219.70674294173705,1433.699254091626,14177100
