,f_samples,w_samples,rel_thr,abs_thr,sample_num
0,70555,77953,424.33738251052904,5665.687280975635,19157532
