,f_samples,w_samples,rel_thr,abs_thr,sample_num
0,205548,339686,3.086766952929935,159517.1854196991,70335186
