,f_samples,w_samples,rel_thr,abs_thr,sample_num
0,51958,48673,86.73000713912245,94.1783130443727,12981399
