,f_samples,w_samples,rel_thr,abs_thr,sample_num
0,52175,57043,63.54292331541538,35.38874943439447,14089122
