,f_samples,w_samples,rel_thr,abs_thr,sample_num
0,17348,31521,2.12686759598275,8.049773131095662,6304101
