,f_samples,w_samples,rel_thr,abs_thr,sample_num
0,32455,57995,9050.122197620432,9413.979388555495,11668050
