,f_samples,w_samples,rel_thr,abs_thr,sample_num
0,76967,37912,6.647811415600861,14.828639818239353,14819391
