,f_samples,w_samples,rel_thr,abs_thr,sample_num
0,82780,71442,7.0588274018002455,99.38625831928086,19894638
