,f_samples,w_samples,rel_thr,abs_thr,sample_num
0,53691,92079,42.28932680518407,96.3883403016729,18804330
