,f_samples,w_samples,rel_thr,abs_thr,sample_num
0,44303,62504,79.32776565289231,55.78628592066851,13778103
