,f_samples,w_samples,rel_thr,abs_thr,sample_num
0,79492,39270,54.628758387064174,52.776821128425844,15320298
