,f_samples,w_samples,rel_thr,abs_thr,sample_num
0,42726,52598,5031.262960253794,8332.342356620376,12296796
