,f_samples,w_samples,rel_thr,abs_thr,sample_num
0,81492,55779,4.939784088648279,9.161276314751811,17707959
