,f_samples,w_samples,rel_thr,abs_thr,sample_num
0,12259,57806,2613.7783006923405,8651.637887619692,9038385
