,f_samples,w_samples,rel_thr,abs_thr,sample_num
0,38681,22877,3733.152737674392,8692.728407157312,7940982
