,f_samples,w_samples,rel_thr,abs_thr,sample_num
0,86940,45956,9878.414446320896,16.025285486822582,17143584
