,f_samples,w_samples,rel_thr,abs_thr,sample_num
0,44755,76960,310.6319991742637,787.3884333001413,15701235
