,f_samples,w_samples,rel_thr,abs_thr,sample_num
0,395231,29330,9.692563705630395,99941.16991580662,54768369
