,f_samples,w_samples,rel_thr,abs_thr,sample_num
0,62179,75346,1.190095871308177,8.381937892929741,17740725
