,f_samples,w_samples,rel_thr,abs_thr,sample_num
0,39884,36630,54.809334333635576,81.40669593556939,9870306
