,f_samples,w_samples,rel_thr,abs_thr,sample_num
0,68627,9590,1.422333032843225,8.300911169646106,10089993
