,f_samples,w_samples,rel_thr,abs_thr,sample_num
0,15489,61892,-0.23267568740130962,3.9840044184984995,9982149
