,f_samples,w_samples,rel_thr,abs_thr,sample_num
0,9061,56402,4360.371212329043,2501.787326852586,8444727
