,f_samples,w_samples,rel_thr,abs_thr,sample_num
0,18915,54526,946.202739052171,9446.531390645829,9473889
