,f_samples,w_samples,rel_thr,abs_thr,sample_num
0,85943,78765,6322.430064322251,5171.637767845891,21247332
