,f_samples,w_samples,rel_thr,abs_thr,sample_num
0,28296,35111,78.05127860905928,97.46281347062482,8179503
