,f_samples,w_samples,rel_thr,abs_thr,sample_num
0,12945,85251,-0.5108707069984693,3.789591974814998,12667284
