,f_samples,w_samples,rel_thr,abs_thr,sample_num
0,86979,25309,14.687863680965627,3.656303782191619,14485152
