,f_samples,w_samples,rel_thr,abs_thr,sample_num
0,309148,163974,7.547203039198388,19396.833980160365,61032738
