,f_samples,w_samples,rel_thr,abs_thr,sample_num
0,18955,67927,73.62097704950216,31.992523620720604,11207778
