,f_samples,w_samples,rel_thr,abs_thr,sample_num
0,11300,28368,-0.5253731510385506,8.24869616920242,5117172
