,f_samples,w_samples,rel_thr,abs_thr,sample_num
0,38742,89351,2.454711177146285,11.330714096886535,16523997
