,f_samples,w_samples,rel_thr,abs_thr,sample_num
0,50799,95638,7250.790473395303,4358.754013385778,18890373
