,f_samples,w_samples,rel_thr,abs_thr,sample_num
0,81307,29358,12.617506943775625,12.418062295146344,14275785
