,f_samples,w_samples,rel_thr,abs_thr,sample_num
0,25184,88604,10.42443799235477,3.840888981414442,14678652
