,f_samples,w_samples,rel_thr,abs_thr,sample_num
0,14722,77939,8039.492002069271,5387.553933898558,11953269
