,f_samples,w_samples,rel_thr,abs_thr,sample_num
0,51589,74546,3.617771694338437,5.277700678224323,16271415
