,f_samples,w_samples,rel_thr,abs_thr,sample_num
0,28720,12177,8100.3842067486385,9965.208559628485,5275713
