,f_samples,w_samples,rel_thr,abs_thr,sample_num
0,11364,292275,1.6672781247806565,126258.76484686456,39169431
