,f_samples,w_samples,rel_thr,abs_thr,sample_num
0,12633,8715,9.84442931096027,12.651744177352608,2753892
