,f_samples,w_samples,rel_thr,abs_thr,sample_num
0,32892,23908,9567.253233956753,6107.6950622328595,7327200
