,f_samples,w_samples,rel_thr,abs_thr,sample_num
0,73634,36534,11.971862471232859,8.746844835517962,14211672
