,f_samples,w_samples,rel_thr,abs_thr,sample_num
0,22364,52660,-0.3852729942437154,0.316047950108056,9678096
