,f_samples,w_samples,rel_thr,abs_thr,sample_num
0,11979,5220,15.718933222442352,99.53928658388098,2218671
