,f_samples,w_samples,rel_thr,abs_thr,sample_num
0,95870,16408,0.9358218610413829,14.47970557602401,14483862
