,f_samples,w_samples,rel_thr,abs_thr,sample_num
0,90652,66763,1.817929299329892,1.8659406916108128,20306535
