,f_samples,w_samples,rel_thr,abs_thr,sample_num
0,22017,54691,80.16857095888287,11.547387456823943,9895332
