,f_samples,w_samples,rel_thr,abs_thr,sample_num
0,11831,84762,5.846018113393467,69.92039973347035,12460497
