,f_samples,w_samples,rel_thr,abs_thr,sample_num
0,81112,50075,1159.5107071080654,9466.17020949468,16923123
