,f_samples,w_samples,rel_thr,abs_thr,sample_num
0,51569,33550,13.718569427372806,0.35090449920539557,10980351
