,f_samples,w_samples,rel_thr,abs_thr,sample_num
0,81705,44867,243.36288771142196,8284.397051390873,16327788
