,f_samples,w_samples,rel_thr,abs_thr,sample_num
0,75510,46043,0.9433878956411146,13.327960106381397,15680337
