,f_samples,w_samples,rel_thr,abs_thr,sample_num
0,5901,41744,13.180590783618618,11.719888441458133,6146205
