,f_samples,w_samples,rel_thr,abs_thr,sample_num
0,74882,43321,22.60776327092346,1.5612894887371165,15248187
