,f_samples,w_samples,rel_thr,abs_thr,sample_num
0,32096,8549,8884.408798872197,349.4258996744426,5243205
