,f_samples,w_samples,rel_thr,abs_thr,sample_num
0,83777,22778,11.142522030842105,0.06802916465132647,13745595
