,f_samples,w_samples,rel_thr,abs_thr,sample_num
0,40609,11655,3.312619430513232,12.96032044033265,6742056
