,f_samples,w_samples,rel_thr,abs_thr,sample_num
0,384996,408335,-0.7636863602070285,133067.33025981588,102339699
