,f_samples,w_samples,rel_thr,abs_thr,sample_num
0,62262,11958,8.928381909351303,2.037501894420491,9574380
