,f_samples,w_samples,rel_thr,abs_thr,sample_num
0,102825,108895,3.5828105682172,173589.23993487895,27311880
