,f_samples,w_samples,rel_thr,abs_thr,sample_num
0,48301,6375,508.71394926593257,8976.97732327626,7053204
