,f_samples,w_samples,rel_thr,abs_thr,sample_num
0,5853,91087,1937.5720271778018,3421.6043752976257,12505260
