,f_samples,w_samples,rel_thr,abs_thr,sample_num
0,146560,423022,14.851218605110336,96984.73872330756,73476078
