,f_samples,w_samples,rel_thr,abs_thr,sample_num
0,76459,20585,13.663159964758744,1.4617442464428483,12518676
