,f_samples,w_samples,rel_thr,abs_thr,sample_num
0,375007,113714,5.03952310857623,123451.71116682541,63045009
