,f_samples,w_samples,rel_thr,abs_thr,sample_num
0,48488,53987,3.095853322456266,5.876741601581822,13219275
