,f_samples,w_samples,rel_thr,abs_thr,sample_num
0,33086,41723,3.1909423000981327,14.160939622763001,9650361
