,f_samples,w_samples,rel_thr,abs_thr,sample_num
0,464904,367368,1.5400626089104694,167440.80823580927,107363088
