,f_samples,w_samples,rel_thr,abs_thr,sample_num
0,11156,82850,8.967112232205379,9.542289664037916,12126774
