,f_samples,w_samples,rel_thr,abs_thr,sample_num
0,44520,19391,5398.485204644638,7009.21878494844,8244519
