,f_samples,w_samples,rel_thr,abs_thr,sample_num
0,64796,40760,7961.300015112243,4513.616221665904,13616724
