,f_samples,w_samples,rel_thr,abs_thr,sample_num
0,50485,61429,68.89988152308906,50.76323741519866,14436906
