,f_samples,w_samples,rel_thr,abs_thr,sample_num
0,66061,56078,12.28516288637202,13.142634027445462,15755931
