,f_samples,w_samples,rel_thr,abs_thr,sample_num
0,95963,64008,11.435036350533403,1.8983791088498152,20636259
