,f_samples,w_samples,rel_thr,abs_thr,sample_num
0,79780,47535,204.3308618830232,2411.422516472287,16423635
