,f_samples,w_samples,rel_thr,abs_thr,sample_num
0,28909,80206,5839.624173893734,934.1599585899608,14075835
