,f_samples,w_samples,rel_thr,abs_thr,sample_num
0,75021,21643,34.28734625671931,26.429181278404666,12469656
