,f_samples,w_samples,rel_thr,abs_thr,sample_num
0,13904,77970,6.1798793111608745,7.603975148921641,11851746
