,f_samples,w_samples,rel_thr,abs_thr,sample_num
0,84470,66603,89.08802022371054,60.9709755730129,19488417
