,f_samples,w_samples,rel_thr,abs_thr,sample_num
0,30090,28717,12.271781442089333,14.635267953861186,7586103
