,f_samples,w_samples,rel_thr,abs_thr,sample_num
0,92450,19486,6.426148048135351,0.7191466079792574,14439744
