,f_samples,w_samples,rel_thr,abs_thr,sample_num
0,92959,80520,9076.258858681982,8555.93661032108,22378791
