,f_samples,w_samples,rel_thr,abs_thr,sample_num
0,20005,86739,8807.629388029123,8644.814472068698,13769976
