,f_samples,w_samples,rel_thr,abs_thr,sample_num
0,28997,17282,7.32978731116696,0.21806126017028415,5969991
