,f_samples,w_samples,rel_thr,abs_thr,sample_num
0,30681,74986,6739.186816739593,6877.01174567667,13631043
