,f_samples,w_samples,rel_thr,abs_thr,sample_num
0,94729,37022,7.736205692128623,3.6176286279889,16995879
