,f_samples,w_samples,rel_thr,abs_thr,sample_num
0,232698,195250,5.569835106196194,98093.59070100401,55205292
