,f_samples,w_samples,rel_thr,abs_thr,sample_num
0,7938,55597,6.160346813066695,9.277881029814715,8196015
