,f_samples,w_samples,rel_thr,abs_thr,sample_num
0,66895,61350,7.465899726851843,4.109936173838496,16543605
