,f_samples,w_samples,rel_thr,abs_thr,sample_num
0,46872,62718,10.924826476561964,5.279874752613476,14137110
