,f_samples,w_samples,rel_thr,abs_thr,sample_num
0,35805,28398,3179.3573942732673,1379.8973200475873,8282187
