,f_samples,w_samples,rel_thr,abs_thr,sample_num
0,48827,79181,5827.370856750394,5258.780373666421,16513032
