,f_samples,w_samples,rel_thr,abs_thr,sample_num
0,6248,40677,0.011469833303763055,94.00007726467045,6053325
