,f_samples,w_samples,rel_thr,abs_thr,sample_num
0,62381,108283,14.86034002607839,170426.192103311,22015656
