,f_samples,w_samples,rel_thr,abs_thr,sample_num
0,16897,31541,6755.9765586898675,7397.414939976356,6248502
