,f_samples,w_samples,rel_thr,abs_thr,sample_num
0,63338,87135,45.166646845547305,21.02338425217456,19411017
