,f_samples,w_samples,rel_thr,abs_thr,sample_num
0,35293,19658,1359.7275640262276,8830.879312582541,7088679
