,f_samples,w_samples,rel_thr,abs_thr,sample_num
0,59146,54297,3229.1128014346386,5772.868370602021,14634147
