,f_samples,w_samples,rel_thr,abs_thr,sample_num
0,75341,94993,-0.08943973136225303,3.744210934797971,21973086
