,f_samples,w_samples,rel_thr,abs_thr,sample_num
0,90976,53824,12.190916663524007,3.3212773727246843,18679200
