,f_samples,w_samples,rel_thr,abs_thr,sample_num
0,51264,46364,8622.106597485903,9549.432842984192,12594012
