,f_samples,w_samples,rel_thr,abs_thr,sample_num
0,320039,353971,12.527754045462725,113984.26301293043,86947290
