,f_samples,w_samples,rel_thr,abs_thr,sample_num
0,5995,44025,2529.7745977877275,906.9981201234745,6452580
