,f_samples,w_samples,rel_thr,abs_thr,sample_num
0,41810,48524,12.952381537650092,12.062545242309938,11653086
