,f_samples,w_samples,rel_thr,abs_thr,sample_num
0,49124,45267,44.86028533692507,7.806799801611508,12176439
