,f_samples,w_samples,rel_thr,abs_thr,sample_num
0,40042,49189,62.768183084691685,36.551239635448994,11510799
