,f_samples,w_samples,rel_thr,abs_thr,sample_num
0,74735,33174,690.4030350612389,9370.802158479379,13920261
