,f_samples,w_samples,rel_thr,abs_thr,sample_num
0,26364,89217,4400.032193953383,9651.924380034512,14909949
