,f_samples,w_samples,rel_thr,abs_thr,sample_num
0,7848,77541,14.965503298839161,11.532540213890037,11015181
