,f_samples,w_samples,rel_thr,abs_thr,sample_num
0,10694,89177,13.234267162181347,1.7599874478988027,12883359
