,f_samples,w_samples,rel_thr,abs_thr,sample_num
0,71195,48575,13.164798242823545,6.746914337455017,15450330
