,f_samples,w_samples,rel_thr,abs_thr,sample_num
0,66886,74500,79.71222803358067,48.324674690443814,18238794
