,f_samples,w_samples,rel_thr,abs_thr,sample_num
0,48555,86583,11.837747134422726,11.646170829007833,17432802
