,f_samples,w_samples,rel_thr,abs_thr,sample_num
0,19667,26655,2885.434813642377,1136.7635150430656,5975538
