,f_samples,w_samples,rel_thr,abs_thr,sample_num
0,27599,26018,6.226917366645674,10.128213526628356,6916593
