,f_samples,w_samples,rel_thr,abs_thr,sample_num
0,80831,48847,6695.098174789287,3634.418763859306,16728462
