,f_samples,w_samples,rel_thr,abs_thr,sample_num
0,77256,52795,3.466466241226465,1.936152487734959,16776579
