,f_samples,w_samples,rel_thr,abs_thr,sample_num
0,66791,81283,26.816468765553726,34.67132136145727,19101546
