,f_samples,w_samples,rel_thr,abs_thr,sample_num
0,67852,68752,3.0831332602732413,2.9631831559620236,17621916
