,f_samples,w_samples,rel_thr,abs_thr,sample_num
0,18239,39416,1.8262289081687015,9.010357672854632,7437495
