,f_samples,w_samples,rel_thr,abs_thr,sample_num
0,68319,92924,2318.25547100956,1661.4382266009254,20800347
