,f_samples,w_samples,rel_thr,abs_thr,sample_num
0,87387,21375,5.342050136589245,6.2833866184654426,14030298
