,f_samples,w_samples,rel_thr,abs_thr,sample_num
0,29925,21074,2596.2561603833756,2151.8690547986075,6578871
