,f_samples,w_samples,rel_thr,abs_thr,sample_num
0,85204,89082,9184.976334684738,2684.1195964103504,22482894
