,f_samples,w_samples,rel_thr,abs_thr,sample_num
0,391005,461562,4.097522541790681,166379.43966048435,109981143
