,f_samples,w_samples,rel_thr,abs_thr,sample_num
0,33216,51925,76.82733383149183,61.852428277204694,10983189
