,f_samples,w_samples,rel_thr,abs_thr,sample_num
0,37259,66245,46.68803374788844,53.90699748267258,13352016
