,f_samples,w_samples,rel_thr,abs_thr,sample_num
0,375295,188145,68.3337823623685,50.40496821878375,72683760
