,f_samples,w_samples,rel_thr,abs_thr,sample_num
0,5216,12863,40.43752142486399,89.2415522594921,2332191
