,f_samples,w_samples,rel_thr,abs_thr,sample_num
0,31944,81836,1.3958535106025405,7.726117630640991,14677620
