,f_samples,w_samples,rel_thr,abs_thr,sample_num
0,63913,84580,5687.356710598881,6679.164081825674,19155597
