,f_samples,w_samples,rel_thr,abs_thr,sample_num
0,26392,54055,9962.507649514519,9108.245740188813,10377663
