,f_samples,w_samples,rel_thr,abs_thr,sample_num
0,90014,95782,11.372221191399873,14.900908522861966,23967684
