,f_samples,w_samples,rel_thr,abs_thr,sample_num
0,16149,35468,6.846059358801549,0.7550721779798547,6658593
