,f_samples,w_samples,rel_thr,abs_thr,sample_num
0,61212,5956,1451.1982596632815,1266.2707922099348,8664672
