,f_samples,w_samples,rel_thr,abs_thr,sample_num
0,77084,10317,640.3694095053597,6849.512923526787,11274729
