,f_samples,w_samples,rel_thr,abs_thr,sample_num
0,26146,77487,8146.221398485106,9411.74848699473,13368657
