,f_samples,w_samples,rel_thr,abs_thr,sample_num
0,7448,41080,4056.288123451531,4000.5742588703274,6260112
