,f_samples,w_samples,rel_thr,abs_thr,sample_num
0,44432,31341,248.7690930165727,3147.3220769974973,9774717
