,f_samples,w_samples,rel_thr,abs_thr,sample_num
0,57611,83064,10.534111141337277,11.767971373271916,18147075
