,f_samples,w_samples,rel_thr,abs_thr,sample_num
0,44328,33621,4412.811869908977,8473.892089762874,10055421
