,f_samples,w_samples,rel_thr,abs_thr,sample_num
0,51062,93158,1220.0443218545602,4452.705568571472,18604380
