,f_samples,w_samples,rel_thr,abs_thr,sample_num
0,13584,17336,9287.740946206797,3141.8200031614274,3988680
