,f_samples,w_samples,rel_thr,abs_thr,sample_num
0,475724,22468,46.8347381281473,95.76619217562765,64266768
