,f_samples,w_samples,rel_thr,abs_thr,sample_num
0,59540,50534,3952.70816971514,6869.056452192771,14199546
