,f_samples,w_samples,rel_thr,abs_thr,sample_num
0,10281,21143,7698.506350034019,9255.538158148891,4053696
