,f_samples,w_samples,rel_thr,abs_thr,sample_num
0,80126,90667,5541.968840169882,7327.933348591579,22032297
