,f_samples,w_samples,rel_thr,abs_thr,sample_num
0,42425,62010,18.42489423174479,56.116845824069074,13472115
