,f_samples,w_samples,rel_thr,abs_thr,sample_num
0,69513,26464,3771.577360860959,408.914296855184,12381033
