,f_samples,w_samples,rel_thr,abs_thr,sample_num
0,95405,25985,95.53471117538466,79.1086644189918,15659310
