,f_samples,w_samples,rel_thr,abs_thr,sample_num
0,52040,95677,1.0260435736171978,4.51065167701567,19055493
