,f_samples,w_samples,rel_thr,abs_thr,sample_num
0,6203,15721,2.7658848573790893,61.59067568617495,2828196
