,f_samples,w_samples,rel_thr,abs_thr,sample_num
0,62073,25236,13.323032309452001,5.122029376246617,11262861
