,f_samples,w_samples,rel_thr,abs_thr,sample_num
0,47795,55293,7325.0920570038115,4878.899172449068,13298352
