,f_samples,w_samples,rel_thr,abs_thr,sample_num
0,84422,17965,8.60606670788648,10.141982780835678,13207923
