,f_samples,w_samples,rel_thr,abs_thr,sample_num
0,27100,58159,9341.772945780682,72.21225437099909,10998411
