,f_samples,w_samples,rel_thr,abs_thr,sample_num
0,6144,6364,64.36740360366939,29.080615799531863,1613532
