,f_samples,w_samples,rel_thr,abs_thr,sample_num
0,23213,54687,6093.155752049939,7330.219360929725,10049100
