,f_samples,w_samples,rel_thr,abs_thr,sample_num
0,40482,81134,2725.005716740225,7504.789164492246,15688464
