,f_samples,w_samples,rel_thr,abs_thr,sample_num
0,438682,48821,3.8922035809998032,41586.09436337597,62887887
