,f_samples,w_samples,rel_thr,abs_thr,sample_num
0,22564,89054,7052.551741614631,760.4385489261178,14398722
