,f_samples,w_samples,rel_thr,abs_thr,sample_num
0,380990,182440,34.04507549625442,37.71525257767709,72682470
