,f_samples,w_samples,rel_thr,abs_thr,sample_num
0,76845,62625,29.73760886924159,44.77468101229377,17991630
