,f_samples,w_samples,rel_thr,abs_thr,sample_num
0,36667,92960,4569.002284554338,5451.980938624383,16721883
