,f_samples,w_samples,rel_thr,abs_thr,sample_num
0,37495,64407,7825.123879736393,521.2033997213949,13145358
