,f_samples,w_samples,rel_thr,abs_thr,sample_num
0,87849,66138,9.060247509485349,74.49664470450749,19864323
