,f_samples,w_samples,rel_thr,abs_thr,sample_num
0,21819,6512,5161.412272436799,8093.658288167704,3654699
