,f_samples,w_samples,rel_thr,abs_thr,sample_num
0,17895,20771,11.687812504763631,11.83014692995362,4987914
