,f_samples,w_samples,rel_thr,abs_thr,sample_num
0,18641,66596,12.78201960217994,4.39452033615195,10995573
