,f_samples,w_samples,rel_thr,abs_thr,sample_num
0,75234,51010,8408.559416719227,1930.1476335284108,16285476
