,f_samples,w_samples,rel_thr,abs_thr,sample_num
0,65670,29502,-0.36592313134241294,10.825702189918609,12277188
