,f_samples,w_samples,rel_thr,abs_thr,sample_num
0,68471,29758,1.3333383641491032,8.906514428107597,12671541
