,f_samples,w_samples,rel_thr,abs_thr,sample_num
0,56670,78166,5302.196840778902,4695.699071109002,17393844
