,f_samples,w_samples,rel_thr,abs_thr,sample_num
0,62404,65203,5.77852358903988,4.1525948366741545,16461303
