,f_samples,w_samples,rel_thr,abs_thr,sample_num
0,63851,64709,2549.7986769342874,5876.265384459894,16584240
