,f_samples,w_samples,rel_thr,abs_thr,sample_num
0,434894,224497,2.930821761226234,113556.1764117964,85061439
