,f_samples,w_samples,rel_thr,abs_thr,sample_num
0,446575,139794,6.439029698078798,191436.23679831333,75641601
