,f_samples,w_samples,rel_thr,abs_thr,sample_num
0,78469,55921,3750.109079655793,1747.3530195447906,17336310
