,f_samples,w_samples,rel_thr,abs_thr,sample_num
0,62944,90432,9822.344262655279,2116.604685030998,19785504
