,f_samples,w_samples,rel_thr,abs_thr,sample_num
0,50892,12333,-0.6596812750449139,10.742940245653138,8156025
