,f_samples,w_samples,rel_thr,abs_thr,sample_num
0,83913,60029,9.638020168220175,2.264599382559532,18568518
