,f_samples,w_samples,rel_thr,abs_thr,sample_num
0,54015,47579,51.96417161632977,38.45530494725724,13105626
