,f_samples,w_samples,rel_thr,abs_thr,sample_num
0,58306,67589,6.8709777202763185,5.675239189357601,16240455
