,f_samples,w_samples,rel_thr,abs_thr,sample_num
0,87029,70219,1.658533923556183,0.6996819528581366,20284992
