,f_samples,w_samples,rel_thr,abs_thr,sample_num
0,36531,51530,9.838645943952931,92.06868758307635,11359869
