,f_samples,w_samples,rel_thr,abs_thr,sample_num
0,29069,35490,4463.683268143418,4593.243781925129,8328111
