,f_samples,w_samples,rel_thr,abs_thr,sample_num
0,21443,38991,3254.2455116014467,8110.778065636173,7795986
