,window_length,band_length,sample_num,adv_ber,legit_ber
0,432630,92913,55809270,48.984375,22.566964285714285
