,window_length,band_length,sample_num,adv_ber,legit_ber
0,467501,48800,20570044,49.42735602094241,44.187663612565444
