,window_length,band_length,sample_num,adv_ber,legit_ber
0,287301,67194,37061829,49.91155660377358,38.41391509433962
