,window_length,band_length,sample_num,adv_ber,legit_ber
0,37378,2189,859694,46.49556010928962,38.20457650273224
