,window_length,band_length,sample_num,adv_ber,legit_ber
0,59753,12684,7708137,46.07689950980392,30.303308823529413
