,window_length,band_length,sample_num,adv_ber,legit_ber
0,449487,72037,29216655,49.88339552238806,42.117537313432834
