,f_samples,w_samples,rel_thr,abs_thr,sample_num
0,60615,80463,10.810175266898023,12.702101173848455,18199062
