,f_samples,w_samples,rel_thr,abs_thr,sample_num
0,51700,68430,41.93724942653245,38.69641256807226,15496770
