,f_samples,w_samples,rel_thr,abs_thr,sample_num
0,64201,38035,10.930338362359919,4.799679694473824,13188444
