,f_samples,w_samples,rel_thr,abs_thr,sample_num
0,85367,33148,8837.908732659032,3165.9373336416884,15288435
