,f_samples,w_samples,rel_thr,abs_thr,sample_num
0,36406,64332,3.6561543652069055,12.487348698586182,12995202
