,f_samples,w_samples,rel_thr,abs_thr,sample_num
0,12664,81350,7.110779238960706,49.541677006509985,12127806
