,f_samples,w_samples,rel_thr,abs_thr,sample_num
0,55965,92747,2.4492773451916126,6.617798654103547,19183848
