,f_samples,w_samples,rel_thr,abs_thr,sample_num
0,83365,23774,9.051421128884279,14.564492287975195,13820931
