,f_samples,w_samples,rel_thr,abs_thr,sample_num
0,5848,23176,12.435201520105812,6.15975385846058,3744096
