,f_samples,w_samples,rel_thr,abs_thr,sample_num
0,46516,5712,5616.49551827898,869.2731545711707,6737412
