,f_samples,w_samples,rel_thr,abs_thr,sample_num
0,72711,7376,19.338059563434754,95.4758180141322,10331223
