,f_samples,w_samples,rel_thr,abs_thr,sample_num
0,64936,24047,216.44461088993134,238.70338473086838,11478807
