,f_samples,w_samples,rel_thr,abs_thr,sample_num
0,256283,121689,7.860947634382425,3313.449589666373,48758388
