,f_samples,w_samples,rel_thr,abs_thr,sample_num
0,76941,85334,2.5512028979735817,8.240502766607694,20933475
