,f_samples,w_samples,rel_thr,abs_thr,sample_num
0,41494,8103,7.82086032913935,4.841682010815157,6398013
