,f_samples,w_samples,rel_thr,abs_thr,sample_num
0,45922,63253,7510.960635316555,6336.767649777851,14083575
