,f_samples,w_samples,rel_thr,abs_thr,sample_num
0,72693,85080,467.077542267193,3580.3857955804797,20352717
