,f_samples,w_samples,rel_thr,abs_thr,sample_num
0,42391,47001,1.748935946385469,8.115786688013722,11531568
