,f_samples,w_samples,rel_thr,abs_thr,sample_num
0,46183,45718,12.42064675981113,7.246241089480291,11855229
