,f_samples,w_samples,rel_thr,abs_thr,sample_num
0,12203,51303,8295.786902155327,3978.6374468237364,8192274
