,f_samples,w_samples,rel_thr,abs_thr,sample_num
0,23409,86195,3033.9999655241877,3020.780126745306,14138916
