,f_samples,w_samples,rel_thr,abs_thr,sample_num
0,50468,9364,14.288031098723913,8.694900632653976,7718328
