,f_samples,w_samples,rel_thr,abs_thr,sample_num
0,83873,76620,7122.97161592928,8410.087259150756,20703597
