,f_samples,w_samples,rel_thr,abs_thr,sample_num
0,78508,66087,8962.532685748063,8209.13893241273,18652755
