,f_samples,w_samples,rel_thr,abs_thr,sample_num
0,90082,74816,4316.026997552477,1490.1037779916026,21271842
