,f_samples,w_samples,rel_thr,abs_thr,sample_num
0,88435,57327,6.804273691079237,0.5065197882071387,18803298
