,f_samples,w_samples,rel_thr,abs_thr,sample_num
0,69694,43585,7451.581595768566,5359.688286352018,14612991
