,f_samples,w_samples,rel_thr,abs_thr,sample_num
0,81597,47649,2.3959745070229985,11.770532336683516,16672734
