,f_samples,w_samples,rel_thr,abs_thr,sample_num
0,79355,45469,5155.736791833761,5717.586089138791,16102296
