,f_samples,w_samples,rel_thr,abs_thr,sample_num
0,20197,54516,3.217506196983196,33.72752925668906,9637977
