,f_samples,w_samples,rel_thr,abs_thr,sample_num
0,73557,84709,2.851325165872286,10.993439042465054,20416314
