,f_samples,w_samples,rel_thr,abs_thr,sample_num
0,81619,54412,6.1670908977335905,1.49877885282793,17547999
