,f_samples,w_samples,rel_thr,abs_thr,sample_num
0,75440,59343,5131.050928619814,5215.038111288431,17387007
