,f_samples,w_samples,rel_thr,abs_thr,sample_num
0,84877,15333,29.945863038056974,89.60937140040454,12927090
