,f_samples,w_samples,rel_thr,abs_thr,sample_num
0,24566,21622,9941.920380730144,4028.6727771841834,5958252
