,f_samples,w_samples,rel_thr,abs_thr,sample_num
0,87237,8686,0.21548638061089598,4.803063477215826,12374067
