,f_samples,w_samples,rel_thr,abs_thr,sample_num
0,14426,34044,5659.703401027258,9309.948148103107,6252630
