,f_samples,w_samples,rel_thr,abs_thr,sample_num
0,50515,15284,7.130778579980785,7.853143445660025,8488071
