,f_samples,w_samples,rel_thr,abs_thr,sample_num
0,36406,7072,0.3630712456041607,11.788421358379017,5608662
