,f_samples,w_samples,rel_thr,abs_thr,sample_num
0,18039,89337,9445.782446009667,3601.8067093822647,13851504
