,f_samples,w_samples,rel_thr,abs_thr,sample_num
0,73475,31521,75.13411313894217,0.6488893583750932,13544484
