,f_samples,w_samples,rel_thr,abs_thr,sample_num
0,46868,60823,40.70557237408518,68.93918972600173,13892139
