,f_samples,w_samples,rel_thr,abs_thr,sample_num
0,45272,18425,6268.370916965483,684.4191690814805,8216913
