,f_samples,w_samples,rel_thr,abs_thr,sample_num
0,25103,45286,2.0807891786104538,7.630401237587471,9080181
