,f_samples,w_samples,rel_thr,abs_thr,sample_num
0,20511,61058,9.673317637159165,0.866728171481615,10522401
