,f_samples,w_samples,rel_thr,abs_thr,sample_num
0,27387,24644,96.57614505458369,14.660634981265442,6711999
