,f_samples,w_samples,rel_thr,abs_thr,sample_num
0,82954,71449,0.9994600100865902,9.627308329422675,19917987
