,f_samples,w_samples,rel_thr,abs_thr,sample_num
0,11861,82293,2078.0721127159427,7319.1802856956565,12145866
