,f_samples,w_samples,rel_thr,abs_thr,sample_num
0,9531,17214,2.612333104673217,14.676158240651937,3450105
