,f_samples,w_samples,rel_thr,abs_thr,sample_num
0,81474,81183,2039.8254043439517,1950.4098899138355,20982753
