,f_samples,w_samples,rel_thr,abs_thr,sample_num
0,26477,35922,13.370331560874895,3.485616656925274,8049471
