,f_samples,w_samples,rel_thr,abs_thr,sample_num
0,15657,36015,9872.21744978581,9248.06759749579,6665688
