,f_samples,w_samples,rel_thr,abs_thr,sample_num
0,29486,49269,66.25411155338313,35.5566729211789,10159395
