,f_samples,w_samples,rel_thr,abs_thr,sample_num
0,261456,132309,3.8973949783771253,187982.52155309584,50795685
