,f_samples,w_samples,rel_thr,abs_thr,sample_num
0,92134,84164,69.26174688866014,51.81186422294309,22742442
