,f_samples,w_samples,rel_thr,abs_thr,sample_num
0,13564,52287,5710.766032591059,3675.656934068324,8494779
