,f_samples,w_samples,rel_thr,abs_thr,sample_num
0,21746,93467,9040.392096218524,7450.4496020837805,14862477
