,f_samples,w_samples,rel_thr,abs_thr,sample_num
0,71577,6480,2584.7214184608356,9660.585282659247,10069353
