,f_samples,w_samples,rel_thr,abs_thr,sample_num
0,16196,74544,4713.091092436244,2422.43652904545,11705460
