,f_samples,w_samples,rel_thr,abs_thr,sample_num
0,60106,24267,1525.8027566547885,1211.6926772723634,10884117
