,f_samples,w_samples,rel_thr,abs_thr,sample_num
0,66467,37183,11.336540978909017,5.7682172029194625,13370850
