,f_samples,w_samples,rel_thr,abs_thr,sample_num
0,49208,9126,5.526091499067796,68.45788125292972,7525086
