,f_samples,w_samples,rel_thr,abs_thr,sample_num
0,52837,23183,9028.30213122008,8300.605152367292,9806580
