,f_samples,w_samples,rel_thr,abs_thr,sample_num
0,46535,71024,4.110696197455413,14.078606949639074,15165111
