,f_samples,w_samples,rel_thr,abs_thr,sample_num
0,70844,63361,5.521527248616822,14.74465973260941,17312445
