,f_samples,w_samples,rel_thr,abs_thr,sample_num
0,45681,43570,4704.214342207505,9115.775197728604,11513379
