,f_samples,w_samples,rel_thr,abs_thr,sample_num
0,20606,81316,7760.243454898285,8489.303768843149,13147938
