,f_samples,w_samples,rel_thr,abs_thr,sample_num
0,51131,38108,6473.451259058986,6224.584907921907,11511831
