,f_samples,w_samples,rel_thr,abs_thr,sample_num
0,88378,29061,12.822756219649348,12.75814380501671,15149631
