,f_samples,w_samples,rel_thr,abs_thr,sample_num
0,48736,50169,13.352596666782937,13.123397837936302,12758745
