,f_samples,w_samples,rel_thr,abs_thr,sample_num
0,13672,45990,11.325552048104871,14.174007351019306,7696398
