,f_samples,w_samples,rel_thr,abs_thr,sample_num
0,250949,331408,61.51872581528003,76.80905672981517,75124053
