,f_samples,w_samples,rel_thr,abs_thr,sample_num
0,23694,66238,11.360742863008882,7.777967567007904,11601228
