,f_samples,w_samples,rel_thr,abs_thr,sample_num
0,75682,81694,8.07386617865371,13.443790614994105,20301504
