,f_samples,w_samples,rel_thr,abs_thr,sample_num
0,49164,63235,13.290171444597023,12.242231162601659,14499471
