,f_samples,w_samples,rel_thr,abs_thr,sample_num
0,26104,72909,0.5563156843236285,2.6357104869687307,12772677
