,f_samples,w_samples,rel_thr,abs_thr,sample_num
0,37430,52537,6731.698656170451,4136.468857719509,11605743
