,f_samples,w_samples,rel_thr,abs_thr,sample_num
0,23809,6509,10.89250525494991,12.392632518227394,3911022
