,f_samples,w_samples,rel_thr,abs_thr,sample_num
0,35987,68082,543.8321241344377,6727.97568621985,13424901
