,f_samples,w_samples,rel_thr,abs_thr,sample_num
0,73334,47192,98.05006792710785,24.51463046740362,15547854
