,f_samples,w_samples,rel_thr,abs_thr,sample_num
0,20802,16267,13.373367586449508,3.6452763113461915,4781901
