,f_samples,w_samples,rel_thr,abs_thr,sample_num
0,75332,21648,8149.967487266734,7929.003649812952,12510420
