,f_samples,w_samples,rel_thr,abs_thr,sample_num
0,90753,15322,63.17799799825535,23.11157270754194,13683675
