,f_samples,w_samples,rel_thr,abs_thr,sample_num
0,87639,82104,464.500105166005,3130.0004506309965,21896847
