,f_samples,w_samples,rel_thr,abs_thr,sample_num
0,92703,55977,6.07085934735516,4.882902395592327,19179720
