,f_samples,w_samples,rel_thr,abs_thr,sample_num
0,67735,17212,8257.09440556295,8319.64907793979,10958163
