,f_samples,w_samples,rel_thr,abs_thr,sample_num
0,12259,12899,3539.151764162333,7650.183799002559,3245382
