,f_samples,w_samples,rel_thr,abs_thr,sample_num
0,66868,32565,4.63820039552876,97.61836403523121,12826857
