,f_samples,w_samples,rel_thr,abs_thr,sample_num
0,71611,16519,1777.4257583616122,9587.806099715146,11368770
