,f_samples,w_samples,rel_thr,abs_thr,sample_num
0,68720,6583,8785.856446127422,2994.667215780088,9714087
