,f_samples,w_samples,rel_thr,abs_thr,sample_num
0,26839,69488,19.920756000622493,30.4821361022221,12426183
