,f_samples,w_samples,rel_thr,abs_thr,sample_num
0,51166,57927,4.897924329239586,8.604215110984402,14072997
