,f_samples,w_samples,rel_thr,abs_thr,sample_num
0,95431,51621,2.6715294818644946,9.65738604251467,18969708
