,f_samples,w_samples,rel_thr,abs_thr,sample_num
0,32541,19910,6.263075719780417,2.493196667810229,6766179
