,f_samples,w_samples,rel_thr,abs_thr,sample_num
0,91433,12933,76.66850960474535,49.30509369391953,13463214
