,f_samples,w_samples,rel_thr,abs_thr,sample_num
0,94685,57531,82.74575549123051,28.77022037789577,19635864
