,f_samples,w_samples,rel_thr,abs_thr,sample_num
0,73956,60422,5771.063011427329,8836.058901551982,17334762
