,f_samples,w_samples,rel_thr,abs_thr,sample_num
0,82135,75496,1619.0308806599633,3602.6611506442573,20334399
