,f_samples,w_samples,rel_thr,abs_thr,sample_num
0,33736,87775,3.1360265979705133,11.763646683820381,15674919
