,f_samples,w_samples,rel_thr,abs_thr,sample_num
0,59907,35746,23.830754862808163,97.41502109833051,12339237
