,f_samples,w_samples,rel_thr,abs_thr,sample_num
0,8329,66014,5610.109429322322,6962.964447777099,9590247
