,f_samples,w_samples,rel_thr,abs_thr,sample_num
0,78317,27559,7.534490479299549,5.175986247491258,13658004
