,f_samples,w_samples,rel_thr,abs_thr,sample_num
0,84342,16447,4.938194502394898,1.3442056669393292,13001781
