,f_samples,w_samples,rel_thr,abs_thr,sample_num
0,44566,83578,-0.48581548533081786,4.026189683450606,16530576
