,f_samples,w_samples,rel_thr,abs_thr,sample_num
0,66547,29368,3084.597885037505,1637.056565847138,12373035
