,f_samples,w_samples,rel_thr,abs_thr,sample_num
0,25860,65088,9529.100561904055,717.4619659834581,11732292
