,f_samples,w_samples,rel_thr,abs_thr,sample_num
0,47324,10690,13.405561710097338,2.320699672247402,7483806
