,f_samples,w_samples,rel_thr,abs_thr,sample_num
0,96685,260532,0.6655870518540663,136374.4407212605,46080993
