,f_samples,w_samples,rel_thr,abs_thr,sample_num
0,165690,442711,-0.25428910575333497,27441.551492649818,78483729
