,f_samples,w_samples,rel_thr,abs_thr,sample_num
0,80616,56092,9.863267620300078,14.108297851264131,17635332
