,f_samples,w_samples,rel_thr,abs_thr,sample_num
0,18299,23110,8423.242323594328,3917.347887805065,5341761
