,f_samples,w_samples,rel_thr,abs_thr,sample_num
0,24298,86897,2.9089831060538103,12.573079923417142,14344155
