,f_samples,w_samples,rel_thr,abs_thr,sample_num
0,55613,73683,-0.9309932905416698,9.543367689252268,16679184
