,f_samples,w_samples,rel_thr,abs_thr,sample_num
0,65119,45728,2.8738927725479346,14.88447688948322,14299263
