,f_samples,w_samples,rel_thr,abs_thr,sample_num
0,88919,83009,8.707635030316958,10.089208155191422,22178712
