,f_samples,w_samples,rel_thr,abs_thr,sample_num
0,49383,13904,64.22517795990605,14.798297433929797,8164023
