,f_samples,w_samples,rel_thr,abs_thr,sample_num
0,69274,60333,13.085061655489282,10.74456965261447,16719303
