,f_samples,w_samples,rel_thr,abs_thr,sample_num
0,83146,40278,9.044278939067748,4.2433743517326885,15921696
