,f_samples,w_samples,rel_thr,abs_thr,sample_num
0,52405,23269,31.055137747895493,92.77227116382043,9761946
