,f_samples,w_samples,rel_thr,abs_thr,sample_num
0,48437,47378,11.36028979255205,2.034799816694597,12360135
