,f_samples,w_samples,rel_thr,abs_thr,sample_num
0,30461,18032,3021.427937153392,4744.944130024023,6255597
