,f_samples,w_samples,rel_thr,abs_thr,sample_num
0,16046,42964,963.9589559239647,2424.060927684254,7612290
