,f_samples,w_samples,rel_thr,abs_thr,sample_num
0,10194,13036,3311.630085753065,3779.97399570158,2996670
