,f_samples,w_samples,rel_thr,abs_thr,sample_num
0,88320,92504,10.339244581826593,3.975628875261634,23326296
