,f_samples,w_samples,rel_thr,abs_thr,sample_num
0,36565,44292,5570.219244249383,3251.01826828477,10430553
