,f_samples,w_samples,rel_thr,abs_thr,sample_num
0,46766,23211,5.00244956713421,2.801688244186127,9027033
