,f_samples,w_samples,rel_thr,abs_thr,sample_num
0,73013,58094,83.26173585129031,61.78879091644581,16912803
