,f_samples,w_samples,rel_thr,abs_thr,sample_num
0,62577,67770,8668.569306127634,2161.976119367216,16814763
