,f_samples,w_samples,rel_thr,abs_thr,sample_num
0,68369,11497,13.000339929595892,12.933051329909839,10302714
