,f_samples,w_samples,rel_thr,abs_thr,sample_num
0,40754,46520,76.88010388083724,7.4868971161621385,11258346
