,f_samples,w_samples,rel_thr,abs_thr,sample_num
0,27678,81155,36.640333763545584,1.20738493417194,14039457
