,f_samples,w_samples,rel_thr,abs_thr,sample_num
0,32507,37031,4439.595375106455,3493.0819708354975,8970402
