,f_samples,w_samples,rel_thr,abs_thr,sample_num
0,13485,91580,2.987919073062103,58.11155623682902,13553385
