,f_samples,w_samples,rel_thr,abs_thr,sample_num
0,50685,15255,2805.6325901418604,7262.564352743269,8506260
