,f_samples,w_samples,rel_thr,abs_thr,sample_num
0,342991,137464,8.560012960044125,13.622135690221949,61978695
