,f_samples,w_samples,rel_thr,abs_thr,sample_num
0,57628,12137,7681.232471786637,2981.9460362131676,8999685
