,f_samples,w_samples,rel_thr,abs_thr,sample_num
0,83229,7129,2.44104195349348,12.804223445458213,11656182
