,f_samples,w_samples,rel_thr,abs_thr,sample_num
0,83784,24353,65.70804643723042,89.17964320132809,13949673
