,f_samples,w_samples,rel_thr,abs_thr,sample_num
0,68814,57483,15.301118334971147,74.4163008735096,16292313
