,f_samples,w_samples,rel_thr,abs_thr,sample_num
0,12293,61200,8.98745373776466,12.310877561017124,9480597
