,f_samples,w_samples,rel_thr,abs_thr,sample_num
0,20221,73257,7771.341790027563,7697.964993302473,12058662
