,f_samples,w_samples,rel_thr,abs_thr,sample_num
0,66374,67293,7.488902761533595,6.056099848826543,17243043
