,f_samples,w_samples,rel_thr,abs_thr,sample_num
0,49161,10602,8.783626754755524,7.625313430266043,7709427
