,f_samples,w_samples,rel_thr,abs_thr,sample_num
0,71478,43965,11.15131887183677,8.71912321841363,14892147
