,f_samples,w_samples,rel_thr,abs_thr,sample_num
0,89488,89351,74.50584490971578,55.75472535450281,23070231
