,f_samples,w_samples,rel_thr,abs_thr,sample_num
0,44867,68849,3033.034844917557,3106.407391937809,14669364
