,f_samples,w_samples,rel_thr,abs_thr,sample_num
0,46842,41705,58.6405112525901,52.94286684625922,11422563
