,f_samples,w_samples,rel_thr,abs_thr,sample_num
0,50253,37735,12.305589436149479,2.701100295785399,11350452
