,f_samples,w_samples,rel_thr,abs_thr,sample_num
0,37964,39260,0.6857361517905698,6.935089803627571,9961896
