,f_samples,w_samples,rel_thr,abs_thr,sample_num
0,73659,21013,9396.38506578423,9633.005110323547,12212688
