,f_samples,w_samples,rel_thr,abs_thr,sample_num
0,52143,63999,7199.018528694597,3175.8839885199386,14982318
