,f_samples,w_samples,rel_thr,abs_thr,sample_num
0,59174,39508,85.90344844614152,71.18019608961369,12729978
