,f_samples,w_samples,rel_thr,abs_thr,sample_num
0,17244,6607,9877.563469951367,7117.230117732498,3076779
