,f_samples,w_samples,rel_thr,abs_thr,sample_num
0,47255,48020,3.803472912378088,3.810681604665145,12290475
