,f_samples,w_samples,rel_thr,abs_thr,sample_num
0,23174,15391,14.308823044928463,9.683327923926786,4974885
