,f_samples,w_samples,rel_thr,abs_thr,sample_num
0,94638,34304,11.46550849332618,6.643284971483666,16633518
