,f_samples,w_samples,rel_thr,abs_thr,sample_num
0,58849,43347,9712.585768763007,1056.4217237748808,13183284
