,f_samples,w_samples,rel_thr,abs_thr,sample_num
0,14967,33824,97.79759247313362,79.86169259670534,6294039
