,f_samples,w_samples,rel_thr,abs_thr,sample_num
0,57733,80254,7.330516621235429,10.509039270703099,17800323
