,f_samples,w_samples,rel_thr,abs_thr,sample_num
0,27659,32653,1.959999037475887,8.212097725017987,7780248
