,f_samples,w_samples,rel_thr,abs_thr,sample_num
0,21880,86632,12.625578906057195,11.500454147061028,13998048
