,f_samples,w_samples,rel_thr,abs_thr,sample_num
0,17971,81193,3342.231131852313,7378.677582233466,12792156
