,f_samples,w_samples,rel_thr,abs_thr,sample_num
0,7089,48292,7.06306346162955,81.19999878231702,7144149
