,f_samples,w_samples,rel_thr,abs_thr,sample_num
0,28539,22958,74.84422171149482,44.77590156621978,6643113
