,f_samples,w_samples,rel_thr,abs_thr,sample_num
0,25311,84921,22.917034959853275,19.67138593981872,14219928
