,f_samples,w_samples,rel_thr,abs_thr,sample_num
0,84404,11621,5.596712837857776,6.650433199494661,12387225
