,f_samples,w_samples,rel_thr,abs_thr,sample_num
0,81029,31402,4920.6928497997405,6300.632917215994,14503599
