,f_samples,w_samples,rel_thr,abs_thr,sample_num
0,92832,29594,683.8810990910886,5205.37228452904,15792954
