,f_samples,w_samples,rel_thr,abs_thr,sample_num
0,27620,27780,10.193915757043483,4.56981649542057,7146600
