,f_samples,w_samples,rel_thr,abs_thr,sample_num
0,25653,14122,5848.082006132654,8498.996611378247,5130975
