,f_samples,w_samples,rel_thr,abs_thr,sample_num
0,7621,44753,-0.817106328363268,1.644669792184013,6756246
