,f_samples,w_samples,rel_thr,abs_thr,sample_num
0,77368,80608,5790.087431948961,1503.2177361457889,20378904
