,f_samples,w_samples,rel_thr,abs_thr,sample_num
0,76806,36698,69.47334979928567,48.534561730974644,14642016
