,f_samples,w_samples,rel_thr,abs_thr,sample_num
0,65641,62335,92.36465164232185,91.24794743786326,16508904
