,f_samples,w_samples,rel_thr,abs_thr,sample_num
0,51561,31613,1.9750958502070812,14.842337733238931,10729446
