,f_samples,w_samples,rel_thr,abs_thr,sample_num
0,57948,89204,1398.4277758354438,3611.2395798944385,18982608
