,f_samples,w_samples,rel_thr,abs_thr,sample_num
0,11955,14945,1.9626461368295232,7.210994225411637,3470100
