,f_samples,w_samples,rel_thr,abs_thr,sample_num
0,66948,40913,6311.153606969581,7313.080436813053,13914069
