,f_samples,w_samples,rel_thr,abs_thr,sample_num
0,50398,46618,14.672592856689644,72.6176570682559,12515064
