,f_samples,w_samples,rel_thr,abs_thr,sample_num
0,20905,57125,5297.24104334061,68.91499366175947,10065870
