,f_samples,w_samples,rel_thr,abs_thr,sample_num
0,38841,90852,-0.10687097980608051,13.237451946601011,16730397
