,f_samples,w_samples,rel_thr,abs_thr,sample_num
0,79705,93095,2.225441034670986,10.255757426269195,22291200
