,f_samples,w_samples,rel_thr,abs_thr,sample_num
0,82675,84255,6.026878749199629,48.363728734719466,21533970
