,f_samples,w_samples,rel_thr,abs_thr,sample_num
0,95760,7778,0.22894577310942998,21.47471785080959,13356402
