,f_samples,w_samples,rel_thr,abs_thr,sample_num
0,91744,83958,35.359744249946665,3.122949533632058,22665558
