,f_samples,w_samples,rel_thr,abs_thr,sample_num
0,24002,54251,12.806342335390875,10.606174314210708,10094637
