,f_samples,w_samples,rel_thr,abs_thr,sample_num
0,67031,36136,23.34989322464587,49.92953416539806,13308543
