,f_samples,w_samples,rel_thr,abs_thr,sample_num
0,56843,10742,60.510325097380296,17.99522946031352,8718465
