,f_samples,w_samples,rel_thr,abs_thr,sample_num
0,22129,47075,4007.0145884008534,485.1561121269188,8927316
