,f_samples,w_samples,rel_thr,abs_thr,sample_num
0,60989,50831,7698.834635105888,2140.0924387815166,14424780
