,f_samples,w_samples,rel_thr,abs_thr,sample_num
0,37639,19977,-0.9583735891539114,1.3152985508954307,7432464
