,f_samples,w_samples,rel_thr,abs_thr,sample_num
0,6339,54868,216.00647048695274,2727.5191185720837,7895703
