,f_samples,w_samples,rel_thr,abs_thr,sample_num
0,25105,14086,10.160696846959615,13.158926184294899,5055639
