,f_samples,w_samples,rel_thr,abs_thr,sample_num
0,15277,81333,1373.5964867140121,859.8707175337616,12462690
