,f_samples,w_samples,rel_thr,abs_thr,sample_num
0,88315,70677,21.022933946696302,19.498736091488777,20509968
