,f_samples,w_samples,rel_thr,abs_thr,sample_num
0,69769,89344,5821.993157800854,6946.986418317415,20525577
