,f_samples,w_samples,rel_thr,abs_thr,sample_num
0,41770,50029,10.088380400909521,5.693175273178984,11842071
