,f_samples,w_samples,rel_thr,abs_thr,sample_num
0,54192,19140,3.7590248785053983,13.029047362962183,9459828
