,f_samples,w_samples,rel_thr,abs_thr,sample_num
0,41657,11412,4.46889018399399,6.1294745299655915,6845901
