,f_samples,w_samples,rel_thr,abs_thr,sample_num
0,17606,31293,62.82206065069183,48.331751022344214,6307971
