,f_samples,w_samples,rel_thr,abs_thr,sample_num
0,479106,33035,22.11530904552568,97.9907272763241,66066189
