,f_samples,w_samples,rel_thr,abs_thr,sample_num
0,16714,60217,12.989118785442543,6.779970160705741,9924099
