,f_samples,w_samples,rel_thr,abs_thr,sample_num
0,73894,38388,5025.24605959268,4025.4587183588574,14484378
