,f_samples,w_samples,rel_thr,abs_thr,sample_num
0,78239,68397,3.901522151313854,13.97709113225014,18916044
