,f_samples,w_samples,rel_thr,abs_thr,sample_num
0,39699,76200,207.14610093024524,3370.5841466360107,14950971
