,f_samples,w_samples,rel_thr,abs_thr,sample_num
0,66263,80849,66.9521264596888,31.97192856052761,18977448
