,f_samples,w_samples,rel_thr,abs_thr,sample_num
0,8961,95846,4.720463551579037,12.111322142593085,13520103
