,f_samples,w_samples,rel_thr,abs_thr,sample_num
0,41772,35868,2362.727015513778,1694.5984907963773,10015560
