,f_samples,w_samples,rel_thr,abs_thr,sample_num
0,94505,46466,95.42118739238104,37.7932228964768,18185259
