,f_samples,w_samples,rel_thr,abs_thr,sample_num
0,222577,49482,6.049774283575136,159705.43593581094,35095611
