,f_samples,w_samples,rel_thr,abs_thr,sample_num
0,39396,57984,8.067642718878181,93.53851419203787,12562020
