,f_samples,w_samples,rel_thr,abs_thr,sample_num
0,60025,87090,4542.564178824649,2898.1704941961193,18977835
