,f_samples,w_samples,rel_thr,abs_thr,sample_num
0,13355,59495,8698.661021884152,5868.643409205359,9397650
