,f_samples,w_samples,rel_thr,abs_thr,sample_num
0,51254,13146,9967.262233299241,6766.856942064725,8307600
