,f_samples,w_samples,rel_thr,abs_thr,sample_num
0,15317,70031,6370.719276172142,1434.074097262028,11009892
