,f_samples,w_samples,rel_thr,abs_thr,sample_num
0,48664,63132,12.727347761272618,6.437817199729095,14421684
