,f_samples,w_samples,rel_thr,abs_thr,sample_num
0,94228,61299,1347.618250103506,4459.372947282562,20062983
