,f_samples,w_samples,rel_thr,abs_thr,sample_num
0,89644,72740,2.237117440310609,12.555738369492476,20947536
