,f_samples,w_samples,rel_thr,abs_thr,sample_num
0,16547,81505,7476.770528317051,6758.917261083431,12648708
