,f_samples,w_samples,rel_thr,abs_thr,sample_num
0,75789,44661,29.448047330125245,48.18569544339098,15538050
