,f_samples,w_samples,rel_thr,abs_thr,sample_num
0,53260,81039,9.773916432080702,14.615703349838066,17324571
