,f_samples,w_samples,rel_thr,abs_thr,sample_num
0,6276,78125,61.94698579718094,18.95801029725802,10887729
