,f_samples,w_samples,rel_thr,abs_thr,sample_num
0,46300,92219,6.291458603927282,12.08764506420235,17868951
