,f_samples,w_samples,rel_thr,abs_thr,sample_num
0,27243,56416,42.09992251253962,55.49174054793744,10792011
