,f_samples,w_samples,rel_thr,abs_thr,sample_num
0,29580,7231,41.48176245172305,11.400919707809576,4748619
