,f_samples,w_samples,rel_thr,abs_thr,sample_num
0,5045,36044,8.972711836628733,2.429115630429707,5300481
