,f_samples,w_samples,rel_thr,abs_thr,sample_num
0,42122,36776,2982.255394175683,3281.2537743370253,10177842
