,f_samples,w_samples,rel_thr,abs_thr,sample_num
0,64156,18011,5.880772745419931,10.669519800509768,10599543
