,f_samples,w_samples,rel_thr,abs_thr,sample_num
0,32373,69689,8551.142049575607,3039.943613508016,13165998
