,f_samples,w_samples,rel_thr,abs_thr,sample_num
0,60283,60879,3.0545852918780856,14.314837621911503,15629898
