,f_samples,w_samples,rel_thr,abs_thr,sample_num
0,90198,29506,3522.37730710697,5628.00360263324,15441816
