,f_samples,w_samples,rel_thr,abs_thr,sample_num
0,5197,47883,9206.631699808227,6857.073996582469,6847320
