,f_samples,w_samples,rel_thr,abs_thr,sample_num
0,5143,42943,50.54820898572883,19.990237239636176,6203094
