,f_samples,w_samples,rel_thr,abs_thr,sample_num
0,87742,43048,9583.116971869282,8803.1333007404,16871910
