,f_samples,w_samples,rel_thr,abs_thr,sample_num
0,21045,61739,6860.108885004674,1720.5261930892445,10679136
