,f_samples,w_samples,rel_thr,abs_thr,sample_num
0,53294,69552,90.53422389948707,69.08336584733371,15847134
