,f_samples,w_samples,rel_thr,abs_thr,sample_num
0,89596,425639,10.14839410396944,146519.9907528794,66465315
