,f_samples,w_samples,rel_thr,abs_thr,sample_num
0,153350,402062,6.964724679402982,185008.86760180717,71648148
