,f_samples,w_samples,rel_thr,abs_thr,sample_num
0,33274,49851,0.31372720552476885,7.076351526566491,10723125
