,f_samples,w_samples,rel_thr,abs_thr,sample_num
0,33673,82058,9300.942172409714,869.1611499265995,14929299
