,f_samples,w_samples,rel_thr,abs_thr,sample_num
0,59910,63264,13.642263209375239,9.794528476386368,15889446
