,f_samples,w_samples,rel_thr,abs_thr,sample_num
0,11936,92637,3319.1733452244016,7490.0112556260365,13489917
