,f_samples,w_samples,rel_thr,abs_thr,sample_num
0,71139,28897,6896.653190821734,9680.581649802441,12904644
