,f_samples,w_samples,rel_thr,abs_thr,sample_num
0,31837,61114,2665.576639475406,3533.6857378745135,11990679
