,f_samples,w_samples,rel_thr,abs_thr,sample_num
0,66884,91100,9179.225671353968,5283.461048687702,20379936
