,f_samples,w_samples,rel_thr,abs_thr,sample_num
0,17549,64042,6.931379777241151,1.003116276195633,10525239
