,f_samples,w_samples,rel_thr,abs_thr,sample_num
0,47711,59825,4.469600621231438,14.627840679529948,13872144
