,f_samples,w_samples,rel_thr,abs_thr,sample_num
0,42757,37645,7401.817980739364,3064.648384676917,10371858
