,f_samples,w_samples,rel_thr,abs_thr,sample_num
0,31020,87748,12.918372849493576,12.437363500192326,15321072
