,f_samples,w_samples,rel_thr,abs_thr,sample_num
0,12950,20649,1530.2136762133541,7909.781154079347,4334271
