,f_samples,w_samples,rel_thr,abs_thr,sample_num
0,66401,58385,4.507766142445014,10.614922102612557,16097394
