,f_samples,w_samples,rel_thr,abs_thr,sample_num
0,70077,52862,4420.473799410571,6886.776579741816,15859131
