,f_samples,w_samples,rel_thr,abs_thr,sample_num
0,56267,13750,20.296736677251804,26.22805632661729,9032193
