,f_samples,w_samples,rel_thr,abs_thr,sample_num
0,90879,46332,39.51307208625984,31.31662883658075,17700219
