,f_samples,w_samples,rel_thr,abs_thr,sample_num
0,41241,57059,7804.720387850128,3067.370604456273,12680700
