,f_samples,w_samples,rel_thr,abs_thr,sample_num
0,46231,38929,13.101926036937705,1.953145293185361,10985640
