,f_samples,w_samples,rel_thr,abs_thr,sample_num
0,33946,90775,2.734597024156874,10.941135454875706,16089009
