,f_samples,w_samples,rel_thr,abs_thr,sample_num
0,11671,69124,21.029661903593585,57.448648418944494,10422555
