,f_samples,w_samples,rel_thr,abs_thr,sample_num
0,6197,6372,8.79342527586296,8.46333559582392,1621401
