,f_samples,w_samples,rel_thr,abs_thr,sample_num
0,313540,47572,6.2246632300845555,77009.4498419696,46583448
