,f_samples,w_samples,rel_thr,abs_thr,sample_num
0,85274,73661,754.8385113516088,3783.8039947881043,20502615
