,f_samples,w_samples,rel_thr,abs_thr,sample_num
0,41590,22480,8499.043670998719,7447.070325028249,8265030
