,f_samples,w_samples,rel_thr,abs_thr,sample_num
0,27130,59993,1964.3553912626546,817.1579029939613,11238867
