,f_samples,w_samples,rel_thr,abs_thr,sample_num
0,13867,9632,13.952468535256898,46.153246749628764,3031371
