,f_samples,w_samples,rel_thr,abs_thr,sample_num
0,59723,57749,16.63719150304104,6.679316372294508,15153888
