,f_samples,w_samples,rel_thr,abs_thr,sample_num
0,88168,15366,6480.946231726929,9234.77914861109,13355886
