,f_samples,w_samples,rel_thr,abs_thr,sample_num
0,13311,19687,3089.414347133327,332.16456763056846,4256742
