,f_samples,w_samples,rel_thr,abs_thr,sample_num
0,19225,25758,97.79293462485523,29.38066692686141,5802807
