,f_samples,w_samples,rel_thr,abs_thr,sample_num
0,15416,47226,14.300807818716791,13.675149561153436,8080818
