,f_samples,w_samples,rel_thr,abs_thr,sample_num
0,84418,27045,98.81064791514338,2.0541728621705557,14378727
