,f_samples,w_samples,rel_thr,abs_thr,sample_num
0,84963,88153,4283.576267374807,1740.4710103508269,22331964
