,f_samples,w_samples,rel_thr,abs_thr,sample_num
0,44496,70280,2934.5673772035,5168.702185696868,14806104
