,f_samples,w_samples,rel_thr,abs_thr,sample_num
0,7787,47062,74.60450261595176,30.869921059601168,7075521
