,f_samples,w_samples,rel_thr,abs_thr,sample_num
0,41131,33630,-0.6181503000255155,4.841376446231272,9644169
