,f_samples,w_samples,rel_thr,abs_thr,sample_num
0,58251,69148,76.22071784980633,68.06413962099074,16434471
