,f_samples,w_samples,rel_thr,abs_thr,sample_num
0,48144,32451,55.91541813059709,76.82361233766733,10396755
