,f_samples,w_samples,rel_thr,abs_thr,sample_num
0,26144,57685,5368.735300961306,7758.11850634064,10813941
