,f_samples,w_samples,rel_thr,abs_thr,sample_num
0,92300,20822,8.242282527907292,9.832482981374435,14592738
