,f_samples,w_samples,rel_thr,abs_thr,sample_num
0,79379,23963,59.782071873740996,14.213127417187666,13331118
