,f_samples,w_samples,rel_thr,abs_thr,sample_num
0,64595,46174,6.318807769595278,9.4289939383791,14289201
