,f_samples,w_samples,rel_thr,abs_thr,sample_num
0,59290,91156,5.765908086936818,8.942874423313418,19407534
