,f_samples,w_samples,rel_thr,abs_thr,sample_num
0,33668,54110,649.4970258853361,4103.248200472295,11323362
