,f_samples,w_samples,rel_thr,abs_thr,sample_num
0,62099,13028,7093.523624201395,2356.6669846148625,9691383
