,f_samples,w_samples,rel_thr,abs_thr,sample_num
0,15657,83330,1566.9199471175768,2966.1166373713963,12769323
