,f_samples,w_samples,rel_thr,abs_thr,sample_num
0,45559,83401,28.32369461683903,50.15708001521267,16635840
