,f_samples,w_samples,rel_thr,abs_thr,sample_num
0,71181,37752,76.86336398597344,74.65491339379476,14052357
