,f_samples,w_samples,rel_thr,abs_thr,sample_num
0,92064,87423,8300.537305970282,8091.476072622813,23153823
