,f_samples,w_samples,rel_thr,abs_thr,sample_num
0,194155,383944,6.87373495890256,87882.36230124297,74574771
