,f_samples,w_samples,rel_thr,abs_thr,sample_num
0,86849,93906,21.088324954714892,52.37643174315827,23317395
