,f_samples,w_samples,rel_thr,abs_thr,sample_num
0,9447,94498,4.412386529326806,14.645563958136059,13408905
