,f_samples,w_samples,rel_thr,abs_thr,sample_num
0,7616,66061,30.413847867342938,48.39552924871676,9504333
