,f_samples,w_samples,rel_thr,abs_thr,sample_num
0,63860,83297,9028.949499064509,8743.713790869684,18983253
