,f_samples,w_samples,rel_thr,abs_thr,sample_num
0,80392,80966,8.24876203662576,4.789041900959111,20815182
