,f_samples,w_samples,rel_thr,abs_thr,sample_num
0,18757,13271,384.57562849044615,1918.9160583879584,4131612
