,f_samples,w_samples,rel_thr,abs_thr,sample_num
0,90706,64643,6594.856795525521,8178.904381927502,20040021
