,f_samples,w_samples,rel_thr,abs_thr,sample_num
0,7861,55592,6.37331821932144,10.062636681053567,8185437
