,f_samples,w_samples,rel_thr,abs_thr,sample_num
0,95061,17254,60.882806446640245,50.06535369270888,14488635
