,f_samples,w_samples,rel_thr,abs_thr,sample_num
0,88528,66367,11.097761248605126,6.3723910814104485,19981455
