,f_samples,w_samples,rel_thr,abs_thr,sample_num
0,20409,32273,7189.177538834803,2650.550084406551,6795978
