,f_samples,w_samples,rel_thr,abs_thr,sample_num
0,55136,38698,12.191925047259636,10.348077807966781,12104586
