,f_samples,w_samples,rel_thr,abs_thr,sample_num
0,49655,45950,4462.694956966482,2207.521915638495,12333045
