,f_samples,w_samples,rel_thr,abs_thr,sample_num
0,65306,356522,4.155952049074909,25752.985275916053,54415812
