,f_samples,w_samples,rel_thr,abs_thr,sample_num
0,94822,54219,2632.3209208306234,1689.1865373887804,19226289
