,f_samples,w_samples,rel_thr,abs_thr,sample_num
0,31437,51594,12.60532859634219,8.511696950638564,10710999
