,f_samples,w_samples,rel_thr,abs_thr,sample_num
0,72222,48130,4.191184866775476,11.459557045048241,15525408
