,f_samples,w_samples,rel_thr,abs_thr,sample_num
0,79751,82762,14.114635177778736,4.571479968767961,20964177
