,f_samples,w_samples,rel_thr,abs_thr,sample_num
0,86353,19654,4.543485844591672,4.436584695306774,13674903
