,f_samples,w_samples,rel_thr,abs_thr,sample_num
0,25318,67892,14.369053056845479,13.717916145318359,12024090
