,f_samples,w_samples,rel_thr,abs_thr,sample_num
0,53796,21910,8658.388888327092,2087.299894394,9766074
