,f_samples,w_samples,rel_thr,abs_thr,sample_num
0,5812,95651,628.03670716307,6234.5935270216305,13088727
