,f_samples,w_samples,rel_thr,abs_thr,sample_num
0,70298,89158,-0.09308666155064316,9.302068353204312,20569824
