,f_samples,w_samples,rel_thr,abs_thr,sample_num
0,14247,56782,7703.895495142821,4033.751952494112,9162741
