,f_samples,w_samples,rel_thr,abs_thr,sample_num
0,17467,88728,2856.0973535279722,22.7887380920222,13699155
