,f_samples,w_samples,rel_thr,abs_thr,sample_num
0,75615,89167,82.17011085876935,93.94444433938014,21256878
