,f_samples,w_samples,rel_thr,abs_thr,sample_num
0,14544,14880,29.75348335631941,90.21291232189903,3795696
