,f_samples,w_samples,rel_thr,abs_thr,sample_num
0,39890,9723,9373.134934389736,1439.0945369427466,6400077
