,f_samples,w_samples,rel_thr,abs_thr,sample_num
0,82662,51347,3.458880837361397,12.884131747242542,17287161
