,f_samples,w_samples,rel_thr,abs_thr,sample_num
0,324273,50334,8.133029092019106,179399.76915075156,48324303
