,f_samples,w_samples,rel_thr,abs_thr,sample_num
0,95113,24083,8.830365714829016,9.551902473728319,15376284
