,f_samples,w_samples,rel_thr,abs_thr,sample_num
0,78837,35375,-0.7605509496400134,21.049352256919573,14733348
