,f_samples,w_samples,rel_thr,abs_thr,sample_num
0,461496,280836,89.63630964785037,76.74275105084021,95760828
