,f_samples,w_samples,rel_thr,abs_thr,sample_num
0,44621,54622,3894.9792534249523,4158.663429641641,12802347
