,f_samples,w_samples,rel_thr,abs_thr,sample_num
0,106839,13990,12.934900803795182,124108.81248563684,15586941
