,f_samples,w_samples,rel_thr,abs_thr,sample_num
0,45132,42231,42.2942448923932,12.918308610334616,11269827
