,f_samples,w_samples,rel_thr,abs_thr,sample_num
0,18863,42356,11.435158605463332,12.202041347943505,7897251
