,f_samples,w_samples,rel_thr,abs_thr,sample_num
0,45659,55821,14.15477548606138,6.165339083433229,13090920
