,f_samples,w_samples,rel_thr,abs_thr,sample_num
0,7649,57470,13.09266409221173,2.272588738647956,8400351
