,f_samples,w_samples,rel_thr,abs_thr,sample_num
0,35818,18340,12.377384352216493,5.812151411192562,6986382
