,f_samples,w_samples,rel_thr,abs_thr,sample_num
0,33034,58876,-0.10365780982298034,7.040087045043555,11856390
