,f_samples,w_samples,rel_thr,abs_thr,sample_num
0,72185,28508,311.2388440036537,2251.773117168642,12989397
