,f_samples,w_samples,rel_thr,abs_thr,sample_num
0,56799,54927,-0.5568635478104405,7.297042096032574,14412654
