,f_samples,w_samples,rel_thr,abs_thr,sample_num
0,35015,89319,35.20652919630606,80.5448027808201,16039086
