,f_samples,w_samples,rel_thr,abs_thr,sample_num
0,71182,56806,9.843418936529742,11.463854849879032,16510452
