,f_samples,w_samples,rel_thr,abs_thr,sample_num
0,12148,93173,-0.39390995223276093,4.734423962363849,13586409
