,f_samples,w_samples,rel_thr,abs_thr,sample_num
0,53344,94456,881.6063639314895,8020.014409391983,19066200
