,f_samples,w_samples,rel_thr,abs_thr,sample_num
0,30286,30966,1.144470649468058,6.138812554483848,7901508
