,f_samples,w_samples,rel_thr,abs_thr,sample_num
0,73512,10157,12.014210248979706,12.85867499356088,10793301
