,f_samples,w_samples,rel_thr,abs_thr,sample_num
0,76491,16810,6.72815857873198,34.60726433256489,12035829
