,f_samples,w_samples,rel_thr,abs_thr,sample_num
0,406119,71607,12.838057111889038,34309.116582775154,61626654
