,f_samples,w_samples,rel_thr,abs_thr,sample_num
0,29268,37553,5.4180043046157245,9.251806151350435,8619909
