,f_samples,w_samples,rel_thr,abs_thr,sample_num
0,48112,64769,4794.195673435886,2685.3122840403344,14561649
