,f_samples,w_samples,rel_thr,abs_thr,sample_num
0,81803,74839,6.908721178687168,3.1907406951092705,20206818
