,f_samples,w_samples,rel_thr,abs_thr,sample_num
0,16916,30773,2108.7741924665847,8442.024044458138,6151881
