,f_samples,w_samples,rel_thr,abs_thr,sample_num
0,63216,53625,0.7055646838117458,0.36872007694449094,15072489
