,f_samples,w_samples,rel_thr,abs_thr,sample_num
0,76119,95320,4749.66673546702,1151.8342614322473,22115631
