,f_samples,w_samples,rel_thr,abs_thr,sample_num
0,21492,74562,7202.965874465879,1938.4417253072195,12390966
