,f_samples,w_samples,rel_thr,abs_thr,sample_num
0,59428,17068,7.593589780237922,13.24636359669766,9867984
