,f_samples,w_samples,rel_thr,abs_thr,sample_num
0,76329,73737,9070.552416384648,4943.573630974758,19358514
