,f_samples,w_samples,rel_thr,abs_thr,sample_num
0,54062,17089,1480.2695589027815,1372.3450197460074,9178479
