,f_samples,w_samples,rel_thr,abs_thr,sample_num
0,428910,22585,0.6478046716855896,166249.9347683297,58242855
