,f_samples,w_samples,rel_thr,abs_thr,sample_num
0,82838,9748,11.55676469739879,0.13953466563932537,11943594
