,f_samples,w_samples,rel_thr,abs_thr,sample_num
0,44751,43307,9919.339173736185,9498.736238018322,11359482
