,f_samples,w_samples,rel_thr,abs_thr,sample_num
0,36196,71981,1355.102904366807,5776.104473030444,13954833
