,f_samples,w_samples,rel_thr,abs_thr,sample_num
0,42479,55051,7.958635672404736,13.003315011499836,12581370
