,f_samples,w_samples,rel_thr,abs_thr,sample_num
0,76280,39508,12.301782610992602,14.173096053580341,14936652
