,f_samples,w_samples,rel_thr,abs_thr,sample_num
0,37496,55082,2465.461286085494,3674.657074014431,11942562
