,f_samples,w_samples,rel_thr,abs_thr,sample_num
0,27319,31682,8334.434110000067,4432.873778812656,7611129
