,f_samples,w_samples,rel_thr,abs_thr,sample_num
0,36978,50297,2.9360060904541356,8.684681321976557,11258475
