,f_samples,w_samples,rel_thr,abs_thr,sample_num
0,6568,6006,12.436639926788025,10.25263984730525,1622046
