,f_samples,w_samples,rel_thr,abs_thr,sample_num
0,28803,27613,0.7439362908381195,3.694168344355497,7277664
