,f_samples,w_samples,rel_thr,abs_thr,sample_num
0,32825,67455,188.17929462871598,8337.35650656453,12936120
