,f_samples,w_samples,rel_thr,abs_thr,sample_num
0,30399,42525,7975.937027992677,7974.5019060957475,9407196
