,f_samples,w_samples,rel_thr,abs_thr,sample_num
0,26626,33734,7649.321700420406,9384.282555551154,7786440
