,f_samples,w_samples,rel_thr,abs_thr,sample_num
0,68796,66747,6.255181400371018,2.4335205538746676,17485047
