,f_samples,w_samples,rel_thr,abs_thr,sample_num
0,59148,38218,8529.583143901493,1203.78709839835,12560214
