,f_samples,w_samples,rel_thr,abs_thr,sample_num
0,79893,53631,5.874197307541429,12.24401090032069,17224596
