,f_samples,w_samples,rel_thr,abs_thr,sample_num
0,50631,14315,6483.189907909806,9248.671941175726,8378034
