,f_samples,w_samples,rel_thr,abs_thr,sample_num
0,78423,62116,4378.9735941300305,4475.950412296077,18129531
