,f_samples,w_samples,rel_thr,abs_thr,sample_num
0,36694,27466,3703.4118752273484,9017.106984501761,8276640
