,f_samples,w_samples,rel_thr,abs_thr,sample_num
0,27014,64070,89.85035747264538,89.34633902421872,11749836
