,f_samples,w_samples,rel_thr,abs_thr,sample_num
0,56477,16756,7031.703784353232,1022.8567299674063,9447057
