,f_samples,w_samples,rel_thr,abs_thr,sample_num
0,49908,68086,5.955402985432711,12.5876958432112,15221226
