,f_samples,w_samples,rel_thr,abs_thr,sample_num
0,181241,369205,68.93433554518941,34.39865152637422,71007534
