,f_samples,w_samples,rel_thr,abs_thr,sample_num
0,59802,56071,2677.7163318874964,2838.8732342337553,14947617
