,f_samples,w_samples,rel_thr,abs_thr,sample_num
0,56018,29831,7846.735176539123,1244.69569218135,11074521
