,f_samples,w_samples,rel_thr,abs_thr,sample_num
0,42388,52465,9.658634567596634,2.490519612647385,12236037
