,f_samples,w_samples,rel_thr,abs_thr,sample_num
0,204235,190799,2.7441308545112175,135791.7142804132,50959386
