,f_samples,w_samples,rel_thr,abs_thr,sample_num
0,5952,57670,7386.492627899125,127.7139638501834,8207238
