,f_samples,w_samples,rel_thr,abs_thr,sample_num
0,55946,7447,7.035250222424509,9.503523385191624,8177697
