,f_samples,w_samples,rel_thr,abs_thr,sample_num
0,10242,19984,5.15254796336936,8.272021800639903,3899154
