,f_samples,w_samples,rel_thr,abs_thr,sample_num
0,72146,28798,3465.6588893793933,5379.295289635927,13021776
