,f_samples,w_samples,rel_thr,abs_thr,sample_num
0,27649,67584,8.076200558050877,13.747899617056593,12285057
