,f_samples,w_samples,rel_thr,abs_thr,sample_num
0,53047,44027,2.0879693841716946,12.901346737387264,12522546
