,f_samples,w_samples,rel_thr,abs_thr,sample_num
0,28992,23694,92.9518813616919,19.64600737533264,6796494
