,f_samples,w_samples,rel_thr,abs_thr,sample_num
0,54673,45301,9153.514110234844,4289.578067712017,12896646
