,f_samples,w_samples,rel_thr,abs_thr,sample_num
0,18091,63851,2.022962358597084,14.023284849691574,10570518
