,f_samples,w_samples,rel_thr,abs_thr,sample_num
0,70465,6271,3980.057062481662,6104.87271077629,9898944
