,f_samples,w_samples,rel_thr,abs_thr,sample_num
0,53417,22242,68.27997303206351,52.196692453030636,9760011
