,f_samples,w_samples,rel_thr,abs_thr,sample_num
0,32267,54750,7711.367212609797,4825.09663005359,11225193
