,f_samples,w_samples,rel_thr,abs_thr,sample_num
0,89856,31166,6.768950485578257,11.202774004869575,15611838
