,f_samples,w_samples,rel_thr,abs_thr,sample_num
0,59653,92226,4214.143535951797,835.9593286388833,19592391
