,f_samples,w_samples,rel_thr,abs_thr,sample_num
0,29863,17343,582.3445315254594,7473.311166761796,6089574
