,f_samples,w_samples,rel_thr,abs_thr,sample_num
0,26651,9667,11.862344647638702,7.17148206460573,4685022
