,f_samples,w_samples,rel_thr,abs_thr,sample_num
0,55263,85491,5.85995145848241,4.009042327319188,18157266
