,f_samples,w_samples,rel_thr,abs_thr,sample_num
0,39041,69937,375.2723502834013,5109.404677236563,14058162
