,f_samples,w_samples,rel_thr,abs_thr,sample_num
0,12612,86821,7421.093616371386,4798.353786547872,12826857
