,f_samples,w_samples,rel_thr,abs_thr,sample_num
0,54989,11716,1249.997649229378,576.9127190429668,8604945
