,f_samples,w_samples,rel_thr,abs_thr,sample_num
0,53967,40707,0.5050428965703553,12.224723475422202,12212946
