,f_samples,w_samples,rel_thr,abs_thr,sample_num
0,13028,47894,4562.900548778022,5498.082232744138,7858938
