,f_samples,w_samples,rel_thr,abs_thr,sample_num
0,37822,12496,1235.3696547248192,5300.249652342491,6491022
