,f_samples,w_samples,rel_thr,abs_thr,sample_num
0,55304,54857,3519.0252837757216,5720.388818649116,14210769
