,f_samples,w_samples,rel_thr,abs_thr,sample_num
0,346325,354899,1.8197506406813435,3719.477828625184,90457896
