,f_samples,w_samples,rel_thr,abs_thr,sample_num
0,31482,42022,4.342383138665895,11.106719239947253,9482016
