,f_samples,w_samples,rel_thr,abs_thr,sample_num
0,48041,6163,22.491125258056623,95.17581833447495,6992316
