,f_samples,w_samples,rel_thr,abs_thr,sample_num
0,62584,11359,2401.232098209403,7664.89805334917,9538647
