,f_samples,w_samples,rel_thr,abs_thr,sample_num
0,11379,50775,66.4629407603471,53.53804072690157,8017866
