,f_samples,w_samples,rel_thr,abs_thr,sample_num
0,24786,74629,8.55167072433694,9.226245956299609,12824535
