,f_samples,w_samples,rel_thr,abs_thr,sample_num
0,79019,63824,0.936713129837992,10.199494177889312,18426747
