,f_samples,w_samples,rel_thr,abs_thr,sample_num
0,78844,63560,1454.4145585335925,860.2868675572895,18370116
