,f_samples,w_samples,rel_thr,abs_thr,sample_num
0,14690,86948,6.133160021503922,6.758747679608215,13111302
