,f_samples,w_samples,rel_thr,abs_thr,sample_num
0,75172,30029,6.131850138934865,6.261985334733248,13570929
