,f_samples,w_samples,rel_thr,abs_thr,sample_num
0,80353,54342,867.9236466185986,9658.912816203609,17375655
