,f_samples,w_samples,rel_thr,abs_thr,sample_num
0,31013,80996,11.346759914817639,9.293896597626905,14449161
