,f_samples,w_samples,rel_thr,abs_thr,sample_num
0,7758,39578,1375.1240706213073,8715.307770349475,6106344
