,f_samples,w_samples,rel_thr,abs_thr,sample_num
0,37732,44089,1294.6081381278118,8935.43870506961,10554909
