,f_samples,w_samples,rel_thr,abs_thr,sample_num
0,53291,18929,6.483876256963303,12.809437376996188,9316380
