,f_samples,w_samples,rel_thr,abs_thr,sample_num
0,13438,25166,39.19871449998149,12.925430573834129,4979916
