,f_samples,w_samples,rel_thr,abs_thr,sample_num
0,35791,52714,7455.442025389639,246.384528097503,11417145
