,f_samples,w_samples,rel_thr,abs_thr,sample_num
0,82514,66501,13.965149875294475,11.909582605903063,19222935
