,f_samples,w_samples,rel_thr,abs_thr,sample_num
0,16010,38419,10.606993420921297,14.690670823032073,7021341
