,f_samples,w_samples,rel_thr,abs_thr,sample_num
0,26691,43915,7.301367935846569,77.30836904732772,9108174
