,f_samples,w_samples,rel_thr,abs_thr,sample_num
0,43503,57947,14.562148958290521,14.326148198762656,13087050
