,f_samples,w_samples,rel_thr,abs_thr,sample_num
0,15357,75792,9.60842177691449,5.692535742746645,11758221
