,f_samples,w_samples,rel_thr,abs_thr,sample_num
0,26594,14756,42.40221967499285,60.19290633945656,5334150
