,f_samples,w_samples,rel_thr,abs_thr,sample_num
0,10815,56123,2319.24467374531,1878.591743286907,8635002
