,f_samples,w_samples,rel_thr,abs_thr,sample_num
0,78869,26282,0.8595211973894035,9.723907218639873,13564479
