,f_samples,w_samples,rel_thr,abs_thr,sample_num
0,49737,72407,7214.46713175835,8861.659946686072,15756576
