,f_samples,w_samples,rel_thr,abs_thr,sample_num
0,42483,30660,1.9155968987714491,6.55911753047645,9435447
