,f_samples,w_samples,rel_thr,abs_thr,sample_num
0,194654,83714,76.5346929670368,91.86996014417068,35909472
