,f_samples,w_samples,rel_thr,abs_thr,sample_num
0,14559,73585,13.745962110482154,12.81023995425229,11370576
