,f_samples,w_samples,rel_thr,abs_thr,sample_num
0,11290,93219,1501.0646368018288,979.2058214743382,13481661
