,f_samples,w_samples,rel_thr,abs_thr,sample_num
0,80332,62072,9067.432364157685,5358.1013161041565,18370116
