,f_samples,w_samples,rel_thr,abs_thr,sample_num
0,89433,65387,8466.621804812432,4575.06799724053,19971780
