,f_samples,w_samples,rel_thr,abs_thr,sample_num
0,71828,15731,6.904342031154005,0.5956212057740901,11295111
