,f_samples,w_samples,rel_thr,abs_thr,sample_num
0,46631,19116,3.1284197904543714,4.824157545509195,8481363
