,f_samples,w_samples,rel_thr,abs_thr,sample_num
0,32604,28325,1.1240817002018737,5.9556345666849655,7859841
