,f_samples,w_samples,rel_thr,abs_thr,sample_num
0,71035,70720,70.84760803940725,80.35119039817835,18286395
