,f_samples,w_samples,rel_thr,abs_thr,sample_num
0,27528,51890,7616.278107572007,2250.638085810347,10244922
