,f_samples,w_samples,rel_thr,abs_thr,sample_num
0,5584,86176,12.278521785515284,8.953896298262269,11837040
