,f_samples,w_samples,rel_thr,abs_thr,sample_num
0,50592,49568,1.7760125818162855,1.7393392565667642,12920640
