,f_samples,w_samples,rel_thr,abs_thr,sample_num
0,40987,70677,1025.9613737844654,7291.886286924891,14404656
