,f_samples,w_samples,rel_thr,abs_thr,sample_num
0,8275,72650,6.396770673152016,9.752959562364271,10439325
