,f_samples,w_samples,rel_thr,abs_thr,sample_num
0,7156,40693,13.924382539107938,10.19055473939128,6172521
