,f_samples,w_samples,rel_thr,abs_thr,sample_num
0,56838,18053,11.129000487174846,10.077293029424196,9660939
