,f_samples,w_samples,rel_thr,abs_thr,sample_num
0,71526,91078,1641.3651319336639,7807.169230816401,20975916
