,f_samples,w_samples,rel_thr,abs_thr,sample_num
0,95233,29327,3480.709745036738,1245.116243765142,16068240
