,f_samples,w_samples,rel_thr,abs_thr,sample_num
0,79745,22694,14.440284604874533,1.614094122739243,13214631
