,f_samples,w_samples,rel_thr,abs_thr,sample_num
0,53245,19407,999.3017015054909,8546.416978336309,9372108
