,f_samples,w_samples,rel_thr,abs_thr,sample_num
0,66952,23468,1560.6340409114928,4196.549333488177,11664180
