,f_samples,w_samples,rel_thr,abs_thr,sample_num
0,25792,87273,5221.638783227477,8576.272297263731,14585385
