,f_samples,w_samples,rel_thr,abs_thr,sample_num
0,36858,77555,45.14692641238356,75.54194791337598,14759277
