,f_samples,w_samples,rel_thr,abs_thr,sample_num
0,33600,35043,4.970405414588562,12.226618225340529,8854947
