,f_samples,w_samples,rel_thr,abs_thr,sample_num
0,49050,74893,3640.7559859651033,4210.384709037459,15988647
