,f_samples,w_samples,rel_thr,abs_thr,sample_num
0,38094,59225,7314.6131255693645,2299.1607161885754,12554151
