,f_samples,w_samples,rel_thr,abs_thr,sample_num
0,35283,59082,8071.288747848055,572.6206222649278,12173085
