,f_samples,w_samples,rel_thr,abs_thr,sample_num
0,40129,41943,75.7395738124129,45.81362418088872,10587288
