,f_samples,w_samples,rel_thr,abs_thr,sample_num
0,16142,82074,1032.527584453037,797.2808819516086,12669864
