,f_samples,w_samples,rel_thr,abs_thr,sample_num
0,7653,25407,2203.088583958166,9792.058612134433,4264740
