,f_samples,w_samples,rel_thr,abs_thr,sample_num
0,30834,9630,12.585653884131865,0.5768834451456634,5219856
