,f_samples,w_samples,rel_thr,abs_thr,sample_num
0,92785,19662,2098.2788623770894,3423.4343800648403,14505663
