,f_samples,w_samples,rel_thr,abs_thr,sample_num
0,15572,49130,3.711389805571878,13.465833008519894,8346558
