,f_samples,w_samples,rel_thr,abs_thr,sample_num
0,36327,56286,0.01586846066904002,4.755129734524691,11947077
