,f_samples,w_samples,rel_thr,abs_thr,sample_num
0,8419,83469,7944.980986990814,8914.952599705495,11853552
