,f_samples,w_samples,rel_thr,abs_thr,sample_num
0,64470,45440,11.910179204813122,9.547492963134802,14178390
