,f_samples,w_samples,rel_thr,abs_thr,sample_num
0,33110,72619,7947.00952460696,3651.2779885169766,13639041
