,f_samples,w_samples,rel_thr,abs_thr,sample_num
0,60087,68351,1973.5128316059345,205.1872084376205,16568502
