,f_samples,w_samples,rel_thr,abs_thr,sample_num
0,65532,27679,4244.687476523263,1861.6949887342805,12024219
