,f_samples,w_samples,rel_thr,abs_thr,sample_num
0,95887,16135,7035.448034763614,3736.7810711416096,14450838
