,f_samples,w_samples,rel_thr,abs_thr,sample_num
0,24985,18686,187.6935199154309,9224.177832100648,5633559
