,f_samples,w_samples,rel_thr,abs_thr,sample_num
0,249359,118562,9.895472658871725,61106.48619203063,47461809
