,f_samples,w_samples,rel_thr,abs_thr,sample_num
0,13070,34115,4.623882451969408,9.089919160110357,6086865
