,f_samples,w_samples,rel_thr,abs_thr,sample_num
0,56096,35343,5895.515858914167,5483.528463178527,11795631
