,f_samples,w_samples,rel_thr,abs_thr,sample_num
0,59903,79837,6627.129577355616,3681.1529011983366,18026460
