,f_samples,w_samples,rel_thr,abs_thr,sample_num
0,7629,56439,9272.425077648119,2312.161316183389,8264772
