,f_samples,w_samples,rel_thr,abs_thr,sample_num
0,65939,65760,0.5788533839519818,13.146729784539723,16989171
