,f_samples,w_samples,rel_thr,abs_thr,sample_num
0,28497,14143,7.302853366258329,3.236449310637424,5500560
