,f_samples,w_samples,rel_thr,abs_thr,sample_num
0,74923,17480,91.28252618067194,44.98397122083965,11919987
