,f_samples,w_samples,rel_thr,abs_thr,sample_num
0,158082,337727,6.645987090695618,49877.06055591188,63959361
