,f_samples,w_samples,rel_thr,abs_thr,sample_num
0,10501,11715,7.908702737606561,13.83924407599659,2865864
