,f_samples,w_samples,rel_thr,abs_thr,sample_num
0,88771,65965,4.8097120057196125,8.237913614211203,19960944
