,f_samples,w_samples,rel_thr,abs_thr,sample_num
0,68131,39298,1.4609519335481913,4.895567738734157,13858341
