,f_samples,w_samples,rel_thr,abs_thr,sample_num
0,24642,26016,11.588616114551357,5.484303378405391,6534882
