,f_samples,w_samples,rel_thr,abs_thr,sample_num
0,9863,75444,0.1481324027722195,3.8489784509534504,11004603
