,f_samples,w_samples,rel_thr,abs_thr,sample_num
0,20437,63957,8.280360174920432,8.225836995280016,10886826
