,f_samples,w_samples,rel_thr,abs_thr,sample_num
0,84507,86466,9.694418172371973,14.568666675468018,22055517
