,f_samples,w_samples,rel_thr,abs_thr,sample_num
0,23261,39252,8008.577465186548,9357.688654877877,8064177
