,f_samples,w_samples,rel_thr,abs_thr,sample_num
0,21519,24666,5599.337854746018,2726.3533638294302,5957865
