,f_samples,w_samples,rel_thr,abs_thr,sample_num
0,50378,90306,4.604389713949271,5.812762989502222,18148236
