,f_samples,w_samples,rel_thr,abs_thr,sample_num
0,27172,48642,6036.20323089308,2884.9759956401467,9780006
