,f_samples,w_samples,rel_thr,abs_thr,sample_num
0,24850,83472,12.449766847316605,7.175130419776834,13973538
