,f_samples,w_samples,rel_thr,abs_thr,sample_num
0,76245,72305,1496.9352039978469,2138.434273478296,19162950
