,f_samples,w_samples,rel_thr,abs_thr,sample_num
0,81030,74881,94.628321637413,41.02343959580962,20112519
