,f_samples,w_samples,rel_thr,abs_thr,sample_num
0,95901,59472,0.9304877361627444,3.3655837069255234,20043117
