,f_samples,w_samples,rel_thr,abs_thr,sample_num
0,84006,21865,3785.8942705780437,7377.6199787337855,13657359
