,f_samples,w_samples,rel_thr,abs_thr,sample_num
0,10846,5682,11.30905299180279,2.8595758791366173,2132112
