,f_samples,w_samples,rel_thr,abs_thr,sample_num
0,22475,8560,1.6889887371780095,4.354087530511411,4003515
