,f_samples,w_samples,rel_thr,abs_thr,sample_num
0,58497,13381,0.4873234786658145,1052.4415085775286,9272262
