,f_samples,w_samples,rel_thr,abs_thr,sample_num
0,17376,81771,12.512903874521651,3.943663778066777,12789963
