,f_samples,w_samples,rel_thr,abs_thr,sample_num
0,66599,33186,1.3021793920277425,3.5360061981934923,12872265
