,f_samples,w_samples,rel_thr,abs_thr,sample_num
0,56706,75012,5919.418970276789,5254.914948054562,16991622
