,f_samples,w_samples,rel_thr,abs_thr,sample_num
0,46506,76230,1609.177078378764,913.0197854070166,15832944
