,f_samples,w_samples,rel_thr,abs_thr,sample_num
0,30716,74101,2033.5742753630038,3989.9601761859517,13521393
