,f_samples,w_samples,rel_thr,abs_thr,sample_num
0,87558,35791,11.401753041103085,13.91347871347517,15912021
