,f_samples,w_samples,rel_thr,abs_thr,sample_num
0,50982,27474,96.89360796194464,31.07632378966334,10120824
