,f_samples,w_samples,rel_thr,abs_thr,sample_num
0,66055,25355,1.6250823014062767,12.890827067535756,11791890
