,f_samples,w_samples,rel_thr,abs_thr,sample_num
0,35228,24317,29.556301396624512,22.363200757516346,7681305
