,f_samples,w_samples,rel_thr,abs_thr,sample_num
0,68189,48318,7504.964060206961,8425.815829281177,15029403
