,f_samples,w_samples,rel_thr,abs_thr,sample_num
0,43968,50650,65.20528886355304,96.6350928391981,12205722
