,f_samples,w_samples,rel_thr,abs_thr,sample_num
0,24538,76938,8138.620817699385,907.4499478856591,13090404
