,f_samples,w_samples,rel_thr,abs_thr,sample_num
0,71857,422009,13.622046554090689,196315.45607638915,63708714
