,f_samples,w_samples,rel_thr,abs_thr,sample_num
0,31379,14947,7.593192889929268,11.36143558343048,5976054
