,f_samples,w_samples,rel_thr,abs_thr,sample_num
0,39913,36304,5.8310812436461745,8.167946742700035,9831993
