,f_samples,w_samples,rel_thr,abs_thr,sample_num
0,78061,33884,0.3573096604416506,8.798783827033533,14440905
