,f_samples,w_samples,rel_thr,abs_thr,sample_num
0,36436,29469,5791.6222926681485,3713.2267901274995,8501745
