,f_samples,w_samples,rel_thr,abs_thr,sample_num
0,8715,42395,0.27115397017718834,12.992547508871791,6593190
