,f_samples,w_samples,rel_thr,abs_thr,sample_num
0,38368,51382,6775.126337308832,2598.000821623754,11577750
