,f_samples,w_samples,rel_thr,abs_thr,sample_num
0,62294,9687,7939.684472318301,7390.680929657769,9285549
