,f_samples,w_samples,rel_thr,abs_thr,sample_num
0,40269,81983,2.542040627615892,14.85465755758291,15770508
