,f_samples,w_samples,rel_thr,abs_thr,sample_num
0,61978,78718,5148.265386601624,7058.841373430599,18149784
