,f_samples,w_samples,rel_thr,abs_thr,sample_num
0,20088,5907,8850.392958827482,3505.1962399873582,3353355
