,f_samples,w_samples,rel_thr,abs_thr,sample_num
0,86693,42025,4015.072983591304,7304.56171865938,16604622
