,f_samples,w_samples,rel_thr,abs_thr,sample_num
0,43152,82721,1002.8845298718993,5842.068468234736,16237617
