,f_samples,w_samples,rel_thr,abs_thr,sample_num
0,28076,54311,11.702236164155197,2.892278304787635,10627923
