,f_samples,w_samples,rel_thr,abs_thr,sample_num
0,91897,61739,10.499738221649006,12.351703221426295,19819044
