,f_samples,w_samples,rel_thr,abs_thr,sample_num
0,17821,9323,9.111053428704537,10.803097923001753,3501576
