,f_samples,w_samples,rel_thr,abs_thr,sample_num
0,73428,10870,5624.859742060691,436.94433411580303,10874442
