,f_samples,w_samples,rel_thr,abs_thr,sample_num
0,52832,55730,8.12458771270666,7.17027495309323,14004498
