,f_samples,w_samples,rel_thr,abs_thr,sample_num
0,10198,15299,3439.1507154639803,7314.201718015216,3289113
