,f_samples,w_samples,rel_thr,abs_thr,sample_num
0,73245,5275,10.862334240690785,0.7659958320756799,10129080
