,f_samples,w_samples,rel_thr,abs_thr,sample_num
0,91921,40640,0.9573295812767881,3.430426953797863,17100369
