,f_samples,w_samples,rel_thr,abs_thr,sample_num
0,84788,82712,82.75025124111176,52.75212333338348,21607500
