,f_samples,w_samples,rel_thr,abs_thr,sample_num
0,82871,28628,4452.035452249626,1308.9620409904478,14383371
