,f_samples,w_samples,rel_thr,abs_thr,sample_num
0,94753,46543,6.840361940572365,0.5772689190061298,18227184
