,f_samples,w_samples,rel_thr,abs_thr,sample_num
0,80968,13641,793.3184831045114,2993.0075714301797,12204561
