,f_samples,w_samples,rel_thr,abs_thr,sample_num
0,28631,31546,2905.308969739682,6051.1824434706,7762833
