,f_samples,w_samples,rel_thr,abs_thr,sample_num
0,22621,87979,9147.184852891538,6830.74937298578,14267400
