,f_samples,w_samples,rel_thr,abs_thr,sample_num
0,5070,43748,-0.033317721287884794,0.4433378694171669,6297522
