,f_samples,w_samples,rel_thr,abs_thr,sample_num
0,77241,51547,10.603072061406966,7.065974202436338,16613652
