,f_samples,w_samples,rel_thr,abs_thr,sample_num
0,73378,24647,5.676649521432818,9.231415406327404,12645225
