,f_samples,w_samples,rel_thr,abs_thr,sample_num
0,194727,404907,1.9644458141940717,78041.15760233816,77352786
