,f_samples,w_samples,rel_thr,abs_thr,sample_num
0,64568,12990,5763.034036667264,860.1881692642954,10004982
