,f_samples,w_samples,rel_thr,abs_thr,sample_num
0,51868,25535,11.645498181942076,5.765830778878396,9984987
