,f_samples,w_samples,rel_thr,abs_thr,sample_num
0,91871,8216,44.98109584976691,27.924873518329385,12911223
