,f_samples,w_samples,rel_thr,abs_thr,sample_num
0,40418,66370,23.17916847841479,1.230208514476372,13775652
