,f_samples,w_samples,rel_thr,abs_thr,sample_num
0,27961,47441,1893.1522345329352,747.2809051216523,9726858
