,f_samples,w_samples,rel_thr,abs_thr,sample_num
0,65532,89871,11.962154903244581,4.535067656598033,20046987
