,f_samples,w_samples,rel_thr,abs_thr,sample_num
0,91018,89469,10.930749051538731,3.860845367894992,23282823
