,f_samples,w_samples,rel_thr,abs_thr,sample_num
0,49578,61273,-0.7470615708380901,4.20049699066983,14299779
