,f_samples,w_samples,rel_thr,abs_thr,sample_num
0,30366,26709,4974.494713806674,9335.826532608757,7362675
