,f_samples,w_samples,rel_thr,abs_thr,sample_num
0,87379,73364,4780.386058187939,3955.4998845187006,20735847
