,f_samples,w_samples,rel_thr,abs_thr,sample_num
0,48378,30987,14.655480507892817,12.63179594374606,10238085
