,f_samples,w_samples,rel_thr,abs_thr,sample_num
0,40749,47604,6162.6037992079355,9851.53813752473,11397537
