,f_samples,w_samples,rel_thr,abs_thr,sample_num
0,9069,73360,2103.9899287727335,9752.110481515401,10633341
