,f_samples,w_samples,rel_thr,abs_thr,sample_num
0,23876,37227,13.129756193346793,1.4592877167459424,7882287
