,f_samples,w_samples,rel_thr,abs_thr,sample_num
0,69153,50552,9.401677708098083,7.809883926330463,15441945
