,f_samples,w_samples,rel_thr,abs_thr,sample_num
0,78410,41511,4.050698935789162,7.028898494201597,15469809
