,f_samples,w_samples,rel_thr,abs_thr,sample_num
0,27461,11475,6830.118693478701,4537.595575602551,5022744
