,f_samples,w_samples,rel_thr,abs_thr,sample_num
0,311419,358223,11.934704031218569,25053.21211628986,86383818
