,f_samples,w_samples,rel_thr,abs_thr,sample_num
0,5418,80553,96.41750893621929,48.77064252866787,11090259
