,f_samples,w_samples,rel_thr,abs_thr,sample_num
0,66775,66257,9828.971969447144,6631.397774249707,17161128
