,f_samples,w_samples,rel_thr,abs_thr,sample_num
0,81333,71371,-0.9394997970853876,10.878943720230989,19698816
