,f_samples,w_samples,rel_thr,abs_thr,sample_num
0,83553,92838,2310.4990365322155,3642.4667318908732,22754439
