,f_samples,w_samples,rel_thr,abs_thr,sample_num
0,83630,29988,5.2766833981832395,6.957804366563845,14656722
