,f_samples,w_samples,rel_thr,abs_thr,sample_num
0,405130,369089,5.365642275045579,190142.66325428063,99874251
