,f_samples,w_samples,rel_thr,abs_thr,sample_num
0,43199,66027,6492.984843447787,3153.4903610783995,14090154
