,f_samples,w_samples,rel_thr,abs_thr,sample_num
0,6990,58494,3.750488885283671,3.5808417819674796,8447436
