,f_samples,w_samples,rel_thr,abs_thr,sample_num
0,87551,47397,13.470995415665763,6.591225435689541,17408292
