,f_samples,w_samples,rel_thr,abs_thr,sample_num
0,46311,89602,6.6990199152529595,10.487365132258027,17532777
