,f_samples,w_samples,rel_thr,abs_thr,sample_num
0,19216,6260,8087.019583045541,1680.2140723203206,3286404
