,f_samples,w_samples,rel_thr,abs_thr,sample_num
0,66384,47863,1.2106818463996838,1.5532221795607148,14737863
