,f_samples,w_samples,rel_thr,abs_thr,sample_num
0,95064,61856,0.39950545493090495,1.211036488850541,20242680
