,f_samples,w_samples,rel_thr,abs_thr,sample_num
0,193326,310796,10.44704866630102,196661.36509629866,65031738
