,f_samples,w_samples,rel_thr,abs_thr,sample_num
0,31535,85818,3092.4243277134015,1233.7597334496043,15138537
