,f_samples,w_samples,rel_thr,abs_thr,sample_num
0,39714,14289,219.22683372437882,8979.582461718712,6966387
