,f_samples,w_samples,rel_thr,abs_thr,sample_num
0,34197,53918,11.279290719006047,5.971276704721153,11366835
