,f_samples,w_samples,rel_thr,abs_thr,sample_num
0,68408,89876,2.0930573805558677,9.530749574281002,20418636
