,f_samples,w_samples,rel_thr,abs_thr,sample_num
0,42106,35898,10.110601313279458,3770.4795441144465,10062516
