,f_samples,w_samples,rel_thr,abs_thr,sample_num
0,59723,38177,10.28101077329961,4.973815075843186,12629100
