,f_samples,w_samples,rel_thr,abs_thr,sample_num
0,33946,53651,6284.488874460782,3084.5211101855098,11300013
