,f_samples,w_samples,rel_thr,abs_thr,sample_num
0,74098,24584,68.14259167937438,24.174928906930692,12729978
