,f_samples,w_samples,rel_thr,abs_thr,sample_num
0,43693,25372,6.7543956141649915,0.4416056186825762,8909385
