,f_samples,w_samples,rel_thr,abs_thr,sample_num
0,77396,92551,627.5193459012272,90.0906701230908,21923163
