,f_samples,w_samples,rel_thr,abs_thr,sample_num
0,35292,36294,7948.86186488678,8768.052757866397,9234594
