,f_samples,w_samples,rel_thr,abs_thr,sample_num
0,47033,80738,6893.172448712432,3898.729196019092,16482459
