,f_samples,w_samples,rel_thr,abs_thr,sample_num
0,56612,83793,830.6722575584789,7324.917745439192,18112245
