,f_samples,w_samples,rel_thr,abs_thr,sample_num
0,16727,49034,7.00792092162013,82.07111823067918,8483169
