,f_samples,w_samples,rel_thr,abs_thr,sample_num
0,90439,65718,598.5056165303754,2337.280519604592,20144253
