,f_samples,w_samples,rel_thr,abs_thr,sample_num
0,45436,25871,4.12219268399989,12.213942123809316,9198603
