,f_samples,w_samples,rel_thr,abs_thr,sample_num
0,81390,53118,14.690122288315543,0.8007557252480091,17351532
