,f_samples,w_samples,rel_thr,abs_thr,sample_num
0,10961,60938,9.083802260009751,12.68638495529797,9274971
