,f_samples,w_samples,rel_thr,abs_thr,sample_num
0,8321,85623,9610.227807634461,9788.689105741347,12118776
