,f_samples,w_samples,rel_thr,abs_thr,sample_num
0,15757,90184,14.463152559955171,12.483914290918165,13666389
