,f_samples,w_samples,rel_thr,abs_thr,sample_num
0,52882,86245,81.27616697784227,32.078329440540244,17947383
