,f_samples,w_samples,rel_thr,abs_thr,sample_num
0,20313,77866,8008.472696715775,2326.5321971290973,12665091
