,f_samples,w_samples,rel_thr,abs_thr,sample_num
0,22904,40083,493.2565722781572,1520.0667485452213,8125323
