,f_samples,w_samples,rel_thr,abs_thr,sample_num
0,13874,43108,2214.5655289312062,9876.250136995603,7350678
