,f_samples,w_samples,rel_thr,abs_thr,sample_num
0,68567,27528,13.154551509486549,11.264563471957901,12396255
