,f_samples,w_samples,rel_thr,abs_thr,sample_num
0,136056,317209,14.319449463083517,176146.87511667714,58471185
