,f_samples,w_samples,rel_thr,abs_thr,sample_num
0,89550,68073,12.767267515045935,3.9730148771380867,20333367
