,f_samples,w_samples,rel_thr,abs_thr,sample_num
0,78069,15161,13.403593277375506,1.9923329771980913,12026670
