,f_samples,w_samples,rel_thr,abs_thr,sample_num
0,53669,51191,4286.883042608901,3196.887336579909,13526940
