,f_samples,w_samples,rel_thr,abs_thr,sample_num
0,90241,18626,2226.5471374425647,5142.689141034983,14043843
