,f_samples,w_samples,rel_thr,abs_thr,sample_num
0,56300,30159,6566.719394296336,2077.099921710033,11153211
