,f_samples,w_samples,rel_thr,abs_thr,sample_num
0,18082,57374,937.7759529185173,3448.9361347982326,9733824
