,f_samples,w_samples,rel_thr,abs_thr,sample_num
0,73578,22709,2.1721508105156655,12.131543494140304,12421023
