,f_samples,w_samples,rel_thr,abs_thr,sample_num
0,29132,68022,7275.929390267632,3522.3708374277385,12532866
