,f_samples,w_samples,rel_thr,abs_thr,sample_num
0,67351,65110,97.50021954242675,52.719235262304366,17087469
