,f_samples,w_samples,rel_thr,abs_thr,sample_num
0,38501,67099,7204.39052985036,1883.2475426894268,13622400
