,f_samples,w_samples,rel_thr,abs_thr,sample_num
0,88004,49062,3.354328228625853,1.2951131835059764,17681514
