,f_samples,w_samples,rel_thr,abs_thr,sample_num
0,13506,56489,14.949230632472563,0.21660758470988195,9029355
