,f_samples,w_samples,rel_thr,abs_thr,sample_num
0,89629,82665,48.511588761353195,69.93300445640554,22225926
