,f_samples,w_samples,rel_thr,abs_thr,sample_num
0,447256,303239,0.09607151350022392,173168.07830039124,96813855
