,f_samples,w_samples,rel_thr,abs_thr,sample_num
0,42970,73439,26.915632066527746,39.79522710727553,15016761
