,f_samples,w_samples,rel_thr,abs_thr,sample_num
0,25253,72860,12.352768494452937,12.17625182667698,12656577
