,f_samples,w_samples,rel_thr,abs_thr,sample_num
0,47834,35374,6177.090148869102,1970.3121231326393,10733832
