,f_samples,w_samples,rel_thr,abs_thr,sample_num
0,31806,12626,9361.011871493767,9696.286666039492,5731728
