,f_samples,w_samples,rel_thr,abs_thr,sample_num
0,437863,252586,13.449937338382501,165499.85880239672,89067921
