,f_samples,w_samples,rel_thr,abs_thr,sample_num
0,34529,17876,25.974356553753335,49.3843647909584,6760245
