,f_samples,w_samples,rel_thr,abs_thr,sample_num
0,6720,11895,5263.143423900648,4482.41634778729,2401335
