,f_samples,w_samples,rel_thr,abs_thr,sample_num
0,75043,9274,8979.865001270382,7240.158702737542,10876893
