,f_samples,w_samples,rel_thr,abs_thr,sample_num
0,5480,42603,8970.468792098378,1540.157895933022,6202707
