,f_samples,w_samples,rel_thr,abs_thr,sample_num
0,30888,35618,1.6759930626965964,10.326923336010768,8579274
