,f_samples,w_samples,rel_thr,abs_thr,sample_num
0,24082,66077,3.56758265967469,10.147396568840431,11630511
