,f_samples,w_samples,rel_thr,abs_thr,sample_num
0,143826,282521,5.135688094138162,172070.97440391133,54998763
