,f_samples,w_samples,rel_thr,abs_thr,sample_num
0,6804,48005,91.78554664923149,67.63107115325776,7070361
