,f_samples,w_samples,rel_thr,abs_thr,sample_num
0,42554,91521,1343.7978569088095,7969.3285879116775,17295675
