,f_samples,w_samples,rel_thr,abs_thr,sample_num
0,39047,24970,1118.1123982806296,4887.800309588247,8258193
