,f_samples,w_samples,rel_thr,abs_thr,sample_num
0,14983,36508,9792.384495779526,7824.471135644036,6642339
