,f_samples,w_samples,rel_thr,abs_thr,sample_num
0,70963,25466,3.70956200176788,9.45602368395698,12439341
