,f_samples,w_samples,rel_thr,abs_thr,sample_num
0,86023,50180,3504.959806138376,9757.82741476878,17570187
