,f_samples,w_samples,rel_thr,abs_thr,sample_num
0,69028,12021,56.58580323612071,97.70738847459832,10455321
