,f_samples,w_samples,rel_thr,abs_thr,sample_num
0,12225,52112,6524.54244153285,3390.058956738069,8299473
