,f_samples,w_samples,rel_thr,abs_thr,sample_num
0,12320,34006,3990.622482106552,42.36444631046776,5976054
