,f_samples,w_samples,rel_thr,abs_thr,sample_num
0,76298,61835,7.67388323717549,3.6693375065191844,17819157
