,f_samples,w_samples,rel_thr,abs_thr,sample_num
0,73468,64218,9.687605364426021,5.688631727968968,17761494
