,f_samples,w_samples,rel_thr,abs_thr,sample_num
0,88866,37429,3661.9672525194715,6859.20069251252,16292055
