,f_samples,w_samples,rel_thr,abs_thr,sample_num
0,14491,40674,10.750935345058997,2.1665545551948444,7116285
