,f_samples,w_samples,rel_thr,abs_thr,sample_num
0,466660,168212,8.762760553663655,105899.53304342939,81898488
