,f_samples,w_samples,rel_thr,abs_thr,sample_num
0,9801,68229,13.83283574837367,3.686120120994798,10065870
