,f_samples,w_samples,rel_thr,abs_thr,sample_num
0,28543,62678,11.747039669168373,11.425882420967984,11767509
