,f_samples,w_samples,rel_thr,abs_thr,sample_num
0,94201,90635,64.71014547801525,67.39042736703485,23843844
