,f_samples,w_samples,rel_thr,abs_thr,sample_num
0,92448,73780,2.2187475830294456,10.44696580258434,21443412
