,f_samples,w_samples,rel_thr,abs_thr,sample_num
0,15389,18695,2443.023614130102,5984.812304232354,4396836
