,f_samples,w_samples,rel_thr,abs_thr,sample_num
0,56591,23018,299.51670743315174,2470.0668422917315,10269561
