,f_samples,w_samples,rel_thr,abs_thr,sample_num
0,35166,48077,6.431290377275943,12.423178644416566,10738347
