,f_samples,w_samples,rel_thr,abs_thr,sample_num
0,46340,50049,11.113431801352784,4.234003162082653,12434181
