,f_samples,w_samples,rel_thr,abs_thr,sample_num
0,36013,28953,27.835176601848964,37.19718513366963,8380614
