,f_samples,w_samples,rel_thr,abs_thr,sample_num
0,28177,84573,14.485070769400892,2.8285391817233876,14544750
