,f_samples,w_samples,rel_thr,abs_thr,sample_num
0,76585,54417,2230.638176635748,1730.072298033173,16899258
