,f_samples,w_samples,rel_thr,abs_thr,sample_num
0,78739,38646,4073.0072249169293,5786.03781770789,15142665
