,f_samples,w_samples,rel_thr,abs_thr,sample_num
0,75093,27458,3482.869419916275,7498.71470504758,13229079
