,f_samples,w_samples,rel_thr,abs_thr,sample_num
0,27971,64329,92.87469793433792,87.14579716109508,11906700
