,f_samples,w_samples,rel_thr,abs_thr,sample_num
0,77069,82374,4953.568717590337,9036.948525096697,20568147
