,f_samples,w_samples,rel_thr,abs_thr,sample_num
0,327224,377673,9.962923853547482,173542.54264476665,90931713
