,f_samples,w_samples,rel_thr,abs_thr,sample_num
0,57455,53065,99.00747392437988,17.713709107395758,14257080
