,f_samples,w_samples,rel_thr,abs_thr,sample_num
0,246883,68089,66.09881436588954,35.932470423954186,40631388
