,f_samples,w_samples,rel_thr,abs_thr,sample_num
0,10354,26175,13.847061749620309,5.586400665136326,4712241
