,f_samples,w_samples,rel_thr,abs_thr,sample_num
0,55412,15528,2.060059935418783,2.517316706390532,9151260
