,f_samples,w_samples,rel_thr,abs_thr,sample_num
0,26947,24089,9392.930267746939,2958.758356047405,6583644
