,f_samples,w_samples,rel_thr,abs_thr,sample_num
0,436338,438757,7.39621260250177,82526.17101682576,112887255
