,f_samples,w_samples,rel_thr,abs_thr,sample_num
0,54152,69442,0.7665046127201869,17.545868501293537,15943626
