,f_samples,w_samples,rel_thr,abs_thr,sample_num
0,43478,58451,1516.3107316579596,8944.701214395398,13148841
