,f_samples,w_samples,rel_thr,abs_thr,sample_num
0,71677,85139,21.447235854893464,89.64810837705298,20229264
