,f_samples,w_samples,rel_thr,abs_thr,sample_num
0,80172,13474,1101.8584356354643,2457.993560079713,12080334
