,f_samples,w_samples,rel_thr,abs_thr,sample_num
0,72824,36871,4876.707457296755,7753.116402635705,14150655
