,f_samples,w_samples,rel_thr,abs_thr,sample_num
0,71225,12768,8525.198818945606,7528.352299049819,10835097
