,f_samples,w_samples,rel_thr,abs_thr,sample_num
0,40172,73743,81.85078705870589,19.956013063279777,14695035
