,f_samples,w_samples,rel_thr,abs_thr,sample_num
0,15616,18952,2.861866876331483,11.50851511424033,4459272
