,f_samples,w_samples,rel_thr,abs_thr,sample_num
0,7441,95321,14.767268675725985,6.31112562357696,13256298
