,f_samples,w_samples,rel_thr,abs_thr,sample_num
0,84193,25695,14.556472499887425,13.57917435934181,14175552
