,f_samples,w_samples,rel_thr,abs_thr,sample_num
0,21571,38721,4872.295054540271,141.38234563377927,7777668
