,f_samples,w_samples,rel_thr,abs_thr,sample_num
0,16299,58404,11.840400158617955,14.836942371626364,9636687
