,f_samples,w_samples,rel_thr,abs_thr,sample_num
0,8938,15846,36.02246183933432,14.200678978410263,3197136
