,f_samples,w_samples,rel_thr,abs_thr,sample_num
0,46260,91685,3.2102768659684706,9.73083700161644,17794905
