,f_samples,w_samples,rel_thr,abs_thr,sample_num
0,71969,72127,16.41042986309198,73.1811674974642,18588384
