,f_samples,w_samples,rel_thr,abs_thr,sample_num
0,39637,40233,2.4805634320457415,4.280413215182477,10303230
