,f_samples,w_samples,rel_thr,abs_thr,sample_num
0,68601,84861,6200.985204033953,9240.905490329875,19796598
