,f_samples,w_samples,rel_thr,abs_thr,sample_num
0,72589,91812,39.18247107202444,75.98290270538331,21207729
