,f_samples,w_samples,rel_thr,abs_thr,sample_num
0,71237,14825,455.3906107085883,4882.324014654738,11101998
