,f_samples,w_samples,rel_thr,abs_thr,sample_num
0,73424,45200,80.83319147293984,90.06275861830098,15302496
