,f_samples,w_samples,rel_thr,abs_thr,sample_num
0,60805,14680,2305.632121551802,2436.0008145899546,9737565
