,f_samples,w_samples,rel_thr,abs_thr,sample_num
0,31813,32074,6.332134036873585,10.084998889877449,8241423
