,f_samples,w_samples,rel_thr,abs_thr,sample_num
0,56020,42501,8.723439012780375,10.008390074726575,12709209
