,f_samples,w_samples,rel_thr,abs_thr,sample_num
0,19786,38732,4.304247914549414,0.9123486472746051,7548822
