,f_samples,w_samples,rel_thr,abs_thr,sample_num
0,16374,90231,14.91844315256473,10.258878411235216,13752045
