,f_samples,w_samples,rel_thr,abs_thr,sample_num
0,234499,354023,6.029567836310816,83423.49643879173,75919338
