,f_samples,w_samples,rel_thr,abs_thr,sample_num
0,88666,22594,87.46646947228056,87.09602835989087,14352540
