,f_samples,w_samples,rel_thr,abs_thr,sample_num
0,85111,42437,5601.457200342278,7906.75673303019,16453692
