,f_samples,w_samples,rel_thr,abs_thr,sample_num
0,56075,10480,4357.099291952851,1763.8947181922915,8585595
