,f_samples,w_samples,rel_thr,abs_thr,sample_num
0,19833,17991,5034.757022430361,1389.9137529234163,4879296
