,f_samples,w_samples,rel_thr,abs_thr,sample_num
0,212725,461535,9.314236654631706,22956.41390636618,86979540
