,f_samples,w_samples,rel_thr,abs_thr,sample_num
0,57449,85500,17.904485865593784,69.9504466958307,18440421
