,f_samples,w_samples,rel_thr,abs_thr,sample_num
0,61326,68301,12.485656962836059,13.798387495176584,16721883
