,f_samples,w_samples,rel_thr,abs_thr,sample_num
0,68732,94779,2912.5596310552246,9288.91322222735,21092919
