,f_samples,w_samples,rel_thr,abs_thr,sample_num
0,56651,12287,1325.2566172291877,1982.4500009334788,8893002
