,f_samples,w_samples,rel_thr,abs_thr,sample_num
0,274231,60432,13.87764973222171,83282.14382402919,43171527
