,f_samples,w_samples,rel_thr,abs_thr,sample_num
0,70806,81007,9916.394557437565,3438.0503015510576,19583877
