,f_samples,w_samples,rel_thr,abs_thr,sample_num
0,61461,89534,5233.116376769998,4412.335924736115,19478355
