,f_samples,w_samples,rel_thr,abs_thr,sample_num
0,26740,71123,1.1940230353185743,9.919392568241696,12624327
