,f_samples,w_samples,rel_thr,abs_thr,sample_num
0,18533,61151,90.78706696480177,6.20269136809174,10279236
