,f_samples,w_samples,rel_thr,abs_thr,sample_num
0,48566,32544,4677.786928202757,5285.92822814429,10463190
