,f_samples,w_samples,rel_thr,abs_thr,sample_num
0,74377,49329,7.237358073264099,12.749460608757042,15958074
