,f_samples,w_samples,rel_thr,abs_thr,sample_num
0,52722,34075,0.36955680416321,7.216180283414875,11196813
