,f_samples,w_samples,rel_thr,abs_thr,sample_num
0,80702,42843,1913.6055664747644,9018.191897035516,15937305
