,f_samples,w_samples,rel_thr,abs_thr,sample_num
0,90902,26328,6351.326388131436,7285.939236762264,15122670
