,f_samples,w_samples,rel_thr,abs_thr,sample_num
0,7432,8012,8899.124803146087,8545.379522626461,1992276
