,f_samples,w_samples,rel_thr,abs_thr,sample_num
0,70723,85802,7.926637540089475,7.918241079997437,20191725
