,f_samples,w_samples,rel_thr,abs_thr,sample_num
0,13337,25173,9.491671598061656,7.828268305358614,4967790
