,f_samples,w_samples,rel_thr,abs_thr,sample_num
0,41080,11107,4.7216449089603945,5.012542381113361,6732123
