,f_samples,w_samples,rel_thr,abs_thr,sample_num
0,22639,88297,2606.9597462653005,8542.251790676299,14310744
