,f_samples,w_samples,rel_thr,abs_thr,sample_num
0,23182,55425,7.62644008082888,10.956418529658231,10140303
