,f_samples,w_samples,rel_thr,abs_thr,sample_num
0,55089,15049,14.80342508885511,11.130880697511532,9047802
