,f_samples,w_samples,rel_thr,abs_thr,sample_num
0,17718,45856,12.553535022077432,7.226542987399165,8201046
