,f_samples,w_samples,rel_thr,abs_thr,sample_num
0,50961,10971,54.87705520077434,28.59330339317675,7989228
