,f_samples,w_samples,rel_thr,abs_thr,sample_num
0,72758,89739,0.7988780973574503,1.2090454616685897,20962113
