,f_samples,w_samples,rel_thr,abs_thr,sample_num
0,161936,99506,9.614196276970636,93.42270935497497,33726018
