,f_samples,w_samples,rel_thr,abs_thr,sample_num
0,90578,53403,83.48931302575633,14.282966336302017,18573549
