,f_samples,w_samples,rel_thr,abs_thr,sample_num
0,60799,76935,9996.246244895736,989.6236405636394,17767686
