,f_samples,w_samples,rel_thr,abs_thr,sample_num
0,360565,121319,11.14574888456554,178442.07669466926,62163036
