,f_samples,w_samples,rel_thr,abs_thr,sample_num
0,58181,61339,4.209521626723234,18.66727682269984,15418080
