,f_samples,w_samples,rel_thr,abs_thr,sample_num
0,62159,55088,89.77137901721746,69.58225362240779,15124863
