,f_samples,w_samples,rel_thr,abs_thr,sample_num
0,47732,77644,1.9575331749581633,1.5702155740338526,16173504
