,f_samples,w_samples,rel_thr,abs_thr,sample_num
0,25633,93509,9.7802222770268,11.798750283646207,15369318
