,f_samples,w_samples,rel_thr,abs_thr,sample_num
0,65019,27853,6399.362767556974,3684.7455811630625,11980488
