,f_samples,w_samples,rel_thr,abs_thr,sample_num
0,75238,46788,51.992211547886406,57.1553195989833,15741354
