,f_samples,w_samples,rel_thr,abs_thr,sample_num
0,73874,12740,22.287017844903655,77.4655767654966,11173206
