,f_samples,w_samples,rel_thr,abs_thr,sample_num
0,31171,51538,14.629981983127735,0.3266655161998683,10669461
