,f_samples,w_samples,rel_thr,abs_thr,sample_num
0,78359,83601,37.29978130438527,12.733566195463663,20892840
