,f_samples,w_samples,rel_thr,abs_thr,sample_num
0,32605,50047,21.58256252141571,9.179150046036499,10662108
