,f_samples,w_samples,rel_thr,abs_thr,sample_num
0,76473,80241,0.7535506173122055,11.584057781631083,20216106
