,f_samples,w_samples,rel_thr,abs_thr,sample_num
0,68899,17618,3.6795524124726846,2.759998285618834,11160693
