,f_samples,w_samples,rel_thr,abs_thr,sample_num
0,40082,29505,45.52519526407926,99.11385424382448,8976723
