,f_samples,w_samples,rel_thr,abs_thr,sample_num
0,19343,19646,8.366659190204754,6.582463447218739,5029581
