,f_samples,w_samples,rel_thr,abs_thr,sample_num
0,25611,57207,12.600206697620125,13.232013018063839,10683522
