,f_samples,w_samples,rel_thr,abs_thr,sample_num
0,24345,95811,7413.519897988306,567.5982646675848,15500124
