,f_samples,w_samples,rel_thr,abs_thr,sample_num
0,26677,26446,13.343722132462844,12.158324537725976,6852867
