,f_samples,w_samples,rel_thr,abs_thr,sample_num
0,90275,43994,9.439756800967096,8.121638935123945,17320701
