,f_samples,w_samples,rel_thr,abs_thr,sample_num
0,39303,89486,5.8516900329432975,3.1039460162683996,16613781
