,f_samples,w_samples,rel_thr,abs_thr,sample_num
0,29017,84799,1563.0657947862258,3421.201356087539,14682264
