,f_samples,w_samples,rel_thr,abs_thr,sample_num
0,9989,69806,51.24926771736939,40.10389892328148,10293555
