,f_samples,w_samples,rel_thr,abs_thr,sample_num
0,43427,57556,10.818040216009926,13.83354506030992,13026807
