,f_samples,w_samples,rel_thr,abs_thr,sample_num
0,84935,40785,4232.575051371247,9704.313322004202,16217880
