,f_samples,w_samples,rel_thr,abs_thr,sample_num
0,80031,71498,7.56371047730652,14.116464610374834,19547241
