,f_samples,w_samples,rel_thr,abs_thr,sample_num
0,15065,54133,3.0570518448926745,2.452549911046958,8926542
