,f_samples,w_samples,rel_thr,abs_thr,sample_num
0,10248,18424,3392.1621886665785,4827.55523942608,3698688
