,f_samples,w_samples,rel_thr,abs_thr,sample_num
0,27820,80270,14.173523284470875,5.376752310458715,13943610
