,f_samples,w_samples,rel_thr,abs_thr,sample_num
0,71884,21401,4713.1976160922995,65.69566482359734,12033765
