,f_samples,w_samples,rel_thr,abs_thr,sample_num
0,93424,16417,6.449462280452803,12.713033220714511,14169489
