,f_samples,w_samples,rel_thr,abs_thr,sample_num
0,86485,25544,12.933063453469924,14.770036305447057,14451741
