,f_samples,w_samples,rel_thr,abs_thr,sample_num
0,49636,61219,94.46066351674604,90.201236630533,14300295
