,f_samples,w_samples,rel_thr,abs_thr,sample_num
0,35726,91549,7131.234044689852,2336.470796843173,16418475
