,f_samples,w_samples,rel_thr,abs_thr,sample_num
0,41400,70599,3879.0612073879884,4595.415808805078,14447871
