,f_samples,w_samples,rel_thr,abs_thr,sample_num
0,87713,15066,6228.9269695672365,5769.913004324025,13258491
