,f_samples,w_samples,rel_thr,abs_thr,sample_num
0,14994,68005,3.554598973606689,11.739340323902304,10706871
