,f_samples,w_samples,rel_thr,abs_thr,sample_num
0,35627,29131,12.385713768399665,13.43088972380575,8353782
