,f_samples,w_samples,rel_thr,abs_thr,sample_num
0,33484,38369,3473.1804470461534,1882.947143042173,9269037
