,f_samples,w_samples,rel_thr,abs_thr,sample_num
0,37357,87408,13.93327249005834,14.572758692925545,16094685
