,f_samples,w_samples,rel_thr,abs_thr,sample_num
0,43723,93346,6.183261258260664,44.62292575923898,17681901
