,f_samples,w_samples,rel_thr,abs_thr,sample_num
0,93776,23372,3434.2896761056713,5318.990789350413,15112092
