,f_samples,w_samples,rel_thr,abs_thr,sample_num
0,61383,49163,2.015562053958261,4.245697728124366,14260434
