,f_samples,w_samples,rel_thr,abs_thr,sample_num
0,32296,41560,13.132413255758442,14.843286912074104,9527424
