,f_samples,w_samples,rel_thr,abs_thr,sample_num
0,49794,70936,4092.1702488785036,2722.7131812796056,15574170
