,f_samples,w_samples,rel_thr,abs_thr,sample_num
0,82001,72288,4025.976843875373,2373.4457593828038,19903281
