,f_samples,w_samples,rel_thr,abs_thr,sample_num
0,80498,32100,6284.508133492382,9505.334698465711,14525142
