,f_samples,w_samples,rel_thr,abs_thr,sample_num
0,89457,38551,7749.262915101174,6762.864317949237,16513032
