,f_samples,w_samples,rel_thr,abs_thr,sample_num
0,87107,6243,8153.752895435997,7108.786294326073,12042150
