,f_samples,w_samples,rel_thr,abs_thr,sample_num
0,60210,69147,3881.30955096933,8570.793174052049,16687053
