,f_samples,w_samples,rel_thr,abs_thr,sample_num
0,91009,37063,97.23536644802476,54.2282646262375,16521288
