,f_samples,w_samples,rel_thr,abs_thr,sample_num
0,42756,273607,1.6069549972908117,7969.373609828656,40810827
