,f_samples,w_samples,rel_thr,abs_thr,sample_num
0,432736,369604,9.792316483707346,37434.96833686599,103501860
