,f_samples,w_samples,rel_thr,abs_thr,sample_num
0,71712,44887,-0.34480050624112657,0.1557344523559273,15041271
