,f_samples,w_samples,rel_thr,abs_thr,sample_num
0,62073,82286,2520.617272877341,8462.914670518514,18622311
