,f_samples,w_samples,rel_thr,abs_thr,sample_num
0,49724,83987,9.594596315772085,10.096516457629852,17248719
