,f_samples,w_samples,rel_thr,abs_thr,sample_num
0,35346,60987,8733.787045077468,1881.9901355412571,12426957
