,f_samples,w_samples,rel_thr,abs_thr,sample_num
0,15916,53284,8779.421124832126,1467.7708144287237,8926800
