,f_samples,w_samples,rel_thr,abs_thr,sample_num
0,22340,13985,96.77661419631222,89.88621675291881,4685925
