,f_samples,w_samples,rel_thr,abs_thr,sample_num
0,92169,57072,41.47342866852214,95.80720333004044,19252089
