,f_samples,w_samples,rel_thr,abs_thr,sample_num
0,84352,41519,890.0050563783769,3711.566994389267,16237359
