,f_samples,w_samples,rel_thr,abs_thr,sample_num
0,30849,5487,5506.41939479877,8405.085875233506,4687344
