,f_samples,w_samples,rel_thr,abs_thr,sample_num
0,439074,459228,3.952867503099041,32773.61212729017,115880958
