,f_samples,w_samples,rel_thr,abs_thr,sample_num
0,388228,383298,9.54942990704284,168162.36110230398,99526854
