,f_samples,w_samples,rel_thr,abs_thr,sample_num
0,53465,72916,9016.702041676255,6378.126962362574,16303149
