,f_samples,w_samples,rel_thr,abs_thr,sample_num
0,49706,13706,160.30465521078898,4009.310870932411,8180148
