,f_samples,w_samples,rel_thr,abs_thr,sample_num
0,38335,34358,9171.746090500183,8653.487729630715,9377397
