,f_samples,w_samples,rel_thr,abs_thr,sample_num
0,45325,14993,1.7038561655246305,1.8914125877513688,7781022
