,f_samples,w_samples,rel_thr,abs_thr,sample_num
0,28169,69571,12.950829758227538,12.934380174568425,12608460
