,f_samples,w_samples,rel_thr,abs_thr,sample_num
0,12971,6452,53.9090366963809,75.43995012512885,2505567
