,f_samples,w_samples,rel_thr,abs_thr,sample_num
0,56107,67015,9.840714885051899,0.8986378773794812,15882738
