,f_samples,w_samples,rel_thr,abs_thr,sample_num
0,60524,73261,19.210679448626617,75.52737186094714,17258265
