,f_samples,w_samples,rel_thr,abs_thr,sample_num
0,16643,80973,3296.2777507183864,2826.828268749235,12592464
