,f_samples,w_samples,rel_thr,abs_thr,sample_num
0,20441,22809,6.2955574705370925,13.915855383358258,5579250
