,f_samples,w_samples,rel_thr,abs_thr,sample_num
0,78128,6761,7.81757571441365,1.0269170166918185,10950681
