,f_samples,w_samples,rel_thr,abs_thr,sample_num
0,34138,20443,27.366860164911568,3.739744322108751,7040949
