,f_samples,w_samples,rel_thr,abs_thr,sample_num
0,40782,64160,6.175979015505238,12.170734673226288,13537518
