,f_samples,w_samples,rel_thr,abs_thr,sample_num
0,61551,50389,10.7638069971585,0.9197067415480864,14440260
