,f_samples,w_samples,rel_thr,abs_thr,sample_num
0,92201,5687,-0.7223960207543278,7.692198946900268,12627552
