,f_samples,w_samples,rel_thr,abs_thr,sample_num
0,41096,60453,7928.088592881256,137.91714955054823,13099821
