,f_samples,w_samples,rel_thr,abs_thr,sample_num
0,71247,32015,0.8148646011344738,6.852390671839786,13320798
