,f_samples,w_samples,rel_thr,abs_thr,sample_num
0,16370,52970,1077.5825637470214,4590.3066402974855,8944860
