,f_samples,w_samples,rel_thr,abs_thr,sample_num
0,15252,24971,3143.7829618364412,4777.541379838566,5188767
