,f_samples,w_samples,rel_thr,abs_thr,sample_num
0,15715,78487,8494.963469626273,5580.449171697766,12152058
