,f_samples,w_samples,rel_thr,abs_thr,sample_num
0,29323,66613,14.631789328925972,14.472073469503735,12375744
