,f_samples,w_samples,rel_thr,abs_thr,sample_num
0,58511,7914,13.073237844925304,3.388628279437602,8568825
