,f_samples,w_samples,rel_thr,abs_thr,sample_num
0,68751,21884,7.614448434025881,1.37928223089588,11691915
