,f_samples,w_samples,rel_thr,abs_thr,sample_num
0,56527,6981,4822.067264571666,3496.4728063790308,8192532
