,f_samples,w_samples,rel_thr,abs_thr,sample_num
0,28335,20927,1310.7020524526297,8069.921321896356,6354798
