,f_samples,w_samples,rel_thr,abs_thr,sample_num
0,32328,92557,10.761966767995434,11.09680851538231,16110165
