,f_samples,w_samples,rel_thr,abs_thr,sample_num
0,91795,64842,11.61854681580851,12.934994306545196,20206173
