,f_samples,w_samples,rel_thr,abs_thr,sample_num
0,13009,85261,0.0553073417194998,9.80341680467428,12676830
