,f_samples,w_samples,rel_thr,abs_thr,sample_num
0,212531,380613,10.004611824356568,24859.8420648229,76515576
