,f_samples,w_samples,rel_thr,abs_thr,sample_num
0,61525,64233,5.251473751591039,10.575781732265995,16222782
