,f_samples,w_samples,rel_thr,abs_thr,sample_num
0,63424,49439,88.92622669969455,33.961899755948444,14559327
