,f_samples,w_samples,rel_thr,abs_thr,sample_num
0,72262,39662,623.2283542340249,693.1824659709895,14438196
