,f_samples,w_samples,rel_thr,abs_thr,sample_num
0,6324,23009,1805.7202377479637,4212.685208248831,3783957
