,f_samples,w_samples,rel_thr,abs_thr,sample_num
0,29713,52895,10.589219002861785,14.2755827376484,10656432
