,f_samples,w_samples,rel_thr,abs_thr,sample_num
0,33222,81457,1404.5734692425915,8161.061084417312,14793591
