,f_samples,w_samples,rel_thr,abs_thr,sample_num
0,11526,49476,0.5443296810137657,10.731649054062855,7869258
