,f_samples,w_samples,rel_thr,abs_thr,sample_num
0,39868,17814,2860.276667697916,742.3144629961098,7440978
