,f_samples,w_samples,rel_thr,abs_thr,sample_num
0,26213,86908,3.2202031867980363,12.639063997487465,14592609
