,f_samples,w_samples,rel_thr,abs_thr,sample_num
0,47028,49449,21.35339370927358,22.210602286133728,12445533
