,f_samples,w_samples,rel_thr,abs_thr,sample_num
0,29529,9972,1020.4377837335713,434.9880791030103,5095629
