,f_samples,w_samples,rel_thr,abs_thr,sample_num
0,321987,302754,79.9995046973433,27.720934436587406,80591589
