,f_samples,w_samples,rel_thr,abs_thr,sample_num
0,61358,28091,14.805856168936229,14.007079841173166,11538921
