,f_samples,w_samples,rel_thr,abs_thr,sample_num
0,21290,61745,4.154971446811238,8.006016605440637,10711515
