,f_samples,w_samples,rel_thr,abs_thr,sample_num
0,31443,87326,28.775090370829602,17.50064872273338,15321201
