,f_samples,w_samples,rel_thr,abs_thr,sample_num
0,18556,49050,2626.5684989860647,158.63995547644504,8721174
