,f_samples,w_samples,rel_thr,abs_thr,sample_num
0,46993,11779,54.200426968533286,65.06521468070335,7581588
