,f_samples,w_samples,rel_thr,abs_thr,sample_num
0,37315,50072,11.525348988672587,9.544897063385905,11272923
