,f_samples,w_samples,rel_thr,abs_thr,sample_num
0,347673,190644,2.440048972789617,40.539635292886686,69442893
