,f_samples,w_samples,rel_thr,abs_thr,sample_num
0,71056,50338,59.2663270023692,29.545551962064742,15659826
