,f_samples,w_samples,rel_thr,abs_thr,sample_num
0,75139,36466,6471.597620308577,1457.0815804316062,14397045
