,f_samples,w_samples,rel_thr,abs_thr,sample_num
0,44753,36068,11.887807809135964,0.7466135513286909,10425909
