,f_samples,w_samples,rel_thr,abs_thr,sample_num
0,34024,91578,71.40601710022396,59.110832966496886,16202658
