,f_samples,w_samples,rel_thr,abs_thr,sample_num
0,43016,86166,10.550125605695804,1.0404241327140968,16664478
