,f_samples,w_samples,rel_thr,abs_thr,sample_num
0,30292,47685,4.695453487375486,2.606258054718868,10059033
