,f_samples,w_samples,rel_thr,abs_thr,sample_num
0,68262,68123,43.93436992911443,77.51387056954707,17593665
