,f_samples,w_samples,rel_thr,abs_thr,sample_num
0,48270,85957,1872.3027350884759,2976.279585559486,17315283
