,f_samples,w_samples,rel_thr,abs_thr,sample_num
0,36578,62341,87.17546692090772,71.24136656556239,12760551
