,f_samples,w_samples,rel_thr,abs_thr,sample_num
0,28347,78680,758.8039984360727,8425.564041874246,13806483
