,f_samples,w_samples,rel_thr,abs_thr,sample_num
0,59680,76836,5.713545616864623,7.300175559887615,17610564
