,f_samples,w_samples,rel_thr,abs_thr,sample_num
0,69757,82821,5511.0180547194,789.1602098686145,19682562
