,f_samples,w_samples,rel_thr,abs_thr,sample_num
0,66978,80764,3602.820384205116,7270.718737898269,19058718
