,f_samples,w_samples,rel_thr,abs_thr,sample_num
0,39083,67329,135.43534642432715,6249.4645977650125,13727148
