,f_samples,w_samples,rel_thr,abs_thr,sample_num
0,52534,27645,75.34681004901908,16.58050945502967,10343091
