,f_samples,w_samples,rel_thr,abs_thr,sample_num
0,59801,7051,0.853319912399324,47.817732174952575,8623908
