,f_samples,w_samples,rel_thr,abs_thr,sample_num
0,14630,74329,88.94236603078797,55.51479505547625,11475711
