,f_samples,w_samples,rel_thr,abs_thr,sample_num
0,8840,31818,227.43528742915782,2114.7290949530993,5244882
