,f_samples,w_samples,rel_thr,abs_thr,sample_num
0,18976,62519,9037.637670403748,2827.739719508362,10512855
