,f_samples,w_samples,rel_thr,abs_thr,sample_num
0,86307,29988,10.25642672146372,6.321307577664141,15002055
