,f_samples,w_samples,rel_thr,abs_thr,sample_num
0,341006,171234,47.54921243709503,5.96558435680371,66078960
