,f_samples,w_samples,rel_thr,abs_thr,sample_num
0,65125,59665,0.27989229390651005,5.8591565004673125,16097910
