,f_samples,w_samples,rel_thr,abs_thr,sample_num
0,20934,58447,3.857926263382117,3.557492089909232,10240149
