,f_samples,w_samples,rel_thr,abs_thr,sample_num
0,9327,68092,3912.0563907251453,1628.5032512551102,9987051
