,f_samples,w_samples,rel_thr,abs_thr,sample_num
0,18854,8007,0.7062734476930022,5.811448759650934,3465069
