,f_samples,w_samples,rel_thr,abs_thr,sample_num
0,65258,63524,4988.233290866326,2740.4201486177694,16612878
