,f_samples,w_samples,rel_thr,abs_thr,sample_num
0,93626,17833,5467.145708693715,8016.880565645118,14378211
