,f_samples,w_samples,rel_thr,abs_thr,sample_num
0,29376,81431,14.663217507477059,0.8671171167410646,14294103
