,f_samples,w_samples,rel_thr,abs_thr,sample_num
0,80063,23015,13.43479182232952,6.535443127478471,13297062
