,f_samples,w_samples,rel_thr,abs_thr,sample_num
0,73421,50920,14.788615043905285,7.904183560729539,16039989
