,f_samples,w_samples,rel_thr,abs_thr,sample_num
0,10092,93568,31.190791960728923,41.566048667905,13372140
