,f_samples,w_samples,rel_thr,abs_thr,sample_num
0,80508,75912,12.564226635421763,11.497641614455144,20178180
