,f_samples,w_samples,rel_thr,abs_thr,sample_num
0,54235,51399,27.50861316417716,0.5743376741560113,13626786
