,f_samples,w_samples,rel_thr,abs_thr,sample_num
0,65239,5384,2.2675106873562125,11.059325520846398,9110367
