,f_samples,w_samples,rel_thr,abs_thr,sample_num
0,71751,14728,7.8033281461556125,9.266084151058298,11155791
