,f_samples,w_samples,rel_thr,abs_thr,sample_num
0,41448,67626,82.94609883986566,92.60751665810236,14070546
