,f_samples,w_samples,rel_thr,abs_thr,sample_num
0,51549,83216,10.423327908038347,2.6288794180040154,17384685
