,f_samples,w_samples,rel_thr,abs_thr,sample_num
0,16880,78960,32.89565650982992,68.31844957372721,12363360
