,f_samples,w_samples,rel_thr,abs_thr,sample_num
0,65765,49375,12.69994584509802,9.402880138052936,14853060
