,f_samples,w_samples,rel_thr,abs_thr,sample_num
0,76747,82096,14.268894321919076,13.218010925822538,20490747
