,f_samples,w_samples,rel_thr,abs_thr,sample_num
0,82675,32687,14.364473806890823,13.3575296319157,14881698
