,f_samples,w_samples,rel_thr,abs_thr,sample_num
0,50374,94753,5507.140692270111,9666.04342136087,18721383
