,f_samples,w_samples,rel_thr,abs_thr,sample_num
0,6041,86037,9523.043535496392,1140.48883827357,11878062
