,f_samples,w_samples,rel_thr,abs_thr,sample_num
0,58335,47465,382.7244006030536,6374.82637035226,13648200
