,f_samples,w_samples,rel_thr,abs_thr,sample_num
0,22508,66027,5.284500538364088,54.71701028958601,11421015
