,f_samples,w_samples,rel_thr,abs_thr,sample_num
0,29909,45848,53.3779709711948,49.184645832274754,9772653
