,f_samples,w_samples,rel_thr,abs_thr,sample_num
0,81316,35954,6.9180193163332095,9.636521613427291,15127830
