,f_samples,w_samples,rel_thr,abs_thr,sample_num
0,41123,65165,57.058897044309205,36.58530137754135,13711152
