,f_samples,w_samples,rel_thr,abs_thr,sample_num
0,24178,24669,3.28448961883732,9.202491786109976,6301263
