,f_samples,w_samples,rel_thr,abs_thr,sample_num
0,94454,55829,13.993563624905715,2.1986769551625542,19386507
