,f_samples,w_samples,rel_thr,abs_thr,sample_num
0,18208,82417,2.5927923483653146,10.13815257516679,12980625
