,f_samples,w_samples,rel_thr,abs_thr,sample_num
0,74627,60838,4.219742603263123,4.820039907769468,17474985
