,f_samples,w_samples,rel_thr,abs_thr,sample_num
0,21278,82761,14.014460004467782,9.890806174288091,13421031
