,f_samples,w_samples,rel_thr,abs_thr,sample_num
0,25688,75410,3.754751103751211,6.8580513822006415,13041642
