,f_samples,w_samples,rel_thr,abs_thr,sample_num
0,14670,28628,71.89289171178129,88.93791873399032,5585442
