,f_samples,w_samples,rel_thr,abs_thr,sample_num
0,74149,22264,2584.5827068631447,3712.505401271464,12437277
