,f_samples,w_samples,rel_thr,abs_thr,sample_num
0,74220,84498,6117.132953732764,9355.720205137055,20474622
