,f_samples,w_samples,rel_thr,abs_thr,sample_num
0,73610,29829,11.492049820678416,8.106387328155213,13343631
