,f_samples,w_samples,rel_thr,abs_thr,sample_num
0,52886,71621,3310.3999624398098,3100.399489311978,16061403
