,f_samples,w_samples,rel_thr,abs_thr,sample_num
0,43590,61943,1.7844973472555843,7.468578621341704,13613757
