,f_samples,w_samples,rel_thr,abs_thr,sample_num
0,43636,47088,7302.453909982249,8587.101409000405,11703396
