,f_samples,w_samples,rel_thr,abs_thr,sample_num
0,71214,57069,11.642103253805939,12.763823356472571,16548507
