,f_samples,w_samples,rel_thr,abs_thr,sample_num
0,107958,89107,12.467485860237192,44186.19767506271,25421385
