,f_samples,w_samples,rel_thr,abs_thr,sample_num
0,24742,86987,4.856814121383417,12.914710119352005,14413041
