,f_samples,w_samples,rel_thr,abs_thr,sample_num
0,27031,61594,26.402992233599022,34.42613342989005,11432625
