,f_samples,w_samples,rel_thr,abs_thr,sample_num
0,38369,5072,4835.573745060898,65.2235516447941,5603889
