,f_samples,w_samples,rel_thr,abs_thr,sample_num
0,61811,90353,7226.5986233971635,2195.938551048372,19629156
