,f_samples,w_samples,rel_thr,abs_thr,sample_num
0,45859,55365,10.00584609614392,7.152349908056183,13057896
