,f_samples,w_samples,rel_thr,abs_thr,sample_num
0,83365,18289,1884.5224116270476,447.41062136539165,13113366
