,f_samples,w_samples,rel_thr,abs_thr,sample_num
0,69371,47704,4542.985725867951,4001.2117659893474,15102675
