,f_samples,w_samples,rel_thr,abs_thr,sample_num
0,94152,60196,2706.215058996981,6645.784285588697,19910892
