,f_samples,w_samples,rel_thr,abs_thr,sample_num
0,84535,95605,6814.379532238524,5457.532388588964,23238060
