,f_samples,w_samples,rel_thr,abs_thr,sample_num
0,71599,39290,1263.0915329072238,7240.429654126653,14304681
