,f_samples,w_samples,rel_thr,abs_thr,sample_num
0,64157,43574,6.716044885996258,3.6418967715545185,13897299
