,f_samples,w_samples,rel_thr,abs_thr,sample_num
0,275962,50391,43.76186318203573,94.8393312021162,42099537
