,f_samples,w_samples,rel_thr,abs_thr,sample_num
0,10018,42797,10.678151104362293,12.482697405085451,6813135
