,f_samples,w_samples,rel_thr,abs_thr,sample_num
0,53829,50137,10.021186845112148,9.597631671965418,13411614
