,f_samples,w_samples,rel_thr,abs_thr,sample_num
0,87826,62040,8787.282215358537,8662.694516772523,19332714
