,f_samples,w_samples,rel_thr,abs_thr,sample_num
0,80977,87404,-0.019853590360357387,11.470929276478907,21721149
