,f_samples,w_samples,rel_thr,abs_thr,sample_num
0,53477,88316,46.9540076557509,28.29057383312138,18291297
