,f_samples,w_samples,rel_thr,abs_thr,sample_num
0,13408,38504,5084.388074100894,5247.707428034214,6696648
