,f_samples,w_samples,rel_thr,abs_thr,sample_num
0,58368,6506,1408.3688084444361,1393.8987078659936,8368746
