,f_samples,w_samples,rel_thr,abs_thr,sample_num
0,34776,45339,10.857308395073533,10.603692564487995,10334835
