,f_samples,w_samples,rel_thr,abs_thr,sample_num
0,19883,56322,7.431599175878397,5.441399150052998,9830445
