,f_samples,w_samples,rel_thr,abs_thr,sample_num
0,58308,95637,13.36358385807419,2.847275440359645,19858905
