,f_samples,w_samples,rel_thr,abs_thr,sample_num
0,85864,21432,3781.6034561581164,8997.386063504211,13841184
