,f_samples,w_samples,rel_thr,abs_thr,sample_num
0,71959,31222,-0.4745328870639973,12.59360923667438,13310349
