,f_samples,w_samples,rel_thr,abs_thr,sample_num
0,44927,14649,5383.955763982425,9576.509216436614,7685304
