,f_samples,w_samples,rel_thr,abs_thr,sample_num
0,94407,46097,9035.29651737358,1433.8951139224898,18125016
