,f_samples,w_samples,rel_thr,abs_thr,sample_num
0,26308,63467,6.630620739376878,3.4647761724733668,11580975
