,f_samples,w_samples,rel_thr,abs_thr,sample_num
0,16715,8356,4196.260847216847,7650.071195043695,3234159
