,f_samples,w_samples,rel_thr,abs_thr,sample_num
0,81140,92265,7.036179047036354,4.685873586367796,22369245
