,f_samples,w_samples,rel_thr,abs_thr,sample_num
0,46770,84298,89.72397595620167,36.24100020464991,16907772
