,f_samples,w_samples,rel_thr,abs_thr,sample_num
0,55525,37732,4831.742799850622,8327.509194139411,12030153
