,f_samples,w_samples,rel_thr,abs_thr,sample_num
0,31621,45807,4.89380882081959,83.0040874274915,9988212
