,f_samples,w_samples,rel_thr,abs_thr,sample_num
0,18166,85384,14.027360580400417,5.548577866780865,13357950
