,f_samples,w_samples,rel_thr,abs_thr,sample_num
0,8224,48895,5193.97613562491,7530.562919942198,7368351
