,f_samples,w_samples,rel_thr,abs_thr,sample_num
0,25343,64373,6945.132185531368,8623.453864084513,11573364
