,f_samples,w_samples,rel_thr,abs_thr,sample_num
0,38634,23625,41.29690955275688,64.65360050462931,8031411
