,f_samples,w_samples,rel_thr,abs_thr,sample_num
0,64007,60373,12.483428888644326,8.687926040386063,16045020
