,f_samples,w_samples,rel_thr,abs_thr,sample_num
0,45263,79428,7959.879819504601,4523.768368640788,16085139
