,f_samples,w_samples,rel_thr,abs_thr,sample_num
0,33831,7988,3.5041678205779654,10.53758698628095,5394651
