,f_samples,w_samples,rel_thr,abs_thr,sample_num
0,7921,50424,4930.471596333096,1337.4181786805295,7526505
