,f_samples,w_samples,rel_thr,abs_thr,sample_num
0,72603,30065,7098.13181253105,2889.4671921619806,13244172
