,f_samples,w_samples,rel_thr,abs_thr,sample_num
0,71304,89920,6757.1637537192655,3405.6661281232027,20797896
