,f_samples,w_samples,rel_thr,abs_thr,sample_num
0,42618,81208,58.04257112375821,91.89388965976791,15973554
