,f_samples,w_samples,rel_thr,abs_thr,sample_num
0,95538,16095,2459.099983168169,4343.050662925816,14400657
