,f_samples,w_samples,rel_thr,abs_thr,sample_num
0,83982,11570,8602.012588299403,7786.873577364537,12326208
