,f_samples,w_samples,rel_thr,abs_thr,sample_num
0,64431,72246,6456.507184846719,406.4516650731709,17631333
