,f_samples,w_samples,rel_thr,abs_thr,sample_num
0,35758,41331,13.982139442929123,10.853784645582703,9944481
