,f_samples,w_samples,rel_thr,abs_thr,sample_num
0,37657,85267,5006.055185445344,9607.925748362943,15857196
