,f_samples,w_samples,rel_thr,abs_thr,sample_num
0,31832,80481,9621.263894097787,1570.3364898856032,14488377
