,f_samples,w_samples,rel_thr,abs_thr,sample_num
0,57366,42881,6841.16148926902,9237.022067586164,12931863
