,f_samples,w_samples,rel_thr,abs_thr,sample_num
0,72698,70680,6.9262708404354,3.5910902444214083,18495762
