,f_samples,w_samples,rel_thr,abs_thr,sample_num
0,22570,29098,2673.23091731203,8914.378064268032,6665172
