,f_samples,w_samples,rel_thr,abs_thr,sample_num
0,77055,73240,93.49056169529425,24.946479191067795,19388055
