,f_samples,w_samples,rel_thr,abs_thr,sample_num
0,48116,83793,11.681329367101673,5.4271864182874,17016261
