,f_samples,w_samples,rel_thr,abs_thr,sample_num
0,63895,75288,10.898103642845843,4.792556763405939,17954607
