,f_samples,w_samples,rel_thr,abs_thr,sample_num
0,12960,14941,1917.8915274567455,4161.060953835636,3599229
