,f_samples,w_samples,rel_thr,abs_thr,sample_num
0,61421,48335,14.968343691077738,8.2881477568147,14158524
