,f_samples,w_samples,rel_thr,abs_thr,sample_num
0,75795,84581,13.959977284393096,10.11108706103534,20688504
