,f_samples,w_samples,rel_thr,abs_thr,sample_num
0,18232,7493,4.797940100585411,9.425921702580574,3318525
