,f_samples,w_samples,rel_thr,abs_thr,sample_num
0,52489,90194,9.03061240501168,14.20537166686722,18406107
