,f_samples,w_samples,rel_thr,abs_thr,sample_num
0,63212,93447,9.509288246033046,3.8844153083950097,20209011
