,f_samples,w_samples,rel_thr,abs_thr,sample_num
0,6662,45274,8665.152477957303,1329.5289765892637,6699744
