,f_samples,w_samples,rel_thr,abs_thr,sample_num
0,43646,81918,11.681123053391278,4.505596782458317,16197756
