,f_samples,w_samples,rel_thr,abs_thr,sample_num
0,62596,15366,395.73854882910484,9753.72820122369,10057098
