,f_samples,w_samples,rel_thr,abs_thr,sample_num
0,386336,136632,13.98016341796349,72109.33377899906,67462872
