,f_samples,w_samples,rel_thr,abs_thr,sample_num
0,35897,23582,6037.972256755114,7990.34461905804,7672791
