,f_samples,w_samples,rel_thr,abs_thr,sample_num
0,20707,88322,9926.262660232866,873.4063500201405,14064741
