,f_samples,w_samples,rel_thr,abs_thr,sample_num
0,78954,56815,73.46855871566564,97.28258724615164,17514201
