,f_samples,w_samples,rel_thr,abs_thr,sample_num
0,242371,90085,12.252511260228719,111285.97467266051,42886824
