,f_samples,w_samples,rel_thr,abs_thr,sample_num
0,25288,18715,7263.0140837497975,9795.254412478644,5676387
