,f_samples,w_samples,rel_thr,abs_thr,sample_num
0,40504,403341,7.362496805026321,50.57217022346332,57256005
