,f_samples,w_samples,rel_thr,abs_thr,sample_num
0,66820,52713,48.68048687862993,54.880692990197566,15419757
