,f_samples,w_samples,rel_thr,abs_thr,sample_num
0,83346,73820,12.690268616225296,14.765606626441565,20274414
