,f_samples,w_samples,rel_thr,abs_thr,sample_num
0,21391,73250,7892.571974850101,9195.326076396166,12208689
