,f_samples,w_samples,rel_thr,abs_thr,sample_num
0,9329,14237,43.05103355842863,96.92989183341673,3040014
