,f_samples,w_samples,rel_thr,abs_thr,sample_num
0,69317,77051,19.307012577249605,79.67392283386418,18881472
