,f_samples,w_samples,rel_thr,abs_thr,sample_num
0,278313,43975,96.19679114472412,90.13276654794953,41575152
