,f_samples,w_samples,rel_thr,abs_thr,sample_num
0,7812,37989,86.12130273343786,98.21428690349308,5908329
