,f_samples,w_samples,rel_thr,abs_thr,sample_num
0,19903,16295,938.9819044830255,2200.509820180531,4669542
