,f_samples,w_samples,rel_thr,abs_thr,sample_num
0,46664,73818,12.240771412847069,13.87066170177168,15542178
