,f_samples,w_samples,rel_thr,abs_thr,sample_num
0,14778,18978,7.176703492412768,2.452103799563321,4354524
