,f_samples,w_samples,rel_thr,abs_thr,sample_num
0,55096,68444,3465.4303281429566,7943.496956704787,15936660
