,f_samples,w_samples,rel_thr,abs_thr,sample_num
0,26782,43373,8762.400046167946,8590.362378228128,9049995
