,f_samples,w_samples,rel_thr,abs_thr,sample_num
0,88366,74154,8.64235337390259,0.7983578806203773,20965080
