,f_samples,w_samples,rel_thr,abs_thr,sample_num
0,81487,80609,5.32850533705502,11.745637464151196,20910384
