,f_samples,w_samples,rel_thr,abs_thr,sample_num
0,55181,58480,5.3971343222648915,3.5071894066170324,14662269
