,f_samples,w_samples,rel_thr,abs_thr,sample_num
0,63496,39642,60.523200383466175,17.144185992205497,13304802
