,f_samples,w_samples,rel_thr,abs_thr,sample_num
0,95130,64066,2412.9305446952458,5336.367086003244,20536284
