,f_samples,w_samples,rel_thr,abs_thr,sample_num
0,5869,70581,5.028917374028149,14.788521475927078,9862050
