,f_samples,w_samples,rel_thr,abs_thr,sample_num
0,94634,52253,49.03710517889733,93.76834276075154,18948423
