,f_samples,w_samples,rel_thr,abs_thr,sample_num
0,73386,84799,14.808350158975136,7.925401283490152,20405865
