,f_samples,w_samples,rel_thr,abs_thr,sample_num
0,68744,84677,551.7169629377144,2105.4383331988934,19791309
