,f_samples,w_samples,rel_thr,abs_thr,sample_num
0,30059,46663,7990.350312602508,1525.4555957230375,9897138
