,f_samples,w_samples,rel_thr,abs_thr,sample_num
0,10371,57185,4.886424873310624,2.487674231528812,8714724
