,f_samples,w_samples,rel_thr,abs_thr,sample_num
0,14551,13057,17.485846909554585,65.44086213445345,3561432
