,f_samples,w_samples,rel_thr,abs_thr,sample_num
0,35583,28864,3.2257944433803107,8.259256111932249,8313663
