,f_samples,w_samples,rel_thr,abs_thr,sample_num
0,138941,38770,8.983991659791577,142977.96011632858,22924719
