,f_samples,w_samples,rel_thr,abs_thr,sample_num
0,95754,7569,8.686148082176379,1.7495717320459703,13328667
