,f_samples,w_samples,rel_thr,abs_thr,sample_num
0,65580,25558,1883.14490923276,1000.3696849573818,11756802
