,f_samples,w_samples,rel_thr,abs_thr,sample_num
0,40463,15608,7067.92292214983,8037.521297048294,7233159
