,f_samples,w_samples,rel_thr,abs_thr,sample_num
0,22716,55719,5.459039696850108,61.445579883153734,10118115
