,f_samples,w_samples,rel_thr,abs_thr,sample_num
0,80170,65935,8104.417352425518,9480.649384434164,18847545
