,f_samples,w_samples,rel_thr,abs_thr,sample_num
0,45791,85056,2.692631504635326,4.7730190946861475,16879263
