,f_samples,w_samples,rel_thr,abs_thr,sample_num
0,43212,10662,3.050292469224212,7.767828486848426,6949746
