,f_samples,w_samples,rel_thr,abs_thr,sample_num
0,15480,63429,6290.017672530247,2484.166919006461,10179261
