,f_samples,w_samples,rel_thr,abs_thr,sample_num
0,62456,50738,3383.654440655926,2377.686646161712,14602026
