,f_samples,w_samples,rel_thr,abs_thr,sample_num
0,43771,9148,5.00269542958239,1.6858538611454814,6826551
