,f_samples,w_samples,rel_thr,abs_thr,sample_num
0,21694,98449,5.609081047410159,41309.67275709192,15498447
