,f_samples,w_samples,rel_thr,abs_thr,sample_num
0,33025,87266,7.828581019995186,8.838848336340801,15517539
