,f_samples,w_samples,rel_thr,abs_thr,sample_num
0,46656,5283,29.35037911788771,50.43933432269767,6700131
