,f_samples,w_samples,rel_thr,abs_thr,sample_num
0,88139,30555,1827.1615302551068,6665.693618713587,15311526
