,f_samples,w_samples,rel_thr,abs_thr,sample_num
0,42004,44159,7681.598020391142,8890.565152577701,11115027
