,f_samples,w_samples,rel_thr,abs_thr,sample_num
0,52510,81684,5.98901180353481,4.00340340682881,17311026
