,f_samples,w_samples,rel_thr,abs_thr,sample_num
0,86157,43941,33.93625932335431,11.76810791145142,16782642
