,f_samples,w_samples,rel_thr,abs_thr,sample_num
0,58556,21034,5149.110735869016,9939.733968404797,10267110
