,f_samples,w_samples,rel_thr,abs_thr,sample_num
0,18647,87679,5684.752393548675,6832.319447074709,13716054
