,f_samples,w_samples,rel_thr,abs_thr,sample_num
0,36670,86181,13.842563813475719,9.946756927867805,15847779
