,f_samples,w_samples,rel_thr,abs_thr,sample_num
0,58828,76670,1.32761115945193,13.735042602596288,17479242
