,f_samples,w_samples,rel_thr,abs_thr,sample_num
0,83621,24531,57.32659207928836,82.47477656530336,13951608
