,f_samples,w_samples,rel_thr,abs_thr,sample_num
0,10640,17176,13.084922212546772,13.679532590030405,3588264
