,f_samples,w_samples,rel_thr,abs_thr,sample_num
0,53417,83018,77.88834967979142,3600.502158594694,17600115
