,f_samples,w_samples,rel_thr,abs_thr,sample_num
0,12477,34671,3.6164439555772283,91.69188260759421,6082092
