,f_samples,w_samples,rel_thr,abs_thr,sample_num
0,6675,28006,1.2899544688894018,10.890357867219402,4473849
