,f_samples,w_samples,rel_thr,abs_thr,sample_num
0,52510,7316,-0.7769355497600028,1.3821749236033731,7717554
