,f_samples,w_samples,rel_thr,abs_thr,sample_num
0,9950,28636,52.20221042140164,13.529285785556311,4977594
