,f_samples,w_samples,rel_thr,abs_thr,sample_num
0,63472,8320,7.492845445856547,4.234697707457021,9261168
