,f_samples,w_samples,rel_thr,abs_thr,sample_num
0,88374,32143,4.279684856642424,161510.79755706066,15546693
