,f_samples,w_samples,rel_thr,abs_thr,sample_num
0,50117,53425,63.776466382117235,47.32035929024744,13356918
