,f_samples,w_samples,rel_thr,abs_thr,sample_num
0,29459,87204,121.94381368516494,6363.2879926475425,15049527
