,f_samples,w_samples,rel_thr,abs_thr,sample_num
0,17895,92756,3.908658857564161,14.075859713879348,14273979
