,f_samples,w_samples,rel_thr,abs_thr,sample_num
0,38677,60112,2.3610322747213583,0.550497553598498,12743781
