,f_samples,w_samples,rel_thr,abs_thr,sample_num
0,55740,64589,668.8478063174442,2097.0151370539425,15522441
