,f_samples,w_samples,rel_thr,abs_thr,sample_num
0,7418,17710,5.798515570705391,7.00002019837637,3241512
