,f_samples,w_samples,rel_thr,abs_thr,sample_num
0,12708,65265,3609.1271384977217,7679.1407786419195,10058517
