,f_samples,w_samples,rel_thr,abs_thr,sample_num
0,43070,65140,13.452167011038352,9.204784244049511,13959090
