,f_samples,w_samples,rel_thr,abs_thr,sample_num
0,223703,248004,74.36939949018122,19.73366535572344,60850203
