,f_samples,w_samples,rel_thr,abs_thr,sample_num
0,323690,238072,6.217507187179164,60461.699395529125,72467298
