,f_samples,w_samples,rel_thr,abs_thr,sample_num
0,38602,69259,5710.061987916068,1951.1512327284486,13914069
