,f_samples,w_samples,rel_thr,abs_thr,sample_num
0,7764,55014,6.569348404207009,6.487091225262902,8098362
