,f_samples,w_samples,rel_thr,abs_thr,sample_num
0,72342,31242,6461.419283618482,4736.896691192346,13362336
