,f_samples,w_samples,rel_thr,abs_thr,sample_num
0,78230,26131,733.6859625361269,3685.266132932333,13462569
