,f_samples,w_samples,rel_thr,abs_thr,sample_num
0,11377,42535,24.330575210751103,91.91234257692167,6954648
