,f_samples,w_samples,rel_thr,abs_thr,sample_num
0,63291,70182,620.0552590677944,8747.330115734989,17218017
