,f_samples,w_samples,rel_thr,abs_thr,sample_num
0,78001,20808,2051.3467826745964,9501.651450031486,12746361
