,f_samples,w_samples,rel_thr,abs_thr,sample_num
0,62720,29828,6.330723059775808,9.703283197921566,11938692
