,f_samples,w_samples,rel_thr,abs_thr,sample_num
0,36412,40737,4.291035114956797,6.584567628394423,9952221
