,f_samples,w_samples,rel_thr,abs_thr,sample_num
0,26096,9273,2454.1779903197316,201.9711234818633,4562601
