,f_samples,w_samples,rel_thr,abs_thr,sample_num
0,66447,53262,4752.641183085043,9687.923839021956,15442461
