,f_samples,w_samples,rel_thr,abs_thr,sample_num
0,64024,47668,30.61604005380181,35.232657202855336,14408268
