,f_samples,w_samples,rel_thr,abs_thr,sample_num
0,32621,9368,11.306826599354805,13.535341788407292,5416581
