,f_samples,w_samples,rel_thr,abs_thr,sample_num
0,9068,74532,7489.822101789752,4053.4783513507,10784400
