,f_samples,w_samples,rel_thr,abs_thr,sample_num
0,20960,61770,-0.42448011182103684,6.592799544396842,10672170
