,f_samples,w_samples,rel_thr,abs_thr,sample_num
0,319164,257434,22.162381147220135,68.23965425741468,74381142
