,f_samples,w_samples,rel_thr,abs_thr,sample_num
0,93629,15591,394.23423554263826,7170.043951680212,14089380
