,f_samples,w_samples,rel_thr,abs_thr,sample_num
0,32729,34693,8368.888179247131,7626.804488688659,8697438
