,f_samples,w_samples,rel_thr,abs_thr,sample_num
0,40218,6352,3796.911758505516,6003.805553735913,6007530
