,f_samples,w_samples,rel_thr,abs_thr,sample_num
0,207874,280166,10.890024331102518,59505.89490923306,62957160
