,f_samples,w_samples,rel_thr,abs_thr,sample_num
0,77202,16360,4984.393708273541,5944.024149728565,12069498
