,f_samples,w_samples,rel_thr,abs_thr,sample_num
0,68811,45283,5.536175804513357,12.453568196411045,14718126
