,f_samples,w_samples,rel_thr,abs_thr,sample_num
0,72896,49805,5542.450519236928,7310.398427636258,15828429
