,f_samples,w_samples,rel_thr,abs_thr,sample_num
0,51605,83876,11.79658874268405,96.19966102024154,17477049
