,f_samples,w_samples,rel_thr,abs_thr,sample_num
0,55827,82179,88.20173689141932,74.19053506663987,17802774
