,f_samples,w_samples,rel_thr,abs_thr,sample_num
0,61057,53070,5.827402583817696,7.3898494116894495,14722383
