,f_samples,w_samples,rel_thr,abs_thr,sample_num
0,11438,37478,12.898968516498126,11.516971323660067,6310164
