,f_samples,w_samples,rel_thr,abs_thr,sample_num
0,69130,88357,9136.003858372616,9901.179319648318,20315823
