,f_samples,w_samples,rel_thr,abs_thr,sample_num
0,61778,58157,8075.456530989229,3424.30399953798,15471615
