,f_samples,w_samples,rel_thr,abs_thr,sample_num
0,65407,63972,80.05529288355632,95.94359093860382,16689891
