,f_samples,w_samples,rel_thr,abs_thr,sample_num
0,35990,37052,7.524855538120992,54.65237092335708,9422418
