,f_samples,w_samples,rel_thr,abs_thr,sample_num
0,17819,86406,84.3603869574876,26.55786558767638,13445025
