,f_samples,w_samples,rel_thr,abs_thr,sample_num
0,66426,67780,12.66104342064634,7.120390581811024,17312574
