,f_samples,w_samples,rel_thr,abs_thr,sample_num
0,66915,87150,90.09803241286589,95.70864274728768,19874385
