,f_samples,w_samples,rel_thr,abs_thr,sample_num
0,10306,45089,78.88332226307945,44.849267818852965,7145955
