,f_samples,w_samples,rel_thr,abs_thr,sample_num
0,9362,14463,13.577728487679638,5.955506413058575,3073425
