,f_samples,w_samples,rel_thr,abs_thr,sample_num
0,84064,28343,5915.5697924623,9700.630022099313,14500503
