,f_samples,w_samples,rel_thr,abs_thr,sample_num
0,15624,49389,58.35597764934202,51.30557594364258,8386677
