,f_samples,w_samples,rel_thr,abs_thr,sample_num
0,15988,64703,1202.679431719723,9010.468744368774,10409139
