,f_samples,w_samples,rel_thr,abs_thr,sample_num
0,14363,11752,9140.039025638058,9457.14550783271,3368835
