,f_samples,w_samples,rel_thr,abs_thr,sample_num
0,42492,91256,4443.102668713808,6855.59819599609,17253492
