,f_samples,w_samples,rel_thr,abs_thr,sample_num
0,11395,285438,7.688222568016148,25514.865614636008,38291457
