,f_samples,w_samples,rel_thr,abs_thr,sample_num
0,29172,86503,0.2718827270492383,7.823650022254675,14922075
