,f_samples,w_samples,rel_thr,abs_thr,sample_num
0,91425,132062,9.084312859723076,97499.42935019403,28829823
