,f_samples,w_samples,rel_thr,abs_thr,sample_num
0,6029,64850,3.7922929107035745,10.26855196841387,9143391
