,f_samples,w_samples,rel_thr,abs_thr,sample_num
0,48605,23859,5.277206983666085,7.461352896697962,9347856
