,f_samples,w_samples,rel_thr,abs_thr,sample_num
0,15345,64508,10.693315321783981,2.2278012128172895,10301037
