,f_samples,w_samples,rel_thr,abs_thr,sample_num
0,322788,462879,1.3768124261736876,127967.41906195454,101351043
