,f_samples,w_samples,rel_thr,abs_thr,sample_num
0,65955,81842,55.33108572747721,8.512354658987864,19065813
