,f_samples,w_samples,rel_thr,abs_thr,sample_num
0,23243,72872,3918.484514946222,883.942703468622,12398835
