,f_samples,w_samples,rel_thr,abs_thr,sample_num
0,137367,102042,8.398889518615913,70456.41423965477,30883761
