,f_samples,w_samples,rel_thr,abs_thr,sample_num
0,48730,10516,21.664494143230396,65.99303013935298,7642734
