,f_samples,w_samples,rel_thr,abs_thr,sample_num
0,68345,17474,-0.7662179861821556,10.178715432803132,11070651
