,f_samples,w_samples,rel_thr,abs_thr,sample_num
0,79436,63519,36.56070954775417,78.71043169076236,18441195
