,f_samples,w_samples,rel_thr,abs_thr,sample_num
0,89099,15521,8.312021458119299,10.038928539130556,13495980
