,f_samples,w_samples,rel_thr,abs_thr,sample_num
0,46969,85352,9088.630948738186,4721.383947693005,17069409
