,f_samples,w_samples,rel_thr,abs_thr,sample_num
0,94194,38004,6850.616070889216,7863.827953821015,17053542
