,f_samples,w_samples,rel_thr,abs_thr,sample_num
0,64048,28554,9245.32975360113,9688.165760196714,11945658
