,f_samples,w_samples,rel_thr,abs_thr,sample_num
0,71195,53346,7424.82370476068,5197.856661481539,16065789
