,f_samples,w_samples,rel_thr,abs_thr,sample_num
0,88077,340287,-0.8038812890394507,147914.58502074616,55258956
