,f_samples,w_samples,rel_thr,abs_thr,sample_num
0,32510,65372,71.29871228708345,10.786869548675703,12626778
