,f_samples,w_samples,rel_thr,abs_thr,sample_num
0,58957,15438,6.652374037715504,2.8979072263630696,9596955
