,f_samples,w_samples,rel_thr,abs_thr,sample_num
0,35664,76155,207.53135054611468,7882.245127962765,14424651
