,f_samples,w_samples,rel_thr,abs_thr,sample_num
0,62628,93905,4.329202236970573,23.310477451128676,20192757
