,f_samples,w_samples,rel_thr,abs_thr,sample_num
0,48462,82912,608.2601566064596,6722.258131511048,16947246
