,f_samples,w_samples,rel_thr,abs_thr,sample_num
0,12690,68105,11.641099917817119,1.526370455765499,10422555
