,f_samples,w_samples,rel_thr,abs_thr,sample_num
0,45708,11100,9281.4869007759,6730.691199843901,7328232
