,f_samples,w_samples,rel_thr,abs_thr,sample_num
0,85747,27805,6636.977509470651,9058.579578846868,14648208
