,f_samples,w_samples,rel_thr,abs_thr,sample_num
0,24907,38570,2202.7064615288605,7410.267147415391,8188533
