,f_samples,w_samples,rel_thr,abs_thr,sample_num
0,24013,25796,8.362081340478044,43.64163353602645,6425361
