,f_samples,w_samples,rel_thr,abs_thr,sample_num
0,34523,78830,13.730612762154012,6.040429129064987,14622537
