,f_samples,w_samples,rel_thr,abs_thr,sample_num
0,71428,22733,3996.6456950516904,2691.3030362757163,12146769
