,f_samples,w_samples,rel_thr,abs_thr,sample_num
0,71115,6455,1527.0772147262467,6812.842326248699,10006530
