,f_samples,w_samples,rel_thr,abs_thr,sample_num
0,81191,75239,1523.5022807285309,8187.397293568815,20179470
