,f_samples,w_samples,rel_thr,abs_thr,sample_num
0,38546,24822,35.47345041907758,47.398093444821235,8174472
