,f_samples,w_samples,rel_thr,abs_thr,sample_num
0,51559,63267,13.7757139305563,14.961537651321143,14812554
