,f_samples,w_samples,rel_thr,abs_thr,sample_num
0,70738,10613,3060.0521802620124,994.3519942930967,10494279
