,f_samples,w_samples,rel_thr,abs_thr,sample_num
0,82620,40090,1015.9915966344298,1345.846310521296,15829590
