,f_samples,w_samples,rel_thr,abs_thr,sample_num
0,39040,10264,6765.914809051233,3393.8168865918606,6360216
