,f_samples,w_samples,rel_thr,abs_thr,sample_num
0,68594,38490,-0.07340606417530893,14.823801663765233,13813836
