,f_samples,w_samples,rel_thr,abs_thr,sample_num
0,71453,28498,7018.692600590198,9817.596479764561,12893679
