,f_samples,w_samples,rel_thr,abs_thr,sample_num
0,71206,28633,9977.683489298388,6850.177054739609,12879231
