,f_samples,w_samples,rel_thr,abs_thr,sample_num
0,23177,62624,7.4716056947953025,8.373855549990925,11068329
