,f_samples,w_samples,rel_thr,abs_thr,sample_num
0,50267,95523,53.105247524226094,47.46751327726725,18806910
