,f_samples,w_samples,rel_thr,abs_thr,sample_num
0,80209,70832,1.4829168105412407,1.7255360475753596,19484289
