,f_samples,w_samples,rel_thr,abs_thr,sample_num
0,20643,59705,8219.251320743624,7354.355977495677,10364892
