,f_samples,w_samples,rel_thr,abs_thr,sample_num
0,66316,44312,6.115138413576354,12.990848088169376,14271012
