,f_samples,w_samples,rel_thr,abs_thr,sample_num
0,44262,58759,9258.898804806224,6942.046609075893,13289709
