,f_samples,w_samples,rel_thr,abs_thr,sample_num
0,85334,26148,6.520251784781903,18.590920023056647,14381178
