,f_samples,w_samples,rel_thr,abs_thr,sample_num
0,62799,50889,30.541521362879124,50.61305430176526,14665752
