,f_samples,w_samples,rel_thr,abs_thr,sample_num
0,252682,470931,2.1026946747369806,300.486322055149,93346077
