,f_samples,w_samples,rel_thr,abs_thr,sample_num
0,193258,29802,2.7231821943605983,109800.13509866565,28774740
