,f_samples,w_samples,rel_thr,abs_thr,sample_num
0,87435,95136,18.051486881502857,33.505292935755136,23551659
