,f_samples,w_samples,rel_thr,abs_thr,sample_num
0,67858,81106,8794.1999015975,1124.188721796149,19216356
