,f_samples,w_samples,rel_thr,abs_thr,sample_num
0,49906,51777,903.407385769742,578.6756025253492,13117107
