,f_samples,w_samples,rel_thr,abs_thr,sample_num
0,6403,41965,5773.96719382119,8504.186890235664,6239472
