,f_samples,w_samples,rel_thr,abs_thr,sample_num
0,57991,45479,13.497545762867178,6.242931944550989,13347630
