,f_samples,w_samples,rel_thr,abs_thr,sample_num
0,71966,7248,64.683645488341,61.052911076399695,10218606
