,f_samples,w_samples,rel_thr,abs_thr,sample_num
0,66988,67544,15.929792418348587,40.26458103525312,17354628
