,f_samples,w_samples,rel_thr,abs_thr,sample_num
0,318734,427306,14.151623946910794,6298.083751435235,96239160
