,f_samples,w_samples,rel_thr,abs_thr,sample_num
0,125876,71663,2.698884048463844,165455.90396725165,25482531
