,f_samples,w_samples,rel_thr,abs_thr,sample_num
0,45787,30119,1.734306200782786,4.261880941453196,9791874
