,f_samples,w_samples,rel_thr,abs_thr,sample_num
0,92185,53421,52.46583153475828,79.23668735833684,18783174
