,f_samples,w_samples,rel_thr,abs_thr,sample_num
0,11245,81078,3190.6377768155785,4409.82261719576,11909667
