,f_samples,w_samples,rel_thr,abs_thr,sample_num
0,26368,11967,69.72664948933348,56.6609485577714,4945215
