,f_samples,w_samples,rel_thr,abs_thr,sample_num
0,80142,36453,96.59234522116148,46.80777070076402,15040755
