,f_samples,w_samples,rel_thr,abs_thr,sample_num
0,7669,53539,9465.081121441099,2812.2807636398816,7895832
