,f_samples,w_samples,rel_thr,abs_thr,sample_num
0,78384,49069,5631.298168703511,1116.686516659069,16441437
