,f_samples,w_samples,rel_thr,abs_thr,sample_num
0,43734,10387,26.07717421571058,60.610892075244124,6981609
