,f_samples,w_samples,rel_thr,abs_thr,sample_num
0,37749,5593,12.908566878236206,76.23899110777607,5591118
