,f_samples,w_samples,rel_thr,abs_thr,sample_num
0,39188,93166,678.3890237580028,9568.790424475803,17073666
