,f_samples,w_samples,rel_thr,abs_thr,sample_num
0,41318,36434,10.130993475825829,3.6913909935501166,10030008
