,f_samples,w_samples,rel_thr,abs_thr,sample_num
0,43429,82792,10.231335773417138,5.454831251384351,16282509
