,f_samples,w_samples,rel_thr,abs_thr,sample_num
0,87608,32956,12.870974760588833,14.140929891510693,15552756
