,f_samples,w_samples,rel_thr,abs_thr,sample_num
0,70715,36896,7.105436995853095,1.21117796009938,13881819
