,f_samples,w_samples,rel_thr,abs_thr,sample_num
0,51086,27306,0.35785034182159947,14.643086052065572,10112568
