,f_samples,w_samples,rel_thr,abs_thr,sample_num
0,56829,54235,8953.006940878226,770.7254363309735,14327256
