,f_samples,w_samples,rel_thr,abs_thr,sample_num
0,77278,12155,0.2707175096005958,6.82492418029325,11536857
