,f_samples,w_samples,rel_thr,abs_thr,sample_num
0,14269,20417,11.076446034767205,3.459384235588152,4474494
