,f_samples,w_samples,rel_thr,abs_thr,sample_num
0,84166,94178,4409.464112916892,2031.9937191870451,23006376
