,f_samples,w_samples,rel_thr,abs_thr,sample_num
0,87571,11074,7.978787127489616,11.027225263041935,12725205
