,f_samples,w_samples,rel_thr,abs_thr,sample_num
0,13740,23559,1873.3810787937591,3784.2125995394895,4811571
