,f_samples,w_samples,rel_thr,abs_thr,sample_num
0,95766,30453,2.641884838763728,1.41504385247943,16282251
