,f_samples,w_samples,rel_thr,abs_thr,sample_num
0,75069,70236,1.9622348485763066,9.184827462860786,18744345
