,f_samples,w_samples,rel_thr,abs_thr,sample_num
0,75184,27644,9772.360690295463,1690.871778235934,13264812
