,f_samples,w_samples,rel_thr,abs_thr,sample_num
0,93922,55921,5140.631060586328,4251.050279224007,19329747
