,f_samples,w_samples,rel_thr,abs_thr,sample_num
0,37918,36982,2890.7941592416896,6881.12755414372,9662100
