,f_samples,w_samples,rel_thr,abs_thr,sample_num
0,82595,51748,2.0384247546240655,6.550366256140086,17330247
