,f_samples,w_samples,rel_thr,abs_thr,sample_num
0,15066,43084,6853.068237824101,2553.5227508641633,7501350
