,f_samples,w_samples,rel_thr,abs_thr,sample_num
0,25764,71739,7977.891712006052,799.8815558661154,12577887
