,f_samples,w_samples,rel_thr,abs_thr,sample_num
0,5980,57094,6.526807971264086,2.7827110302640152,8136546
