,f_samples,w_samples,rel_thr,abs_thr,sample_num
0,39219,82775,0.7446456186029629,9.733074744890903,15737226
