,f_samples,w_samples,rel_thr,abs_thr,sample_num
0,27079,10250,1.126975558874479,1.4520286777857012,4815441
