,f_samples,w_samples,rel_thr,abs_thr,sample_num
0,16350,5379,7661.066964288532,1192.627886859995,2803041
