,f_samples,w_samples,rel_thr,abs_thr,sample_num
0,58863,27538,38.38027568013844,7.370072692273211,11145729
