,f_samples,w_samples,rel_thr,abs_thr,sample_num
0,56801,90918,0.2528363203153692,1.979266587303799,19055751
