,f_samples,w_samples,rel_thr,abs_thr,sample_num
0,58754,60173,10.41629934029101,7.048508261492908,15341583
