,f_samples,w_samples,rel_thr,abs_thr,sample_num
0,90212,27755,0.3064858393747265,3.0104823312637574,15217743
