,f_samples,w_samples,rel_thr,abs_thr,sample_num
0,23886,17576,8.831714287505603,5.660799241755569,5348598
