,f_samples,w_samples,rel_thr,abs_thr,sample_num
0,15937,79516,72.51246580520538,22.159508069722765,12313437
