,f_samples,w_samples,rel_thr,abs_thr,sample_num
0,47970,15317,69.45133170789451,57.56315899712724,8164023
