,f_samples,w_samples,rel_thr,abs_thr,sample_num
0,55291,27122,-0.08757973068742153,2.2242608380653515,10631277
