,f_samples,w_samples,rel_thr,abs_thr,sample_num
0,89688,20801,5.054533541999547,6.039378234945564,14253081
