,f_samples,w_samples,rel_thr,abs_thr,sample_num
0,16993,59156,1.0158921420573215,2.013654175206423,9823221
