,f_samples,w_samples,rel_thr,abs_thr,sample_num
0,390861,258400,9.498999139841318,84734.8058747901,83754669
