,f_samples,w_samples,rel_thr,abs_thr,sample_num
0,54789,48530,1.8871144682443166,8.386171219908272,13328151
