,f_samples,w_samples,rel_thr,abs_thr,sample_num
0,47917,40213,12.308062782765454,1.126961150155556,11368770
