,f_samples,w_samples,rel_thr,abs_thr,sample_num
0,35130,9221,7984.812947608382,3478.902223703556,5721279
