,f_samples,w_samples,rel_thr,abs_thr,sample_num
0,52089,81533,11.381079922187917,6.78070509699358,17237238
