,f_samples,w_samples,rel_thr,abs_thr,sample_num
0,46414,31650,20.199226451037227,75.63961039785167,10070256
