,f_samples,w_samples,rel_thr,abs_thr,sample_num
0,68085,66941,58.94853723915275,33.876826738897506,17418354
