,f_samples,w_samples,rel_thr,abs_thr,sample_num
0,32862,93976,38.32539925713856,41.3842109428016,16362102
