,f_samples,w_samples,rel_thr,abs_thr,sample_num
0,40117,36827,9170.684499825926,1063.210205806764,9925776
