,f_samples,w_samples,rel_thr,abs_thr,sample_num
0,43651,49319,6282.536045842629,3712.5822693288715,11993130
