,f_samples,w_samples,rel_thr,abs_thr,sample_num
0,17681,11938,0.47000570969425937,11.317528296593588,3820851
