,f_samples,w_samples,rel_thr,abs_thr,sample_num
0,57916,35829,5.774561906236814,14.593022543371383,12093105
