,f_samples,w_samples,rel_thr,abs_thr,sample_num
0,27408,21518,3329.031202673563,9576.494365719333,6311454
