,f_samples,w_samples,rel_thr,abs_thr,sample_num
0,58987,78442,61.234070283442456,9226.088987716998,17728341
