,f_samples,w_samples,rel_thr,abs_thr,sample_num
0,53563,40060,12.170791130159548,2.4165716647414963,12077367
