,f_samples,w_samples,rel_thr,abs_thr,sample_num
0,95745,5879,2.677617728292388,1.7972672168604675,13109496
