,f_samples,w_samples,rel_thr,abs_thr,sample_num
0,65874,45694,6.584314169826634,8.446462567547407,14392272
