,f_samples,w_samples,rel_thr,abs_thr,sample_num
0,50646,71930,6049.140110037527,4801.51327874959,15812304
