,f_samples,w_samples,rel_thr,abs_thr,sample_num
0,44660,74393,9994.177708473751,7528.135027577863,15357837
