,f_samples,w_samples,rel_thr,abs_thr,sample_num
0,71697,27708,6.610726433685473,4.673669685955079,12823245
