,f_samples,w_samples,rel_thr,abs_thr,sample_num
0,63844,33795,9.231148638029124,2.2803008266924136,12595431
