,f_samples,w_samples,rel_thr,abs_thr,sample_num
0,42167,51994,4873.196694741812,7611.977840474362,12146769
