,f_samples,w_samples,rel_thr,abs_thr,sample_num
0,29509,47252,30.354779171409323,26.126500606159887,9902169
