,f_samples,w_samples,rel_thr,abs_thr,sample_num
0,69160,83871,1.2661303647624642,2.0878195501467482,19740999
