,f_samples,w_samples,rel_thr,abs_thr,sample_num
0,72819,76809,7.902061617818546,0.2707504188619003,19302012
