,f_samples,w_samples,rel_thr,abs_thr,sample_num
0,64842,77800,8.041008793737968,9.316749131241412,18400818
