,f_samples,w_samples,rel_thr,abs_thr,sample_num
0,223549,291033,86.75264192884293,45.703310757628955,66381078
