,f_samples,w_samples,rel_thr,abs_thr,sample_num
0,10566,28767,2084.063388202292,7949.104453546531,5073957
