,f_samples,w_samples,rel_thr,abs_thr,sample_num
0,6566,32231,5231.081389473363,3559.3822523667127,5004813
