,f_samples,w_samples,rel_thr,abs_thr,sample_num
0,13834,19985,13.476131906022921,1.5621522998359871,4362651
