,f_samples,w_samples,rel_thr,abs_thr,sample_num
0,51251,20078,-0.7447540152023748,4.00290326582594,9201441
