,f_samples,w_samples,rel_thr,abs_thr,sample_num
0,80983,60679,10.567221133215904,9.366215936581286,18274398
