,f_samples,w_samples,rel_thr,abs_thr,sample_num
0,59445,79546,8128.3751804486465,1932.079346267016,17929839
