,f_samples,w_samples,rel_thr,abs_thr,sample_num
0,14486,60358,8.219022394617138,0.8716198986744578,9654876
