,f_samples,w_samples,rel_thr,abs_thr,sample_num
0,45965,48463,7892.783108452325,7602.097412588986,12181212
