,f_samples,w_samples,rel_thr,abs_thr,sample_num
0,87084,31639,4578.672459213787,6584.026000314736,15315267
