,f_samples,w_samples,rel_thr,abs_thr,sample_num
0,53760,24854,8.809212837343612,8.640144850002143,10141206
