,f_samples,w_samples,rel_thr,abs_thr,sample_num
0,78085,31334,33.37062032102542,95.68208804713619,14115051
