,f_samples,w_samples,rel_thr,abs_thr,sample_num
0,28777,87635,65.40463050381759,90.2681409816849,15017148
