,f_samples,w_samples,rel_thr,abs_thr,sample_num
0,21704,31983,5904.282827382867,2877.338569355555,6925623
