,f_samples,w_samples,rel_thr,abs_thr,sample_num
0,21195,22055,7.288487767929871,1.0015643369170069,5579250
