,f_samples,w_samples,rel_thr,abs_thr,sample_num
0,45971,54593,8489.974486108922,3581.149796340507,12972756
