,f_samples,w_samples,rel_thr,abs_thr,sample_num
0,25351,94604,4532.559643751022,1858.57584617257,15474195
