,f_samples,w_samples,rel_thr,abs_thr,sample_num
0,12049,45869,8.32216945364682,10.278012202394699,7471422
