,f_samples,w_samples,rel_thr,abs_thr,sample_num
0,69485,12787,8120.780916654496,7310.708688120116,10613088
