,f_samples,w_samples,rel_thr,abs_thr,sample_num
0,57503,77703,1598.1846152636977,5268.103765036828,17441574
