,f_samples,w_samples,rel_thr,abs_thr,sample_num
0,25060,54161,9.532427706476003,13.99718738448496,10219509
