,f_samples,w_samples,rel_thr,abs_thr,sample_num
0,85671,66953,27.630950169828257,42.85063109790156,19688496
