,f_samples,w_samples,rel_thr,abs_thr,sample_num
0,36226,48294,7429.229963452321,8066.006513194539,10903080
