,f_samples,w_samples,rel_thr,abs_thr,sample_num
0,28237,74877,9653.068592187645,3265.8190382860075,13301706
