,f_samples,w_samples,rel_thr,abs_thr,sample_num
0,27914,51098,669.0248301372402,6159.151689134345,10192548
