,f_samples,w_samples,rel_thr,abs_thr,sample_num
0,61669,95586,96.38350191107452,7.342055060298791,20285895
