,f_samples,w_samples,rel_thr,abs_thr,sample_num
0,15955,41554,2.6201849394324537,0.5856130549662242,7418661
