,f_samples,w_samples,rel_thr,abs_thr,sample_num
0,63972,38733,12.364186842449378,9.769335035890157,13248945
