,f_samples,w_samples,rel_thr,abs_thr,sample_num
0,47496,9712,2.282866823764575,5.331231181717309,7379832
