,f_samples,w_samples,rel_thr,abs_thr,sample_num
0,21724,40883,1943.2213843160964,5871.76320554192,8076303
