,f_samples,w_samples,rel_thr,abs_thr,sample_num
0,70831,61035,5864.796055201863,9832.878891414497,17010714
