,f_samples,w_samples,rel_thr,abs_thr,sample_num
0,86355,29589,8.11572584469599,13.085599013929501,14956776
