,f_samples,w_samples,rel_thr,abs_thr,sample_num
0,84401,45851,43.83929920692571,10.939546519894128,16802508
