,f_samples,w_samples,rel_thr,abs_thr,sample_num
0,68338,64239,3.7884525354711,10.279395373345169,17102433
