,f_samples,w_samples,rel_thr,abs_thr,sample_num
0,74488,61122,2.245212733726368,98.46737220626099,17493690
