,f_samples,w_samples,rel_thr,abs_thr,sample_num
0,66018,53103,86.63441562596708,32.37828816589828,15366609
