,f_samples,w_samples,rel_thr,abs_thr,sample_num
0,77525,88756,0.5176985252473987,7.78250549143627,21450249
