,f_samples,w_samples,rel_thr,abs_thr,sample_num
0,30475,60224,37.57197818475594,62.092666286925116,11700171
