,f_samples,w_samples,rel_thr,abs_thr,sample_num
0,75368,54766,1870.5076200972173,8473.67815197462,16787286
