,f_samples,w_samples,rel_thr,abs_thr,sample_num
0,25381,56554,-0.7554656402106588,13.158507967242766,10569615
