,f_samples,w_samples,rel_thr,abs_thr,sample_num
0,16529,78113,12.126299184442658,76.59513886774657,12208818
