,f_samples,w_samples,rel_thr,abs_thr,sample_num
0,25121,14395,2324.4857065049414,9534.25268531419,5097564
