,f_samples,w_samples,rel_thr,abs_thr,sample_num
0,26729,42363,13.3587813563345,4.9395508898986105,8912868
