,f_samples,w_samples,rel_thr,abs_thr,sample_num
0,61077,40782,56.38005035655115,72.23541182327261,13139811
