,f_samples,w_samples,rel_thr,abs_thr,sample_num
0,7942,91608,2582.320135549138,793.8811959696734,12841950
