,f_samples,w_samples,rel_thr,abs_thr,sample_num
0,24962,63461,637.8325267376947,840.7981542651211,11406567
