,f_samples,w_samples,rel_thr,abs_thr,sample_num
0,16141,94495,13.661134993997125,7.4034545193797605,14272044
