,f_samples,w_samples,rel_thr,abs_thr,sample_num
0,33445,42112,9.113364394817776,12.329444968034649,9746853
