,f_samples,w_samples,rel_thr,abs_thr,sample_num
0,44073,82551,13.477443624179669,8.773309297715247,16334496
