,f_samples,w_samples,rel_thr,abs_thr,sample_num
0,44353,77218,58.57281971923722,32.91623616227138,15682659
