,f_samples,w_samples,rel_thr,abs_thr,sample_num
0,41968,16839,3.958319186880816,12.862336286960419,7586103
