,f_samples,w_samples,rel_thr,abs_thr,sample_num
0,124667,76082,-0.5535529652221509,143698.27238032632,25896621
