,f_samples,w_samples,rel_thr,abs_thr,sample_num
0,20265,12749,38.6203627161442,94.4678971478423,4258806
