,f_samples,w_samples,rel_thr,abs_thr,sample_num
0,10910,82507,60.01174472002519,0.5644869063855085,12050793
