,f_samples,w_samples,rel_thr,abs_thr,sample_num
0,54009,13221,80.45853824682132,36.71946529555248,8672670
