,f_samples,w_samples,rel_thr,abs_thr,sample_num
0,58734,76856,8.47956603989343,4.395581578993608,17491110
