,f_samples,w_samples,rel_thr,abs_thr,sample_num
0,63409,51885,88.74385318983552,51.38243799591741,14872926
