,f_samples,w_samples,rel_thr,abs_thr,sample_num
0,41690,43357,2847.909536064013,9519.564955152047,10971063
