,f_samples,w_samples,rel_thr,abs_thr,sample_num
0,195891,188100,65.9182127070419,71.878016909012,49534839
