,f_samples,w_samples,rel_thr,abs_thr,sample_num
0,92804,8130,35.48844847596684,48.58371861352321,13020486
