,f_samples,w_samples,rel_thr,abs_thr,sample_num
0,15908,95297,6.338865170209404,4.532874610091327,14345445
