,f_samples,w_samples,rel_thr,abs_thr,sample_num
0,38031,84016,13.507596032665859,14.306192796597909,15744063
