,f_samples,w_samples,rel_thr,abs_thr,sample_num
0,45769,78306,12.118487942951083,5.527485424797694,16005675
