,f_samples,w_samples,rel_thr,abs_thr,sample_num
0,317695,436578,1.6686697300525228,178500.72579981634,97301217
