,f_samples,w_samples,rel_thr,abs_thr,sample_num
0,65905,83972,31.026895502197902,12.366726860178023,19334133
