,f_samples,w_samples,rel_thr,abs_thr,sample_num
0,30010,32045,5.719605340737468,11.93899505777441,8005095
