,f_samples,w_samples,rel_thr,abs_thr,sample_num
0,90638,59029,75.90862161784123,55.24496455736547,19307043
