,f_samples,w_samples,rel_thr,abs_thr,sample_num
0,48021,52527,-0.8669082139081752,7.0324562886752755,12970692
