,f_samples,w_samples,rel_thr,abs_thr,sample_num
0,6682,78039,1643.4261460732666,783.9918982228855,10929009
