,f_samples,w_samples,rel_thr,abs_thr,sample_num
0,32665,92330,8.88099911391845,6.07590493770035,16124355
