,f_samples,w_samples,rel_thr,abs_thr,sample_num
0,5684,67364,813.862342825929,4023.2808727608394,9423192
