,f_samples,w_samples,rel_thr,abs_thr,sample_num
0,93617,21888,6965.793500630783,4105.839497642226,14900145
