,f_samples,w_samples,rel_thr,abs_thr,sample_num
0,55409,23211,9533.437361298613,5761.83963863394,10141980
