,f_samples,w_samples,rel_thr,abs_thr,sample_num
0,13550,87819,13.288015795888404,7.190507122322638,13076601
