,f_samples,w_samples,rel_thr,abs_thr,sample_num
0,61642,10074,466.3975105118255,6938.214155678613,9251364
