,f_samples,w_samples,rel_thr,abs_thr,sample_num
0,15320,88021,5.487846847746173,10.76348458462615,13330989
