,f_samples,w_samples,rel_thr,abs_thr,sample_num
0,17268,5371,13.909900456032235,12.591238081826045,2920431
