,f_samples,w_samples,rel_thr,abs_thr,sample_num
0,81503,38427,2.974987477455411,7.144245024248773,15470970
