,f_samples,w_samples,rel_thr,abs_thr,sample_num
0,58983,83549,5.420918524941843,1.9249139797228965,18386628
