,f_samples,w_samples,rel_thr,abs_thr,sample_num
0,63806,45175,7.729741463642631,1.5472115099560941,14058549
