,f_samples,w_samples,rel_thr,abs_thr,sample_num
0,72412,8127,27.865693503012707,64.48605257465235,10389531
