,f_samples,w_samples,rel_thr,abs_thr,sample_num
0,44670,91764,9.739170833970402,0.22424692283898262,17599986
