,f_samples,w_samples,rel_thr,abs_thr,sample_num
0,8311,9954,8020.619410856629,7922.163213959568,2356185
