,f_samples,w_samples,rel_thr,abs_thr,sample_num
0,45950,72877,14.343363013886709,13.16474649629049,15328683
