,f_samples,w_samples,rel_thr,abs_thr,sample_num
0,51181,36649,0.8032567353882563,14.882294209218673,11330070
