,f_samples,w_samples,rel_thr,abs_thr,sample_num
0,17001,45540,6.8852074317641865,0.9827510878674611,8067789
