,f_samples,w_samples,rel_thr,abs_thr,sample_num
0,42037,69456,6.011267843237404,11.052916644540218,14382597
