,f_samples,w_samples,rel_thr,abs_thr,sample_num
0,81696,79436,14.390560250543183,5.044382006348899,20786028
