,f_samples,w_samples,rel_thr,abs_thr,sample_num
0,32506,49026,15.518916662864363,0.10357203776663049,10517628
