,f_samples,w_samples,rel_thr,abs_thr,sample_num
0,7509,62604,1417.9427405703034,1890.8977093153112,9044577
