,f_samples,w_samples,rel_thr,abs_thr,sample_num
0,62761,40748,5.235516812046251,14.223298233671121,13352661
