,f_samples,w_samples,rel_thr,abs_thr,sample_num
0,9145,24710,8576.886861190611,3169.000329284566,4367295
