,f_samples,w_samples,rel_thr,abs_thr,sample_num
0,18572,73878,83.24943484595534,37.42630220434619,11926050
