,f_samples,w_samples,rel_thr,abs_thr,sample_num
0,6781,44335,9.766223356692882,11.208497873490364,6593964
