,f_samples,w_samples,rel_thr,abs_thr,sample_num
0,51144,73236,9968.487164368698,1329.845848486574,16045020
