,f_samples,w_samples,rel_thr,abs_thr,sample_num
0,11255,454648,29.78706236792611,83.99531912948264,60101487
