,f_samples,w_samples,rel_thr,abs_thr,sample_num
0,18423,49682,7066.663301420522,2311.989125781071,8785545
