,f_samples,w_samples,rel_thr,abs_thr,sample_num
0,74214,37230,3.851250354680202,7.592836889735191,14376276
