,f_samples,w_samples,rel_thr,abs_thr,sample_num
0,87946,44548,3.237463015755848,25.20972391993507,17091726
