,f_samples,w_samples,rel_thr,abs_thr,sample_num
0,325307,27293,3.9470830556167815,69469.37019774648,45485400
