,f_samples,w_samples,rel_thr,abs_thr,sample_num
0,43127,38947,-0.5057315317479869,2.1495001989027838,10587546
