,f_samples,w_samples,rel_thr,abs_thr,sample_num
0,70714,86076,9803.170620464749,8501.71971369463,20225910
