,f_samples,w_samples,rel_thr,abs_thr,sample_num
0,42297,50478,5.49443582564718,10.345820371483226,11967975
