,f_samples,w_samples,rel_thr,abs_thr,sample_num
0,56399,31524,5420.77760947175,9119.698055766521,11342067
