,f_samples,w_samples,rel_thr,abs_thr,sample_num
0,30764,83867,9667.286528265076,9573.361229437298,14787399
