,f_samples,w_samples,rel_thr,abs_thr,sample_num
0,32045,28749,14.719114344996958,7.7066865732326475,7842426
