,f_samples,w_samples,rel_thr,abs_thr,sample_num
0,16263,49934,7450.753350141461,3350.7738991943993,8539413
