,f_samples,w_samples,rel_thr,abs_thr,sample_num
0,27831,94555,12.172124000190104,50.07446559153369,15787794
