,f_samples,w_samples,rel_thr,abs_thr,sample_num
0,78205,42473,8.216114508752247,10.830247330603324,15567462
