,f_samples,w_samples,rel_thr,abs_thr,sample_num
0,41179,63191,9.00212502058486,14.906676960163633,13463730
