,f_samples,w_samples,rel_thr,abs_thr,sample_num
0,41060,92427,6204.354613201613,7179.159658300038,17219823
