,f_samples,w_samples,rel_thr,abs_thr,sample_num
0,33854,88299,20.325357573609526,25.586977109462318,15757737
