,f_samples,w_samples,rel_thr,abs_thr,sample_num
0,82989,69401,90.38507092492505,18.63598854868482,19658310
