,f_samples,w_samples,rel_thr,abs_thr,sample_num
0,89006,71819,1272.6058764503912,1723.2297486705284,20746425
