,f_samples,w_samples,rel_thr,abs_thr,sample_num
0,7696,14841,-0.7747970510198119,13.821346859904393,2907273
