,f_samples,w_samples,rel_thr,abs_thr,sample_num
0,63277,75296,14.751252782509482,12.648228287608102,17875917
