,f_samples,w_samples,rel_thr,abs_thr,sample_num
0,71191,93977,8886.123933131686,9052.548225135653,21306672
