,f_samples,w_samples,rel_thr,abs_thr,sample_num
0,40008,54185,10.974748051534,6.924728459584911,12150897
