,f_samples,w_samples,rel_thr,abs_thr,sample_num
0,42620,8354,-0.8838088158848016,2.0115657129144315,6575646
