,f_samples,w_samples,rel_thr,abs_thr,sample_num
0,59419,29734,4.533275094543443,8.701704355017455,11500737
