,f_samples,w_samples,rel_thr,abs_thr,sample_num
0,415768,20261,6.891331081667429,167086.28188182123,56247741
