,f_samples,w_samples,rel_thr,abs_thr,sample_num
0,85346,21525,8524.934295252153,7265.241226982093,13786359
