,f_samples,w_samples,rel_thr,abs_thr,sample_num
0,42677,65420,24.24446350966451,38.19458744982769,13944513
