,f_samples,w_samples,rel_thr,abs_thr,sample_num
0,15012,57482,1.1769707670546978,2.7847383548590967,9351726
