,f_samples,w_samples,rel_thr,abs_thr,sample_num
0,84055,5832,9263.144974940074,8595.814136465622,11595423
