,f_samples,w_samples,rel_thr,abs_thr,sample_num
0,39370,90022,1870.1585817171588,3053.0563267398825,16691568
