,f_samples,w_samples,rel_thr,abs_thr,sample_num
0,24175,36733,2.2950397506126166,13.2925319368081,7857132
