,f_samples,w_samples,rel_thr,abs_thr,sample_num
0,52143,77308,1.7017300481779518,3.817668885300484,16699179
