,f_samples,w_samples,rel_thr,abs_thr,sample_num
0,20105,37026,5.908098480239001,61.39471043807638,7369899
