,f_samples,w_samples,rel_thr,abs_thr,sample_num
0,64911,9518,5179.665129292484,4879.024773269076,9601341
