,f_samples,w_samples,rel_thr,abs_thr,sample_num
0,8533,78766,10.935834914174666,8.043437007533472,11261571
