,f_samples,w_samples,rel_thr,abs_thr,sample_num
0,61573,28999,91.38173980665212,75.37029626857604,11683788
