,f_samples,w_samples,rel_thr,abs_thr,sample_num
0,58154,24596,9.457891025484958,3.6016468145147233,10674750
