,f_samples,w_samples,rel_thr,abs_thr,sample_num
0,21377,80054,5500.954130740528,9300.636164177724,13084599
