,f_samples,w_samples,rel_thr,abs_thr,sample_num
0,82866,88080,6637.024927726864,9654.046798733134,22052034
