,f_samples,w_samples,rel_thr,abs_thr,sample_num
0,27012,81308,9243.865509037256,6852.584281074913,13973280
