,f_samples,w_samples,rel_thr,abs_thr,sample_num
0,47432,46344,7472.665938270027,5952.165030156479,12097104
