,f_samples,w_samples,rel_thr,abs_thr,sample_num
0,9102,32987,11.942178264793906,13.778576604770704,5429481
