,f_samples,w_samples,rel_thr,abs_thr,sample_num
0,31428,92012,8700.437242044569,8648.553048661144,15923760
