,f_samples,w_samples,rel_thr,abs_thr,sample_num
0,88011,88570,94.80943423031019,40.74031156807592,22778949
