,f_samples,w_samples,rel_thr,abs_thr,sample_num
0,67863,83954,99.34356503322793,50.191050513162274,19584393
