,f_samples,w_samples,rel_thr,abs_thr,sample_num
0,53204,95711,2.159793763071276,10.390814921111534,19210035
