,f_samples,w_samples,rel_thr,abs_thr,sample_num
0,55720,24819,5974.146037705927,1037.0015662010867,10389531
