,f_samples,w_samples,rel_thr,abs_thr,sample_num
0,81528,62929,84.19573594015652,60.32226908042561,18634953
