,f_samples,w_samples,rel_thr,abs_thr,sample_num
0,83190,64342,7.338180158985301,13.095980492471394,19031628
