,f_samples,w_samples,rel_thr,abs_thr,sample_num
0,285158,479222,9.866439044853657,49676.306563086146,98605020
