,f_samples,w_samples,rel_thr,abs_thr,sample_num
0,80559,31790,52.77737860134617,19.78239010165992,14493021
