,f_samples,w_samples,rel_thr,abs_thr,sample_num
0,69162,69250,4.553698253407779,4.183922720976815,17855148
