,f_samples,w_samples,rel_thr,abs_thr,sample_num
0,5481,65584,13.856770105332401,6.032728553131617,9167385
