,f_samples,w_samples,rel_thr,abs_thr,sample_num
0,59040,9837,96.76166979009123,13.496373683175255,8885133
