,f_samples,w_samples,rel_thr,abs_thr,sample_num
0,42823,12246,8180.055318901495,2364.45337693046,7103901
