,f_samples,w_samples,rel_thr,abs_thr,sample_num
0,79250,57580,5.298003175772672,14.359291431265534,17651070
