,f_samples,w_samples,rel_thr,abs_thr,sample_num
0,93570,80951,3004.1173186875535,9165.166502604989,22513209
