,f_samples,w_samples,rel_thr,abs_thr,sample_num
0,37772,8693,480.1701764391984,4066.0535859306356,5993985
