,f_samples,w_samples,rel_thr,abs_thr,sample_num
0,19734,30878,7.749388514183165,5.188563342708558,6528948
