,f_samples,w_samples,rel_thr,abs_thr,sample_num
0,30029,43239,5570.577766583985,3019.503764171286,9451572
