,f_samples,w_samples,rel_thr,abs_thr,sample_num
0,31763,41415,81.85704594213472,42.20449749986657,9439962
