,f_samples,w_samples,rel_thr,abs_thr,sample_num
0,37088,85315,14.070035221681891,0.13416418677290098,15789987
