,f_samples,w_samples,rel_thr,abs_thr,sample_num
0,77857,60366,97.58498233247485,54.213905431764886,17830767
