,f_samples,w_samples,rel_thr,abs_thr,sample_num
0,13868,71400,6.317539851800938,4.545372236347678,10999572
