,f_samples,w_samples,rel_thr,abs_thr,sample_num
0,62340,73542,14.021404777075178,7.640800134538112,17528778
