,f_samples,w_samples,rel_thr,abs_thr,sample_num
0,61715,44163,6256.534360480384,8005.489567041609,13658262
