,f_samples,w_samples,rel_thr,abs_thr,sample_num
0,90959,27756,4879.530210920837,3373.162677951702,15314235
