,f_samples,w_samples,rel_thr,abs_thr,sample_num
0,450612,313336,9.741032970396585,34879.09143507553,98549292
