,f_samples,w_samples,rel_thr,abs_thr,sample_num
0,67305,75573,84.12875224023117,1.909360289031592,18431262
