,f_samples,w_samples,rel_thr,abs_thr,sample_num
0,14267,69403,7680.953003604516,5286.969069333466,10793430
