,f_samples,w_samples,rel_thr,abs_thr,sample_num
0,77486,40281,5.532351624519329,6.920269653374665,15191943
