,f_samples,w_samples,rel_thr,abs_thr,sample_num
0,58861,8425,3428.7352963307917,4436.72823179827,8679894
