,f_samples,w_samples,rel_thr,abs_thr,sample_num
0,19483,55773,60.877707925514684,14.318707902898165,9708024
