,f_samples,w_samples,rel_thr,abs_thr,sample_num
0,39747,55167,10.392055445734732,8.93265360332335,12243906
