,f_samples,w_samples,rel_thr,abs_thr,sample_num
0,7116,46524,5575.430002230441,4865.333809641874,6919560
