,f_samples,w_samples,rel_thr,abs_thr,sample_num
0,36906,17994,3946.015518687425,8966.852659511711,7082100
