,f_samples,w_samples,rel_thr,abs_thr,sample_num
0,27069,67096,503.30041323379953,6502.08709021475,12147285
