,f_samples,w_samples,rel_thr,abs_thr,sample_num
0,42609,25683,6282.586953747555,8810.25740191083,8809668
