,f_samples,w_samples,rel_thr,abs_thr,sample_num
0,95095,6430,13.933756749581207,13.742225253102571,13096725
