,f_samples,w_samples,rel_thr,abs_thr,sample_num
0,74418,86522,65.51389571138706,49.61090425774828,20761260
