,f_samples,w_samples,rel_thr,abs_thr,sample_num
0,34409,65912,6274.366028704378,7794.325853323073,12941409
