,f_samples,w_samples,rel_thr,abs_thr,sample_num
0,26317,36189,2053.944202619198,3219.264945827335,8063274
