,f_samples,w_samples,rel_thr,abs_thr,sample_num
0,375585,90762,11.6438388881399,163924.56338897525,60158763
