,f_samples,w_samples,rel_thr,abs_thr,sample_num
0,67837,69120,4774.37950841982,5542.793995835656,17667453
