,f_samples,w_samples,rel_thr,abs_thr,sample_num
0,63006,45907,10.657979136202082,3.402574334084063,14049777
