,f_samples,w_samples,rel_thr,abs_thr,sample_num
0,56916,50046,9384.90227089296,2636.401396260124,13798098
