,f_samples,w_samples,rel_thr,abs_thr,sample_num
0,66851,35342,6528.626474110113,5549.914151827744,13182897
