,f_samples,w_samples,rel_thr,abs_thr,sample_num
0,67598,36596,1.0804575414057904,10.191199951682531,13441026
