,f_samples,w_samples,rel_thr,abs_thr,sample_num
0,65182,48888,26.325319316965533,38.152221701146104,14715030
