,f_samples,w_samples,rel_thr,abs_thr,sample_num
0,84407,26690,11.110492523566196,8.702543933890507,14331513
