,f_samples,w_samples,rel_thr,abs_thr,sample_num
0,8494,49166,2.9080867805367756,5.141864130206874,7438140
