,f_samples,w_samples,rel_thr,abs_thr,sample_num
0,69110,19860,5.6667801802574065,2.6094222760983095,11477130
