,f_samples,w_samples,rel_thr,abs_thr,sample_num
0,77817,81780,25.975345744948868,98.29346527505126,20588013
