,f_samples,w_samples,rel_thr,abs_thr,sample_num
0,86211,52499,12.174485229196724,5.777390566395677,17893590
