,f_samples,w_samples,rel_thr,abs_thr,sample_num
0,13825,70064,5486.22440882496,4359.235402393491,10821681
