,f_samples,w_samples,rel_thr,abs_thr,sample_num
0,51540,9004,3903.471289367659,5342.11442826651,7810176
