,f_samples,w_samples,rel_thr,abs_thr,sample_num
0,50166,39537,3017.1267956717015,1342.5874534817472,11571687
