,f_samples,w_samples,rel_thr,abs_thr,sample_num
0,24375,51335,1715.2639850593716,882.8416941244543,9766590
