,f_samples,w_samples,rel_thr,abs_thr,sample_num
0,57064,12741,3.1848172089029223,2.251966544021038,9004845
