,f_samples,w_samples,rel_thr,abs_thr,sample_num
0,11975,90709,2129.3920664165203,6498.689865654902,13246236
