,f_samples,w_samples,rel_thr,abs_thr,sample_num
0,83068,27375,10.011882968390157,6.414322491904429,14247147
