,f_samples,w_samples,rel_thr,abs_thr,sample_num
0,172468,357691,0.806212983106402,112188.39368658389,68390511
