,f_samples,w_samples,rel_thr,abs_thr,sample_num
0,44278,14234,7.2668946745159335,31.466072787534717,7548048
