,f_samples,w_samples,rel_thr,abs_thr,sample_num
0,23329,38933,3102.3053074083805,5441.654699778685,8031798
