,f_samples,w_samples,rel_thr,abs_thr,sample_num
0,41919,50377,1474.1882588859703,8540.414110263313,11906184
