,f_samples,w_samples,rel_thr,abs_thr,sample_num
0,41918,54025,934.6547856920432,1147.1750079916453,12376647
