,f_samples,w_samples,rel_thr,abs_thr,sample_num
0,89095,54733,2.3004438259663544,6.869532097322264,18553812
