,f_samples,w_samples,rel_thr,abs_thr,sample_num
0,82518,5461,71.47635407228725,57.30283602233484,11349291
