,f_samples,w_samples,rel_thr,abs_thr,sample_num
0,5417,62092,6.019087250650772,4.751931371490344,8708661
