,f_samples,w_samples,rel_thr,abs_thr,sample_num
0,13587,85760,-0.27334975016495733,5.300575354403844,12815763
