,f_samples,w_samples,rel_thr,abs_thr,sample_num
0,17843,89997,5.768290114789728,10.412461465988677,13911360
