,f_samples,w_samples,rel_thr,abs_thr,sample_num
0,5932,66545,0.6970119862174791,5.9942706100425385,9349533
