,f_samples,w_samples,rel_thr,abs_thr,sample_num
0,63623,91422,-0.8542010421628401,13.063846744064703,20000805
