,f_samples,w_samples,rel_thr,abs_thr,sample_num
0,92444,63654,8.827579307535878,13.570733674922675,20136642
