,f_samples,w_samples,rel_thr,abs_thr,sample_num
0,62844,39720,0.7824141718311814,9.627327312647143,13230756
