,f_samples,w_samples,rel_thr,abs_thr,sample_num
0,45726,43951,19.615336035067397,9.873533983575422,11568333
