,f_samples,w_samples,rel_thr,abs_thr,sample_num
0,95697,13835,7.04037304156742,92.45884466291862,14129628
