,f_samples,w_samples,rel_thr,abs_thr,sample_num
0,416953,96713,8.10617963103695,26363.23111979415,66262914
