,f_samples,w_samples,rel_thr,abs_thr,sample_num
0,57104,20841,78.80478929669255,62.58342516322366,10054905
