,f_samples,w_samples,rel_thr,abs_thr,sample_num
0,94389,59181,3.7323375535875023,13.491641415666301,19810530
