,f_samples,w_samples,rel_thr,abs_thr,sample_num
0,63778,33264,62.94593520135864,64.4365284838355,12518418
