,f_samples,w_samples,rel_thr,abs_thr,sample_num
0,58390,35978,48.82134493375282,63.60558515120772,12173472
