,f_samples,w_samples,rel_thr,abs_thr,sample_num
0,49253,79082,12.501571154403457,6.080436533817119,16555215
