,f_samples,w_samples,rel_thr,abs_thr,sample_num
0,35667,37453,2.1540235946952926,1.9390753659848792,9432480
