,f_samples,w_samples,rel_thr,abs_thr,sample_num
0,34190,66482,4.143066451548625,1.8219185559393885,12986688
