,f_samples,w_samples,rel_thr,abs_thr,sample_num
0,37646,56038,14.69815827935341,13.240414777483473,12085236
