,f_samples,w_samples,rel_thr,abs_thr,sample_num
0,161334,426718,1.9390824494936076,86174.48748489571,75858708
