,f_samples,w_samples,rel_thr,abs_thr,sample_num
0,40508,90754,7.508489678855444,0.9492946499946336,16932798
