,f_samples,w_samples,rel_thr,abs_thr,sample_num
0,74107,17346,3931.795105530554,7587.316603327074,11797437
