,f_samples,w_samples,rel_thr,abs_thr,sample_num
0,87959,93737,2.3367888870396367,11.030856147705022,23438784
