,f_samples,w_samples,rel_thr,abs_thr,sample_num
0,167914,452307,14.843143760609458,97750.44316644635,80008509
