,f_samples,w_samples,rel_thr,abs_thr,sample_num
0,74381,90836,86.95561975464176,54.8723906147718,21312993
