,f_samples,w_samples,rel_thr,abs_thr,sample_num
0,27133,26513,-0.5288116258417084,11.66298930991006,6920334
