,f_samples,w_samples,rel_thr,abs_thr,sample_num
0,87572,39918,19.082576451509546,32.658781618605644,16446210
