,f_samples,w_samples,rel_thr,abs_thr,sample_num
0,6595,23860,751.844674345552,7409.300901916579,3928695
