,f_samples,w_samples,rel_thr,abs_thr,sample_num
0,14388,36197,2618.6250581931545,1029.1525818658276,6525465
