,f_samples,w_samples,rel_thr,abs_thr,sample_num
0,91252,62869,6792.332678308552,477.21014998375665,19881609
