,f_samples,w_samples,rel_thr,abs_thr,sample_num
0,25405,76464,3.682597197214731,12.751147488637484,13141101
