,f_samples,w_samples,rel_thr,abs_thr,sample_num
0,8717,41069,6826.98511721877,7739.458632384487,6422394
