,f_samples,w_samples,rel_thr,abs_thr,sample_num
0,16092,27028,4786.979356427467,3249.139988374794,5562480
