,f_samples,w_samples,rel_thr,abs_thr,sample_num
0,69348,88879,14.019800939752496,14.366742113089385,20411283
