,f_samples,w_samples,rel_thr,abs_thr,sample_num
0,75254,64431,6948.201724067085,7361.019923422497,18019365
