,f_samples,w_samples,rel_thr,abs_thr,sample_num
0,65633,95812,6.134644420063234,12.117272325820917,20826405
