,f_samples,w_samples,rel_thr,abs_thr,sample_num
0,69069,23227,1.8950368760341263,1.7918006587315105,11906184
