,f_samples,w_samples,rel_thr,abs_thr,sample_num
0,56329,5321,6319.662857971979,3953.960324423215,7952850
