,f_samples,w_samples,rel_thr,abs_thr,sample_num
0,50903,95102,3153.7871538967,3664.4729112361097,18834645
