,f_samples,w_samples,rel_thr,abs_thr,sample_num
0,93504,57381,9571.346581183374,4102.563144900025,19464165
