,f_samples,w_samples,rel_thr,abs_thr,sample_num
0,60849,34083,8454.112037786328,9394.57610798313,12246228
