,f_samples,w_samples,rel_thr,abs_thr,sample_num
0,8416,53030,3.048520444948137,162982.9401642915,7926534
