,f_samples,w_samples,rel_thr,abs_thr,sample_num
0,26910,8863,13.41953429045577,14.916490219789065,4614717
