,f_samples,w_samples,rel_thr,abs_thr,sample_num
0,75714,46395,1.0969982757506767,2.113796128744341,15752061
