,f_samples,w_samples,rel_thr,abs_thr,sample_num
0,46701,84523,3253.157181932029,6867.657226044178,16927896
