,f_samples,w_samples,rel_thr,abs_thr,sample_num
0,63401,54380,36.67456230407467,36.8181920552085,15193749
