,f_samples,w_samples,rel_thr,abs_thr,sample_num
0,8349,62927,6836.352643874364,701.4125144209826,9194604
