,f_samples,w_samples,rel_thr,abs_thr,sample_num
0,39870,63149,9180.030429676548,169.19440664697083,13289451
