,f_samples,w_samples,rel_thr,abs_thr,sample_num
0,94577,93775,79.94730348048284,83.11079519045985,24297408
