,f_samples,w_samples,rel_thr,abs_thr,sample_num
0,90714,31196,3971.5982347730287,2512.889344086909,15726390
