,f_samples,w_samples,rel_thr,abs_thr,sample_num
0,40059,19760,78.62525101246337,84.38729848058203,7716651
