,f_samples,w_samples,rel_thr,abs_thr,sample_num
0,70034,89834,30.290726483170577,43.06083702068953,20622972
