,f_samples,w_samples,rel_thr,abs_thr,sample_num
0,477762,388274,8.365227930945503,13097.65427586822,111718644
