,f_samples,w_samples,rel_thr,abs_thr,sample_num
0,64324,39110,10.984041389002481,5.501829799548046,13342986
