,f_samples,w_samples,rel_thr,abs_thr,sample_num
0,123047,224891,5.695223825017985,29536.920259454335,44884002
