,f_samples,w_samples,rel_thr,abs_thr,sample_num
0,60147,42343,8070.887525161808,6336.849196807496,13221210
