,f_samples,w_samples,rel_thr,abs_thr,sample_num
0,10324,20417,5.820153588341027,9.599846043289157,3965589
