,f_samples,w_samples,rel_thr,abs_thr,sample_num
0,77533,26078,-0.01956089451538945,52.75120881196283,13365819
