,f_samples,w_samples,rel_thr,abs_thr,sample_num
0,68892,74888,6657.556586926251,1552.9268171212107,18547620
