,f_samples,w_samples,rel_thr,abs_thr,sample_num
0,22676,11965,4173.775483962572,82.22624425550885,4468689
