,f_samples,w_samples,rel_thr,abs_thr,sample_num
0,90917,95947,18.04118886824764,67.84289924468887,24105456
