,f_samples,w_samples,rel_thr,abs_thr,sample_num
0,77692,60103,1.3094694859462663,1.3648919273387978,17775555
