,f_samples,w_samples,rel_thr,abs_thr,sample_num
0,54469,55467,2.9443344468200507,5.730039352796548,14181744
