,f_samples,w_samples,rel_thr,abs_thr,sample_num
0,88568,23638,0.673152935418674,2.2220661550010954,14474574
