,f_samples,w_samples,rel_thr,abs_thr,sample_num
0,36966,17930,14.917192715323337,4.677974313427122,7081584
