,f_samples,w_samples,rel_thr,abs_thr,sample_num
0,82027,8228,3444.4373519687124,3794.0282509240888,11642895
