,f_samples,w_samples,rel_thr,abs_thr,sample_num
0,60786,55925,9.9622268844018,42.23791272272478,15055719
