,f_samples,w_samples,rel_thr,abs_thr,sample_num
0,58227,43921,3.512700282555347,54.1729560535114,13177092
