,f_samples,w_samples,rel_thr,abs_thr,sample_num
0,33260,72024,10.794243534167704,6.938103002474167,13581636
