,f_samples,w_samples,rel_thr,abs_thr,sample_num
0,42463,62740,17.334352702018343,18.440848188710046,13571187
