,f_samples,w_samples,rel_thr,abs_thr,sample_num
0,58466,62775,12.628340952896506,33.811442094134335,15640089
