,f_samples,w_samples,rel_thr,abs_thr,sample_num
0,59545,21357,60.66561367266786,91.16093474898302,10436358
