,f_samples,w_samples,rel_thr,abs_thr,sample_num
0,232764,85342,6.153661188248266,31914.49082392106,41035674
