,f_samples,w_samples,rel_thr,abs_thr,sample_num
0,82160,95843,12.190464435373615,9.656199987943927,22962387
