,f_samples,w_samples,rel_thr,abs_thr,sample_num
0,92782,27717,5.824177226731239,68.91956233021472,15544371
