,f_samples,w_samples,rel_thr,abs_thr,sample_num
0,48932,61176,10.635550104645487,14.276072961297334,14203932
