,f_samples,w_samples,rel_thr,abs_thr,sample_num
0,19462,59015,198.18106054382466,8760.83440502471,10123533
