,f_samples,w_samples,rel_thr,abs_thr,sample_num
0,89915,35895,64.18240755526374,0.9902880658924973,16229490
