,f_samples,w_samples,rel_thr,abs_thr,sample_num
0,82336,14510,14.960954907964604,12.53933212663234,12493134
