,f_samples,w_samples,rel_thr,abs_thr,sample_num
0,49210,405784,9.06647599384792,45634.76390807533,58694226
