,f_samples,w_samples,rel_thr,abs_thr,sample_num
0,86628,61671,8153.404588797855,6264.548047008611,19130571
