,f_samples,w_samples,rel_thr,abs_thr,sample_num
0,48601,19784,13.760549249161471,13.391442663893615,8821665
