,f_samples,w_samples,rel_thr,abs_thr,sample_num
0,67821,62591,6.716863869512137,10.207352752833692,16823148
