,f_samples,w_samples,rel_thr,abs_thr,sample_num
0,19288,94201,3112.6219916277464,9.200591616069786,14640081
