,f_samples,w_samples,rel_thr,abs_thr,sample_num
0,85093,17048,60.382517707370596,5.723748420660446,13176189
