,f_samples,w_samples,rel_thr,abs_thr,sample_num
0,34359,64028,2.195173050704371,4.793077147907248,12691923
