,f_samples,w_samples,rel_thr,abs_thr,sample_num
0,51465,60791,2.445279540089894,13.09713793827181,14481024
