,f_samples,w_samples,rel_thr,abs_thr,sample_num
0,64949,74115,2.234559156042085,11.07145978655265,17939256
