,f_samples,w_samples,rel_thr,abs_thr,sample_num
0,80923,62136,10.532658685598307,11.581420261035715,18454611
