,f_samples,w_samples,rel_thr,abs_thr,sample_num
0,29963,53637,-0.5166097896295732,12.415707666415226,10784400
