,f_samples,w_samples,rel_thr,abs_thr,sample_num
0,33172,18798,3.193877046065449,9.477029920812997,6704130
