,f_samples,w_samples,rel_thr,abs_thr,sample_num
0,21130,63830,6074.416509103032,3721.715118350859,10959840
