,f_samples,w_samples,rel_thr,abs_thr,sample_num
0,79485,95770,6.015026480167673,7.5587788587327305,22607895
