,f_samples,w_samples,rel_thr,abs_thr,sample_num
0,40126,5143,5024.8804821782,5153.396890340986,5839701
