,f_samples,w_samples,rel_thr,abs_thr,sample_num
0,7165,5773,74.42300423941892,23.52048578207613,1669002
