,f_samples,w_samples,rel_thr,abs_thr,sample_num
0,31297,45431,7.678303231172805,7.177254068310486,9897912
