,f_samples,w_samples,rel_thr,abs_thr,sample_num
0,93299,13520,2.9113812918379507,18.12295719075525,13779651
