,f_samples,w_samples,rel_thr,abs_thr,sample_num
0,33163,26135,233.27674717926797,7432.658939806101,7649442
