,f_samples,w_samples,rel_thr,abs_thr,sample_num
0,52423,46634,9.80504871573218,8.989539178190341,12778353
