,f_samples,w_samples,rel_thr,abs_thr,sample_num
0,47573,84275,4536.966310507726,3746.598081773822,17008392
