,f_samples,w_samples,rel_thr,abs_thr,sample_num
0,95861,59222,92.6739476155933,71.26135844231584,20005707
