,f_samples,w_samples,rel_thr,abs_thr,sample_num
0,66041,9613,12.472657075860278,1.0984282725364969,9759366
