,f_samples,w_samples,rel_thr,abs_thr,sample_num
0,44636,89548,5357.191500589433,5019.13662434944,17309736
