,f_samples,w_samples,rel_thr,abs_thr,sample_num
0,88617,31471,5.391141594217313,6.235294915514134,15491352
