,f_samples,w_samples,rel_thr,abs_thr,sample_num
0,70489,77126,9150.12500729497,163.83631197208535,19042335
