,f_samples,w_samples,rel_thr,abs_thr,sample_num
0,5292,19608,4169.285726482012,8317.518027403594,3212100
