,f_samples,w_samples,rel_thr,abs_thr,sample_num
0,83835,20606,4.687705110123025,4.718156190018446,13472889
