,f_samples,w_samples,rel_thr,abs_thr,sample_num
0,87397,66440,4512.783046486447,4512.802864210641,19844973
