,f_samples,w_samples,rel_thr,abs_thr,sample_num
0,71823,71437,3.4904103555534984,7.420718590688049,18480540
