,f_samples,w_samples,rel_thr,abs_thr,sample_num
0,6875,66462,9420.862721414771,8563.090732091237,9460473
