,f_samples,w_samples,rel_thr,abs_thr,sample_num
0,47645,90862,1072.6228730830965,438.1721428099361,17867403
