,f_samples,w_samples,rel_thr,abs_thr,sample_num
0,77987,27274,7.124888245267668,2.301990355632805,13578669
