,f_samples,w_samples,rel_thr,abs_thr,sample_num
0,86151,41475,8477.025550897199,5354.594989191293,16463754
