,f_samples,w_samples,rel_thr,abs_thr,sample_num
0,30324,7109,1955.7792984837886,784.933568726851,4828857
