,f_samples,w_samples,rel_thr,abs_thr,sample_num
0,73761,57602,7.94108323475607,6.797289765335349,16945827
