,f_samples,w_samples,rel_thr,abs_thr,sample_num
0,74941,16383,1.5215866164380518,0.9089727499353084,11780796
