,f_samples,w_samples,rel_thr,abs_thr,sample_num
0,41918,19400,77.04629642993389,86.00104935568271,7910022
