,f_samples,w_samples,rel_thr,abs_thr,sample_num
0,44778,14049,10.605879135278318,7.8477752083723695,7588683
