,f_samples,w_samples,rel_thr,abs_thr,sample_num
0,89506,87350,6.680502713195274,11.312165510563304,22814424
