,f_samples,w_samples,rel_thr,abs_thr,sample_num
0,13903,51967,3238.0526091367497,5625.796586898095,8497230
