,f_samples,w_samples,rel_thr,abs_thr,sample_num
0,61983,33746,11.526560851161875,4.2521843701735165,12349041
