,f_samples,w_samples,rel_thr,abs_thr,sample_num
0,7360,7099,9940.177603820008,2627.933915570064,1865211
