,f_samples,w_samples,rel_thr,abs_thr,sample_num
0,78774,53069,12.67597941987626,11.422249928218996,17007747
