,f_samples,w_samples,rel_thr,abs_thr,sample_num
0,54100,23305,10.487053292372604,14.255248845909296,9985245
