,f_samples,w_samples,rel_thr,abs_thr,sample_num
0,24024,7454,97.49219972223663,94.75837955478299,4060662
