,f_samples,w_samples,rel_thr,abs_thr,sample_num
0,62419,17858,7.811614660594476,13.733183982843897,10355733
