,f_samples,w_samples,rel_thr,abs_thr,sample_num
0,39081,93948,8850.320754597295,7859.068103055904,17160741
