,f_samples,w_samples,rel_thr,abs_thr,sample_num
0,49256,18793,65.14840561749085,15.834398373995873,8778321
