,f_samples,w_samples,rel_thr,abs_thr,sample_num
0,57558,45084,4334.753390567931,1743.2869344090295,13240818
