,f_samples,w_samples,rel_thr,abs_thr,sample_num
0,31969,43538,19.52620789285778,80.46931148522728,9740403
