,f_samples,w_samples,rel_thr,abs_thr,sample_num
0,63338,62909,9115.030311971228,9694.334559604073,16285863
