,f_samples,w_samples,rel_thr,abs_thr,sample_num
0,67552,40747,1895.2735299162912,7359.858733252079,13970571
