,f_samples,w_samples,rel_thr,abs_thr,sample_num
0,94528,40282,4190.558424552795,1849.1835644406794,17390490
