,f_samples,w_samples,rel_thr,abs_thr,sample_num
0,23625,42003,8362.305521120255,9724.417863177403,8466012
