,f_samples,w_samples,rel_thr,abs_thr,sample_num
0,20750,48020,88.96884770439341,48.848085892385996,8871330
