,f_samples,w_samples,rel_thr,abs_thr,sample_num
0,39040,12376,7.303250333671503,6.150768692171152,6632664
