,f_samples,w_samples,rel_thr,abs_thr,sample_num
0,22833,25535,2813.359116659932,3785.100005121056,6239472
