,f_samples,w_samples,rel_thr,abs_thr,sample_num
0,27214,27396,4.5658214396609615,9.576732805803804,7044690
