,f_samples,w_samples,rel_thr,abs_thr,sample_num
0,36265,59055,9.241440224153367,178187.06418600847,12296280
