,f_samples,w_samples,rel_thr,abs_thr,sample_num
0,30001,59950,7506.903971266491,8596.454725147283,11603679
