,f_samples,w_samples,rel_thr,abs_thr,sample_num
0,55841,94254,1.363367110727113,1.1658656270261485,19362255
