,f_samples,w_samples,rel_thr,abs_thr,sample_num
0,11649,52365,9.489315365935504,12.755869130755414,8257806
