,f_samples,w_samples,rel_thr,abs_thr,sample_num
0,82401,77650,5020.411067059022,5314.309185909627,20646579
