,f_samples,w_samples,rel_thr,abs_thr,sample_num
0,29790,71417,8991.95539922627,9317.315933651129,13055703
