,f_samples,w_samples,rel_thr,abs_thr,sample_num
0,13159,74961,710.3907273301656,9947.18208202463,11367480
