,f_samples,w_samples,rel_thr,abs_thr,sample_num
0,65626,8608,2588.6633744093083,5375.787692227265,9576186
