,f_samples,w_samples,rel_thr,abs_thr,sample_num
0,28394,71238,5.149585562121368,8.118765272679951,12852528
