,f_samples,w_samples,rel_thr,abs_thr,sample_num
0,43711,92153,3.366384741115823,3.9190505200513654,17526456
