,f_samples,w_samples,rel_thr,abs_thr,sample_num
0,86197,66689,7205.967754692736,2588.8537155192803,19722294
