,f_samples,w_samples,rel_thr,abs_thr,sample_num
0,85971,71571,3172.9116925602084,3172.9514502689635,20322918
