,f_samples,w_samples,rel_thr,abs_thr,sample_num
0,30652,31744,3141.83060489406,2698.173825015527,8049084
