,f_samples,w_samples,rel_thr,abs_thr,sample_num
0,16626,49052,12.246376894216008,3.654906101440281,8472462
