,f_samples,w_samples,rel_thr,abs_thr,sample_num
0,67920,63217,80.79197985318679,23.53889030584074,16916673
