,f_samples,w_samples,rel_thr,abs_thr,sample_num
0,22788,73868,55.59914767955571,10.301704709595638,12468624
