,f_samples,w_samples,rel_thr,abs_thr,sample_num
0,65832,54996,0.7597985754371077,2.6074007330338924,15586812
