,f_samples,w_samples,rel_thr,abs_thr,sample_num
0,88342,77509,11.359781841861588,9.536582465537688,21394779
