,f_samples,w_samples,rel_thr,abs_thr,sample_num
0,38917,38366,55.19807972943773,66.5818731765104,9969507
