,f_samples,w_samples,rel_thr,abs_thr,sample_num
0,89250,88274,36.26659071147601,21.226557747554974,22900596
