,f_samples,w_samples,rel_thr,abs_thr,sample_num
0,11304,11933,7335.1596015840605,638.4925197721036,2997573
