,f_samples,w_samples,rel_thr,abs_thr,sample_num
0,78113,27113,-0.49444638097794424,6.594358943088522,13574154
