,f_samples,w_samples,rel_thr,abs_thr,sample_num
0,14085,85000,4587.275036888713,894.7237654781915,12781965
