,f_samples,w_samples,rel_thr,abs_thr,sample_num
0,41292,29677,33.38480432770823,19.159200335341396,9155001
