,f_samples,w_samples,rel_thr,abs_thr,sample_num
0,90821,49898,10.593944496499352,7.099496377955926,18152751
