,f_samples,w_samples,rel_thr,abs_thr,sample_num
0,70361,19671,0.06460155652943556,13.46951070369856,11614128
