,f_samples,w_samples,rel_thr,abs_thr,sample_num
0,45219,62442,5.69198534273969,13.644302951558059,13888269
