,f_samples,w_samples,rel_thr,abs_thr,sample_num
0,82715,6827,4.301500625659106,2.7185782331030413,11550918
