,f_samples,w_samples,rel_thr,abs_thr,sample_num
0,52332,31367,15.232749957410189,65.6535411481103,10797171
