,f_samples,w_samples,rel_thr,abs_thr,sample_num
0,85770,82680,3.062584944845323,0.7982548779909998,21730050
