,f_samples,w_samples,rel_thr,abs_thr,sample_num
0,71369,31597,8.010197713299878,7.664730079809568,13282614
