,f_samples,w_samples,rel_thr,abs_thr,sample_num
0,396730,140459,13.820153879713665,196934.38770326707,69297381
