,f_samples,w_samples,rel_thr,abs_thr,sample_num
0,20196,67605,7416.535177930326,2811.7950388203826,11326329
