,f_samples,w_samples,rel_thr,abs_thr,sample_num
0,15635,73015,4722.022997502919,3222.8126615325227,11435850
