,f_samples,w_samples,rel_thr,abs_thr,sample_num
0,324320,100528,2.431351643887675,118978.52424416767,54805392
