,f_samples,w_samples,rel_thr,abs_thr,sample_num
0,46882,74349,1.4326809561038516,7.3042253972832345,15638799
