,f_samples,w_samples,rel_thr,abs_thr,sample_num
0,65881,69540,71.41300204963223,98.26617252541634,17469309
