,f_samples,w_samples,rel_thr,abs_thr,sample_num
0,71787,40773,85.20733180764837,53.35687658271537,14520240
