,f_samples,w_samples,rel_thr,abs_thr,sample_num
0,53225,5789,12.518217015318076,13.642552486181339,7612806
