,f_samples,w_samples,rel_thr,abs_thr,sample_num
0,82137,31183,3791.8125918210358,2517.6084186284397,14618280
