,f_samples,w_samples,rel_thr,abs_thr,sample_num
0,81599,77307,55.70090440961061,80.10249517520339,20498874
