,f_samples,w_samples,rel_thr,abs_thr,sample_num
0,22281,28441,13.153830256009496,1.710624737891389,6543138
