,f_samples,w_samples,rel_thr,abs_thr,sample_num
0,11409,34651,80.78868819869756,2.6361596755213546,5941740
