,f_samples,w_samples,rel_thr,abs_thr,sample_num
0,12136,42899,7500.332433521425,5619.382692972878,7099515
