,f_samples,w_samples,rel_thr,abs_thr,sample_num
0,79986,69627,6386.71818254507,5575.63725564412,19300077
