,f_samples,w_samples,rel_thr,abs_thr,sample_num
0,95401,53995,9336.52265819407,3377.3415940537866,19272084
