,f_samples,w_samples,rel_thr,abs_thr,sample_num
0,66851,74907,1.2679167603254773,20.892877258194808,18286782
