,f_samples,w_samples,rel_thr,abs_thr,sample_num
0,57795,27073,10.44057682793528,6.536334158235567,10947972
