,f_samples,w_samples,rel_thr,abs_thr,sample_num
0,19448,31821,868.0841937336105,2638.4766559878526,6613701
