,f_samples,w_samples,rel_thr,abs_thr,sample_num
0,16780,57210,0.8277657668430844,14.952864094846595,9544710
