,f_samples,w_samples,rel_thr,abs_thr,sample_num
0,17565,30376,5602.464527387844,1846.7597780345645,6184389
