,f_samples,w_samples,rel_thr,abs_thr,sample_num
0,73085,37677,7599.485836139536,3254.5153935370463,14288298
