,f_samples,w_samples,rel_thr,abs_thr,sample_num
0,29133,79309,4429.0717214602955,796.8271571549457,13989018
