,f_samples,w_samples,rel_thr,abs_thr,sample_num
0,69223,54898,3731.9483967211345,3451.921425790341,16011609
