,f_samples,w_samples,rel_thr,abs_thr,sample_num
0,73782,54793,89.21825792239386,84.71784242850148,16586175
