,f_samples,w_samples,rel_thr,abs_thr,sample_num
0,42834,37303,7299.932456680659,3452.7823782632204,10337673
