,f_samples,w_samples,rel_thr,abs_thr,sample_num
0,68866,76942,8797.312213022706,1508.0930387620294,18809232
