,f_samples,w_samples,rel_thr,abs_thr,sample_num
0,304555,47992,0.6115253727681349,51974.30533718526,45478563
