,f_samples,w_samples,rel_thr,abs_thr,sample_num
0,41906,62148,6272.934499728105,2204.1494364656455,13422966
