,f_samples,w_samples,rel_thr,abs_thr,sample_num
0,31760,61569,64.43041861395122,14.140125179396602,12039441
