,f_samples,w_samples,rel_thr,abs_thr,sample_num
0,23814,359298,31.88495126287623,45.32174828918032,49421448
