,f_samples,w_samples,rel_thr,abs_thr,sample_num
0,42417,94118,96.99670999031427,10.863888898869023,17613015
