,f_samples,w_samples,rel_thr,abs_thr,sample_num
0,45147,33453,9700.110383762729,3969.155049857048,10139400
