,f_samples,w_samples,rel_thr,abs_thr,sample_num
0,13110,11041,20.714983695942497,63.58117210171517,3115479
