,f_samples,w_samples,rel_thr,abs_thr,sample_num
0,78708,73381,4507.2926969707105,3951.362392222354,19619481
