,f_samples,w_samples,rel_thr,abs_thr,sample_num
0,49189,28136,14.676275916650296,4.951106473018939,9974925
