,f_samples,w_samples,rel_thr,abs_thr,sample_num
0,14600,54466,12.294418231911793,5.590959324721468,8909514
