,f_samples,w_samples,rel_thr,abs_thr,sample_num
0,72943,64473,11.936959215737494,14.26216579228321,17726664
