,f_samples,w_samples,rel_thr,abs_thr,sample_num
0,88729,10648,9057.263637370987,7.945498954566865,12819633
