,f_samples,w_samples,rel_thr,abs_thr,sample_num
0,90802,8783,13.524592161880298,7.609755328968909,12846465
