,f_samples,w_samples,rel_thr,abs_thr,sample_num
0,31229,67669,916.3998410342962,9006.004217898131,12757842
