,f_samples,w_samples,rel_thr,abs_thr,sample_num
0,34187,35317,5.843403442395351,13.072840620098582,8966016
