,f_samples,w_samples,rel_thr,abs_thr,sample_num
0,68795,31199,2.099378018489956,10.874786943615522,12899226
