,f_samples,w_samples,rel_thr,abs_thr,sample_num
0,29285,21063,192.089835676911,7366.535104615323,6494892
