,f_samples,w_samples,rel_thr,abs_thr,sample_num
0,14444,17508,24.517582357927772,17.206621861849104,4121808
