,f_samples,w_samples,rel_thr,abs_thr,sample_num
0,34284,86888,1241.160047157611,8609.206183223778,15631188
