,f_samples,w_samples,rel_thr,abs_thr,sample_num
0,60375,43295,14.220489007949135,13.930178252013835,13373430
