,f_samples,w_samples,rel_thr,abs_thr,sample_num
0,79051,39079,5390.89467806871,1943.880960551444,15238770
