,f_samples,w_samples,rel_thr,abs_thr,sample_num
0,86802,58687,1441.064786815451,6126.796769502171,18768081
