,f_samples,w_samples,rel_thr,abs_thr,sample_num
0,29668,88816,79.80817308088167,46.64098259501055,15284436
