,f_samples,w_samples,rel_thr,abs_thr,sample_num
0,10181,67885,7.324104298437778,10.444046883532273,10070514
