,f_samples,w_samples,rel_thr,abs_thr,sample_num
0,73660,95952,3118.5532208303202,2336.3802104177157,21879948
