,f_samples,w_samples,rel_thr,abs_thr,sample_num
0,76215,34262,1950.2779263074303,5421.6488909921545,14251533
