,f_samples,w_samples,rel_thr,abs_thr,sample_num
0,42102,88391,35.91575683125286,42.85897931334428,16833597
