,f_samples,w_samples,rel_thr,abs_thr,sample_num
0,88550,8096,69.35577799892141,83.07386352048154,12467334
