,f_samples,w_samples,rel_thr,abs_thr,sample_num
0,25488,87643,9.811719098920097,9.715115819926284,14593899
