,f_samples,w_samples,rel_thr,abs_thr,sample_num
0,42366,40163,1065.3263174018255,8417.425186772216,10646241
