,f_samples,w_samples,rel_thr,abs_thr,sample_num
0,39099,50348,6123.237726364147,5126.280140311577,11538663
