,f_samples,w_samples,rel_thr,abs_thr,sample_num
0,78253,43422,11.069301573732627,92.50164175245791,15696075
