,f_samples,w_samples,rel_thr,abs_thr,sample_num
0,60572,82548,6365.058265088457,3886.283351024544,18462480
