,f_samples,w_samples,rel_thr,abs_thr,sample_num
0,55845,36081,63.00273751375944,57.68548077591322,11858454
