,f_samples,w_samples,rel_thr,abs_thr,sample_num
0,90534,21592,45.31870474010885,70.43779497920337,14464254
