,f_samples,w_samples,rel_thr,abs_thr,sample_num
0,9703,63251,12.418105109530151,5.246254247908988,9411066
