,f_samples,w_samples,rel_thr,abs_thr,sample_num
0,92738,37998,726.7549287452468,4027.9930390968134,16864944
