,f_samples,w_samples,rel_thr,abs_thr,sample_num
0,24809,12562,7.840833362819035,6.958673597355021,4820859
