,f_samples,w_samples,rel_thr,abs_thr,sample_num
0,28157,10023,1490.1198153991706,1203.0779603615415,4925220
