,f_samples,w_samples,rel_thr,abs_thr,sample_num
0,51999,56060,9001.637210676598,2991.7428883817743,13939611
