,f_samples,w_samples,rel_thr,abs_thr,sample_num
0,86857,31943,59.79698173462534,8.847426258264434,15325200
