,f_samples,w_samples,rel_thr,abs_thr,sample_num
0,60057,66933,9695.639298674783,7113.6934911666,16381710
