,f_samples,w_samples,rel_thr,abs_thr,sample_num
0,29469,92181,2427.56799357983,1771.5804251532475,15692850
