,f_samples,w_samples,rel_thr,abs_thr,sample_num
0,47040,34667,4886.539806113088,7811.813169457529,10540203
