,f_samples,w_samples,rel_thr,abs_thr,sample_num
0,92828,15510,0.7169862938560048,8.04920778297863,13975602
