,f_samples,w_samples,rel_thr,abs_thr,sample_num
0,74500,39224,5319.052421085655,2199.350157296923,14670396
