,f_samples,w_samples,rel_thr,abs_thr,sample_num
0,46594,27899,9.082810623206823,0.8143727433822184,9609597
