,f_samples,w_samples,rel_thr,abs_thr,sample_num
0,12154,47538,1.648672663396514,8.786642254240824,7700268
