,f_samples,w_samples,rel_thr,abs_thr,sample_num
0,41955,57785,90.74131473814012,93.23546200438435,12866460
