,f_samples,w_samples,rel_thr,abs_thr,sample_num
0,13783,30499,12.047883312906748,0.15108767864089268,5712378
