,f_samples,w_samples,rel_thr,abs_thr,sample_num
0,93184,81518,47.96211497157325,78.38071594001455,22536558
