,f_samples,w_samples,rel_thr,abs_thr,sample_num
0,60393,41197,81.81374455608143,19.47695631952282,13105110
