,f_samples,w_samples,rel_thr,abs_thr,sample_num
0,46453,80926,8.427983493996766,12.467161823843897,16431891
