,f_samples,w_samples,rel_thr,abs_thr,sample_num
0,75232,5355,1829.4965535870067,9610.220670743913,10395723
