,f_samples,w_samples,rel_thr,abs_thr,sample_num
0,20562,47206,2051.149531295777,5151.913657741422,8742072
