,f_samples,w_samples,rel_thr,abs_thr,sample_num
0,36227,95969,4921.361557764503,80.52687776312628,17053284
