,f_samples,w_samples,rel_thr,abs_thr,sample_num
0,453525,118003,13.92489395495673,141973.9546521785,73727112
