,f_samples,w_samples,rel_thr,abs_thr,sample_num
0,18111,43096,0.691109352652779,4.982798570979472,7895703
