,f_samples,w_samples,rel_thr,abs_thr,sample_num
0,59265,45242,5.374272181189415,11.314770276736459,13481403
