,f_samples,w_samples,rel_thr,abs_thr,sample_num
0,14271,93827,12.606671881008442,10.307542246615375,13944642
