,f_samples,w_samples,rel_thr,abs_thr,sample_num
0,85419,54055,4.281736014939122,10.2274046239945,17992146
