,f_samples,w_samples,rel_thr,abs_thr,sample_num
0,24690,49805,9.420483773004708,41.444282852782976,9609855
