,f_samples,w_samples,rel_thr,abs_thr,sample_num
0,56131,48275,7.478598545351742,1.3209095098246249,13468374
