,f_samples,w_samples,rel_thr,abs_thr,sample_num
0,72501,81214,11.460146798715513,0.6799432942703848,19829235
