,f_samples,w_samples,rel_thr,abs_thr,sample_num
0,34184,9526,6824.437093348045,3381.8129169449985,5638590
