,f_samples,w_samples,rel_thr,abs_thr,sample_num
0,10470,14743,-0.8869220337639092,5.278358545094859,3252477
