,f_samples,w_samples,rel_thr,abs_thr,sample_num
0,93574,56133,1.4177791086416702,20.478319386090583,19312203
