,f_samples,w_samples,rel_thr,abs_thr,sample_num
0,386541,19831,83.45227812824542,50.3814166435745,52421988
