,f_samples,w_samples,rel_thr,abs_thr,sample_num
0,73701,29407,14.102815219669814,11.86082320566222,13300932
