,f_samples,w_samples,rel_thr,abs_thr,sample_num
0,39238,69762,5.711958748806342,2.7050224156718006,14061000
