,f_samples,w_samples,rel_thr,abs_thr,sample_num
0,44659,72609,10.95914991580884,3.5693314852656517,15127572
