,f_samples,w_samples,rel_thr,abs_thr,sample_num
0,36500,13676,8208.725840029827,2588.8921440581757,6472704
