,f_samples,w_samples,rel_thr,abs_thr,sample_num
0,8700,66661,47.82110870070442,49.62824092524415,9721569
