,f_samples,w_samples,rel_thr,abs_thr,sample_num
0,45032,14601,6.052060435162584,12.09172761357799,7692657
