,f_samples,w_samples,rel_thr,abs_thr,sample_num
0,54608,58094,0.31021205020425713,47.176344784321834,14538558
