,f_samples,w_samples,rel_thr,abs_thr,sample_num
0,45264,70426,2886.818327440463,1981.3760121602475,14924010
