,f_samples,w_samples,rel_thr,abs_thr,sample_num
0,15020,38944,17.34878999838055,38.354482950489114,6961356
