,f_samples,w_samples,rel_thr,abs_thr,sample_num
0,82635,78225,6.9790569039692425,11.444880236498259,20750940
