,f_samples,w_samples,rel_thr,abs_thr,sample_num
0,309707,198128,6.160086482617761,17817.249377796095,65510715
