,f_samples,w_samples,rel_thr,abs_thr,sample_num
0,53976,88838,11.227140447600775,10.523703021923945,18423006
