,f_samples,w_samples,rel_thr,abs_thr,sample_num
0,326272,400696,4.2754177833547935,99176.84021406354,93778872
