,f_samples,w_samples,rel_thr,abs_thr,sample_num
0,13674,54950,74.65306818370888,6.930531950610352,8852496
