,f_samples,w_samples,rel_thr,abs_thr,sample_num
0,33645,40870,4.895754864788101,7.2462525426886275,9612435
