,f_samples,w_samples,rel_thr,abs_thr,sample_num
0,81398,50997,2.8179389902398633,5.6193311684427245,17078955
