,f_samples,w_samples,rel_thr,abs_thr,sample_num
0,66050,52537,-0.5791806649984785,3.8406217965797067,15297723
