,f_samples,w_samples,rel_thr,abs_thr,sample_num
0,91220,48494,9.066556224890656,5.342498423635968,18023106
