,f_samples,w_samples,rel_thr,abs_thr,sample_num
0,86783,45528,3.566529909449944,13.95664302200718,17068119
