,f_samples,w_samples,rel_thr,abs_thr,sample_num
0,36833,25843,11.034376462870554,1.5019768906550683,8085204
