,f_samples,w_samples,rel_thr,abs_thr,sample_num
0,32598,68064,5.786463220788416,0.2409489966421713,12985398
