,f_samples,w_samples,rel_thr,abs_thr,sample_num
0,88481,10267,1811.9723052047864,789.8196671204449,12738492
