,f_samples,w_samples,rel_thr,abs_thr,sample_num
0,78173,30517,7705.184706525334,9716.586749580812,14021010
