,f_samples,w_samples,rel_thr,abs_thr,sample_num
0,17832,81402,7.758315886049687,11.39459273519753,12801186
