,f_samples,w_samples,rel_thr,abs_thr,sample_num
0,57041,78797,7843.134407759933,3185.1156834262083,17523102
