,f_samples,w_samples,rel_thr,abs_thr,sample_num
0,38680,83567,6.699174584791599,9.671122510853666,15769863
