,f_samples,w_samples,rel_thr,abs_thr,sample_num
0,31708,71611,2908.5279585183534,1653.4736711217467,13328151
