,f_samples,w_samples,rel_thr,abs_thr,sample_num
0,16533,47047,3442.793529943826,347.0066365352309,8201820
