,f_samples,w_samples,rel_thr,abs_thr,sample_num
0,93391,59113,8231.88996110501,1820.1694773688548,19673016
