,f_samples,w_samples,rel_thr,abs_thr,sample_num
0,27762,18460,9806.563928660831,7453.799447529985,5962638
