,f_samples,w_samples,rel_thr,abs_thr,sample_num
0,60986,79903,70.10314204096613,93.98481680147364,18174681
