,f_samples,w_samples,rel_thr,abs_thr,sample_num
0,79495,82830,4.549197652389399,11.703272137604422,20939925
