,f_samples,w_samples,rel_thr,abs_thr,sample_num
0,274496,158926,6.031067570104327,120005.14279784414,55911438
