,f_samples,w_samples,rel_thr,abs_thr,sample_num
0,368113,316658,5.158785890292062,114325.56768638414,88335459
