,f_samples,w_samples,rel_thr,abs_thr,sample_num
0,42141,22215,11.815580893180007,11.805737391238113,8301924
