,f_samples,w_samples,rel_thr,abs_thr,sample_num
0,76967,86697,9.559390991758253,7.9465316624151825,21112656
