,f_samples,w_samples,rel_thr,abs_thr,sample_num
0,9628,69456,3075.4307155635597,3931.6189759365693,10201836
