,f_samples,w_samples,rel_thr,abs_thr,sample_num
0,50295,6078,510.17869768246845,5998.407328658689,7272117
