,f_samples,w_samples,rel_thr,abs_thr,sample_num
0,93489,61001,7549.459207450186,1801.018921880797,19929210
