,f_samples,w_samples,rel_thr,abs_thr,sample_num
0,307591,7474,12.134336354885518,62370.12720914792,40643385
