,f_samples,w_samples,rel_thr,abs_thr,sample_num
0,22250,26893,11.656550103289211,1.7594486554089173,6339447
