,f_samples,w_samples,rel_thr,abs_thr,sample_num
0,81195,48985,52.521562156471006,25.802720255030252,16793220
