,f_samples,w_samples,rel_thr,abs_thr,sample_num
0,42744,33672,1.2526556334258245,7.506271614473925,9857664
