,f_samples,w_samples,rel_thr,abs_thr,sample_num
0,50386,69097,1338.2458776137498,8228.617087961546,15413307
