,f_samples,w_samples,rel_thr,abs_thr,sample_num
0,55731,38917,2.158023659714173,4.599646737926659,12209592
