,f_samples,w_samples,rel_thr,abs_thr,sample_num
0,12477,34107,3.032195403260591,3.059821031757222,6009336
