,f_samples,w_samples,rel_thr,abs_thr,sample_num
0,68667,73057,8251.461609778564,3971.1167635096335,18282396
