,f_samples,w_samples,rel_thr,abs_thr,sample_num
0,47044,88732,40.53054043835513,52.778009595158295,17515104
