,f_samples,w_samples,rel_thr,abs_thr,sample_num
0,83421,90416,9.470475468892223,7.737074241810299,22424973
