,f_samples,w_samples,rel_thr,abs_thr,sample_num
0,9531,201942,14.480658954674944,170557.66196299865,27280017
