,f_samples,w_samples,rel_thr,abs_thr,sample_num
0,60958,37839,8470.642663561193,5507.517430115695,12744813
