,f_samples,w_samples,rel_thr,abs_thr,sample_num
0,44876,90639,2.4827060023555667,9.093729812427402,17481435
