,f_samples,w_samples,rel_thr,abs_thr,sample_num
0,69857,93927,2.7329638522856907,0.4743359759643839,21128136
