,f_samples,w_samples,rel_thr,abs_thr,sample_num
0,41473,39952,3176.1774001216468,939.4823479842506,10503825
