,f_samples,w_samples,rel_thr,abs_thr,sample_num
0,17848,27968,2924.101238210334,1623.6386201253672,5910264
