,f_samples,w_samples,rel_thr,abs_thr,sample_num
0,51489,90131,93.8591238412134,19.52636612681915,18268980
