,f_samples,w_samples,rel_thr,abs_thr,sample_num
0,54909,38215,7424.368038653502,4093.923814861047,12012996
