,f_samples,w_samples,rel_thr,abs_thr,sample_num
0,51890,22997,13.844407685354428,0.8746643787446812,9660423
