,f_samples,w_samples,rel_thr,abs_thr,sample_num
0,23868,25118,28.97137757343304,45.59504122844299,6319194
