,f_samples,w_samples,rel_thr,abs_thr,sample_num
0,84403,21795,2286.857251715241,2328.9872138191236,13699542
