,f_samples,w_samples,rel_thr,abs_thr,sample_num
0,40132,40862,5.739579593775961,3.5165892689149607,10448226
