,f_samples,w_samples,rel_thr,abs_thr,sample_num
0,75494,45959,7.027349136843101,12.12173007719341,15667437
