,f_samples,w_samples,rel_thr,abs_thr,sample_num
0,48033,82790,1456.4265595421684,6933.217508996816,16876167
