,f_samples,w_samples,rel_thr,abs_thr,sample_num
0,80940,46836,4.658132472259407,13.98059693961981,16483104
