,f_samples,w_samples,rel_thr,abs_thr,sample_num
0,67011,50847,1604.3243071662628,8425.315041184049,15203682
