,f_samples,w_samples,rel_thr,abs_thr,sample_num
0,45018,60794,2663.1778624165927,5835.841306450572,13649748
