,f_samples,w_samples,rel_thr,abs_thr,sample_num
0,92307,33182,8.500806269334989,9.37346728213205,16188081
