,f_samples,w_samples,rel_thr,abs_thr,sample_num
0,88883,83197,8479.55033774004,9101.775106965435,22198320
