,f_samples,w_samples,rel_thr,abs_thr,sample_num
0,18403,28921,5.542991119302965,10.83236687810335,6104796
