,f_samples,w_samples,rel_thr,abs_thr,sample_num
0,69032,53580,880.9751057505864,9457.941657270077,15816948
