,f_samples,w_samples,rel_thr,abs_thr,sample_num
0,71812,25362,24.292056629085817,52.11075322943633,12535446
