,f_samples,w_samples,rel_thr,abs_thr,sample_num
0,19214,87040,13.300689727831521,8.293405456613728,13706766
