,f_samples,w_samples,rel_thr,abs_thr,sample_num
0,73503,95353,2.5129624259565086,0.1373722525132015,21782424
