,f_samples,w_samples,rel_thr,abs_thr,sample_num
0,396418,13921,11.019691461307202,135860.50643027236,52933731
