,f_samples,w_samples,rel_thr,abs_thr,sample_num
0,11165,51279,1.650648103971042,12.379692764249805,8055276
