,f_samples,w_samples,rel_thr,abs_thr,sample_num
0,67462,9120,6082.48207750329,2687.2146239898443,9879078
