,f_samples,w_samples,rel_thr,abs_thr,sample_num
0,26916,21027,2.108401120121492,9.052109773135452,6184647
