,f_samples,w_samples,rel_thr,abs_thr,sample_num
0,23085,5759,2740.1588938647956,644.7783064022383,3720876
