,f_samples,w_samples,rel_thr,abs_thr,sample_num
0,30066,23430,9841.999256079636,6795.9503552326505,6900984
