,f_samples,w_samples,rel_thr,abs_thr,sample_num
0,94173,29512,5127.370192508143,6743.401497897121,15955365
