,f_samples,w_samples,rel_thr,abs_thr,sample_num
0,49710,26216,78.99053383513798,78.8358166217167,9794454
