,f_samples,w_samples,rel_thr,abs_thr,sample_num
0,86264,16340,35.46852310831491,86.02226427670932,13235916
