,f_samples,w_samples,rel_thr,abs_thr,sample_num
0,22987,38796,11.051144415495921,9.086761505824661,7970007
