,f_samples,w_samples,rel_thr,abs_thr,sample_num
0,50784,47952,1.3296029194785568,3.4088125934036713,12736944
