,f_samples,w_samples,rel_thr,abs_thr,sample_num
0,41480,9135,21.79839632280755,94.35713717960016,6529335
