,f_samples,w_samples,rel_thr,abs_thr,sample_num
0,82850,79488,13.88549809647891,6.485197461426045,20941602
