,f_samples,w_samples,rel_thr,abs_thr,sample_num
0,56183,63941,11.696400091735713,12.686014832043416,15495996
