,f_samples,w_samples,rel_thr,abs_thr,sample_num
0,42235,86297,8.682970182227711,5.868234281749034,16580628
