,f_samples,w_samples,rel_thr,abs_thr,sample_num
0,72865,31764,76.92660585390803,51.057961753210144,13497141
