,f_samples,w_samples,rel_thr,abs_thr,sample_num
0,64048,74960,7.227971710627781,8.310042501940176,17932032
