,f_samples,w_samples,rel_thr,abs_thr,sample_num
0,70612,61749,8160.0413052291815,2159.9414855401246,17074569
