,f_samples,w_samples,rel_thr,abs_thr,sample_num
0,80501,95422,3.834664033135784,0.29033598670939076,22694067
