,f_samples,w_samples,rel_thr,abs_thr,sample_num
0,20023,84725,14.04035554923161,11.006199047098177,13512492
