,f_samples,w_samples,rel_thr,abs_thr,sample_num
0,7932,40350,6040.325502281704,2094.059460938422,6228378
