,f_samples,w_samples,rel_thr,abs_thr,sample_num
0,7704,55824,6951.9091218869125,9068.2384534327,8195112
