,f_samples,w_samples,rel_thr,abs_thr,sample_num
0,89591,95847,10.869768149222388,14.746764271980659,23921502
