,f_samples,w_samples,rel_thr,abs_thr,sample_num
0,71970,64121,4958.047445971496,8002.527556916403,17555739
