,f_samples,w_samples,rel_thr,abs_thr,sample_num
0,46057,45580,756.9039971055593,2259.265933883173,11821173
