,f_samples,w_samples,rel_thr,abs_thr,sample_num
0,83819,64306,12.810647435793209,13.684901706027079,19108125
