,f_samples,w_samples,rel_thr,abs_thr,sample_num
0,9707,27844,6117.368640602862,8077.326406598504,4844079
