,f_samples,w_samples,rel_thr,abs_thr,sample_num
0,15847,55181,8.920335584659398,11.38883928961322,9162612
