,f_samples,w_samples,rel_thr,abs_thr,sample_num
0,38469,92920,7.859320230401851,5.682169433307594,16949181
