,f_samples,w_samples,rel_thr,abs_thr,sample_num
0,18955,48148,-0.48722204309055783,14.651183512372771,8656287
