,f_samples,w_samples,rel_thr,abs_thr,sample_num
0,21942,15872,40.736050949425994,60.409788130924035,4878006
