,f_samples,w_samples,rel_thr,abs_thr,sample_num
0,69857,71100,10.795909951415537,9.824494448142595,18183453
