,f_samples,w_samples,rel_thr,abs_thr,sample_num
0,88439,87661,40.32150370357929,31.11749455443761,22716900
