,f_samples,w_samples,rel_thr,abs_thr,sample_num
0,63333,40768,4482.492491578751,8767.883911691886,13429029
