,f_samples,w_samples,rel_thr,abs_thr,sample_num
0,72033,67343,3802.65404998832,5097.470464550361,17979504
