,f_samples,w_samples,rel_thr,abs_thr,sample_num
0,80532,50333,85.35061787583459,85.40945478652795,16881585
