,f_samples,w_samples,rel_thr,abs_thr,sample_num
0,8487,92004,91.10999914704031,40.85788762600484,12963339
