,f_samples,w_samples,rel_thr,abs_thr,sample_num
0,42239,55873,5.206449045050798,14.033801511171385,12656448
