,f_samples,w_samples,rel_thr,abs_thr,sample_num
0,419232,394274,10.062575802570333,137864.0563489521,104942274
