,f_samples,w_samples,rel_thr,abs_thr,sample_num
0,9549,13653,14.725586390516646,0.12873100212032806,2993058
