,f_samples,w_samples,rel_thr,abs_thr,sample_num
0,83457,83724,1487.3353683966666,6373.791154997267,21566349
