,f_samples,w_samples,rel_thr,abs_thr,sample_num
0,61271,51584,12.512435231944377,14.068827218887781,14558295
