,f_samples,w_samples,rel_thr,abs_thr,sample_num
0,82527,33819,6.128487557860842,8.031078937278316,15008634
