,f_samples,w_samples,rel_thr,abs_thr,sample_num
0,61656,19869,5453.381235737145,3589.394605579329,10516725
