,f_samples,w_samples,rel_thr,abs_thr,sample_num
0,14133,38301,4.7906713483073915,3.9681761445658426,6763986
