,f_samples,w_samples,rel_thr,abs_thr,sample_num
0,76646,80255,29.227245218771156,52.62294321815807,20240229
