,f_samples,w_samples,rel_thr,abs_thr,sample_num
0,17281,52403,0.26465128386260695,8.334553354274213,8989236
