,f_samples,w_samples,rel_thr,abs_thr,sample_num
0,59526,89883,1513.0174288002333,8166.55685724441,19273761
