,f_samples,w_samples,rel_thr,abs_thr,sample_num
0,49928,368417,9.13401308166818,47853.929755751444,53966505
