,f_samples,w_samples,rel_thr,abs_thr,sample_num
0,33002,12404,936.1235837550697,2799.083296837981,5857374
