,f_samples,w_samples,rel_thr,abs_thr,sample_num
0,81201,94482,8109.731905327388,9894.368375554319,22663107
