,f_samples,w_samples,rel_thr,abs_thr,sample_num
0,87333,94248,5929.930790225364,6144.864591828867,23423949
