,f_samples,w_samples,rel_thr,abs_thr,sample_num
0,26036,58205,13.937979561806728,12.624142737618456,10867089
