,f_samples,w_samples,rel_thr,abs_thr,sample_num
0,80409,83449,98.29292596166378,59.66837578862446,21137682
