,f_samples,w_samples,rel_thr,abs_thr,sample_num
0,14924,22784,8508.7394959453,4634.382660985127,4864332
