,f_samples,w_samples,rel_thr,abs_thr,sample_num
0,8886,12530,9.385126685278422,11.623735179284086,2762664
