,f_samples,w_samples,rel_thr,abs_thr,sample_num
0,94426,83873,9102.403813660148,1335.8380418146542,23000571
