,f_samples,w_samples,rel_thr,abs_thr,sample_num
0,61745,30786,3675.219887606964,8018.035096325377,11936499
