,f_samples,w_samples,rel_thr,abs_thr,sample_num
0,119759,415619,-0.2517464598509793,15374.791382075691,69063762
