,f_samples,w_samples,rel_thr,abs_thr,sample_num
0,53986,30798,12.809231045451629,5.27288590890959,10937136
