,f_samples,w_samples,rel_thr,abs_thr,sample_num
0,39968,74034,12.878797376862128,0.9098734992335461,14706258
