,f_samples,w_samples,rel_thr,abs_thr,sample_num
0,87809,26086,2461.6942042919886,1368.5032833395983,14692455
