,f_samples,w_samples,rel_thr,abs_thr,sample_num
0,80287,68070,11.065986533414621,4.22359538017488,19138053
