,f_samples,w_samples,rel_thr,abs_thr,sample_num
0,17509,59142,36.787244297478466,77.69071139079327,9887979
