,f_samples,w_samples,rel_thr,abs_thr,sample_num
0,9259,94258,1.1127167100550093,4.030347578793842,13353693
