,f_samples,w_samples,rel_thr,abs_thr,sample_num
0,80715,37990,2.3035683453580624,12.497887582528811,15312945
