,f_samples,w_samples,rel_thr,abs_thr,sample_num
0,89834,30800,4.09712810448837,10.873331905019182,15561786
