,f_samples,w_samples,rel_thr,abs_thr,sample_num
0,39685,66556,5248.581423429135,2739.5735752728765,13705089
