,f_samples,w_samples,rel_thr,abs_thr,sample_num
0,17598,9370,3284.8134415693576,304.3925759167354,3478872
