,f_samples,w_samples,rel_thr,abs_thr,sample_num
0,115232,224630,7.04782077811795,101480.34650134976,43842198
