,f_samples,w_samples,rel_thr,abs_thr,sample_num
0,43882,91910,12.059395508270331,6.738614281453978,17517168
