,f_samples,w_samples,rel_thr,abs_thr,sample_num
0,20275,44824,11.656348162392575,0.06717677481997975,8397771
