,f_samples,w_samples,rel_thr,abs_thr,sample_num
0,23682,83927,6.515844869236339,4.420974657969628,13881561
