,f_samples,w_samples,rel_thr,abs_thr,sample_num
0,84437,76763,3525.538058726878,494.6277701476787,20794800
