,f_samples,w_samples,rel_thr,abs_thr,sample_num
0,57347,14668,5.676916025869856,5.521827678010124,9289935
