,f_samples,w_samples,rel_thr,abs_thr,sample_num
0,72377,55191,9.347870918392175,4.223859434856216,16456272
