,f_samples,w_samples,rel_thr,abs_thr,sample_num
0,58977,12443,50.33615454484146,77.25438511012982,9213180
