,f_samples,w_samples,rel_thr,abs_thr,sample_num
0,52207,76811,4.017712122937207,9.35621066854694,16643322
