,f_samples,w_samples,rel_thr,abs_thr,sample_num
0,222804,85178,25.859703104061513,21.915193790523666,39729678
