,f_samples,w_samples,rel_thr,abs_thr,sample_num
0,42339,56655,14.610556701632358,7.429370476006651,12770226
