,f_samples,w_samples,rel_thr,abs_thr,sample_num
0,46858,93724,4283.361428731012,5504.585125894632,18135078
