,f_samples,w_samples,rel_thr,abs_thr,sample_num
0,41009,40308,13.749744407574177,13.133370817933303,10489893
