,f_samples,w_samples,rel_thr,abs_thr,sample_num
0,10881,19572,3149.3783774817857,1939.1791586544393,3928437
