,f_samples,w_samples,rel_thr,abs_thr,sample_num
0,76012,52663,1592.1775348721721,5081.025242511775,16599075
