,f_samples,w_samples,rel_thr,abs_thr,sample_num
0,39006,87649,1.7288549881870203,8.113191093282296,16338495
