,f_samples,w_samples,rel_thr,abs_thr,sample_num
0,57856,72854,1306.2428354787708,3187.308641285618,16861590
