,f_samples,w_samples,rel_thr,abs_thr,sample_num
0,391184,409389,9.660187638290775,72.30383095519574,103273917
