,f_samples,w_samples,rel_thr,abs_thr,sample_num
0,13921,56023,7856.270335937146,1644.1479165407468,9022776
