,f_samples,w_samples,rel_thr,abs_thr,sample_num
0,72901,28305,4931.20677253547,4074.6185284501958,13055574
