,f_samples,w_samples,rel_thr,abs_thr,sample_num
0,10933,93560,6.890255262524164,0.6455877486770184,13479597
