,f_samples,w_samples,rel_thr,abs_thr,sample_num
0,46949,56335,2477.969041013492,7649.817191262117,13323636
