,f_samples,w_samples,rel_thr,abs_thr,sample_num
0,13260,27653,86.6290345675181,82.42923611852096,5277777
