,f_samples,w_samples,rel_thr,abs_thr,sample_num
0,9753,20011,4.982435281268474,11.747861271890548,3839556
