,f_samples,w_samples,rel_thr,abs_thr,sample_num
0,85307,75817,5197.261068179495,2335.4088087653568,20784996
