,f_samples,w_samples,rel_thr,abs_thr,sample_num
0,25510,56612,7170.99661309386,6916.573386030675,10593738
