,f_samples,w_samples,rel_thr,abs_thr,sample_num
0,75925,90714,9477.749089810695,6442.372892955691,21496431
