,f_samples,w_samples,rel_thr,abs_thr,sample_num
0,76105,33429,6497.981005596514,3384.0030824731925,14129886
