,f_samples,w_samples,rel_thr,abs_thr,sample_num
0,42622,49329,4275.923897406069,660.9728120203995,11861679
