,f_samples,w_samples,rel_thr,abs_thr,sample_num
0,12885,67067,77.91049914117208,37.81966549869903,10313808
