,f_samples,w_samples,rel_thr,abs_thr,sample_num
0,14671,44228,6630.743869168658,7515.787298944359,7597971
