,f_samples,w_samples,rel_thr,abs_thr,sample_num
0,30619,47358,12.80840738206902,7.128663215498394,10059033
