,f_samples,w_samples,rel_thr,abs_thr,sample_num
0,12334,93044,5.107297298300212,5.282108554786952,13593762
