,f_samples,w_samples,rel_thr,abs_thr,sample_num
0,38660,50724,137.9358527244193,3527.756513861551,11530536
