,f_samples,w_samples,rel_thr,abs_thr,sample_num
0,69403,57673,10.984596584009626,4.954968270088181,16392804
