,f_samples,w_samples,rel_thr,abs_thr,sample_num
0,10337,38505,7407.209425699106,2274.0024588920937,6300618
