,f_samples,w_samples,rel_thr,abs_thr,sample_num
0,48805,34004,10.762258029402995,3.0125481634568043,10682361
