,f_samples,w_samples,rel_thr,abs_thr,sample_num
0,46435,66045,8475.999733598112,8074.930263190185,14509920
