,f_samples,w_samples,rel_thr,abs_thr,sample_num
0,10868,77752,1822.379018474999,494.7662916109419,11431980
