,f_samples,w_samples,rel_thr,abs_thr,sample_num
0,51610,61081,3701.7884466185014,1272.5473821212463,14537139
