,f_samples,w_samples,rel_thr,abs_thr,sample_num
0,66648,86268,1.9428689508994683,1.6795609570444903,19726164
