,f_samples,w_samples,rel_thr,abs_thr,sample_num
0,28065,28903,1907.1667929299583,9078.60926318248,7348872
