,f_samples,w_samples,rel_thr,abs_thr,sample_num
0,68064,5997,4937.078409921714,978.8152717177878,9553869
