,f_samples,w_samples,rel_thr,abs_thr,sample_num
0,58074,48274,4.277035324278369,1.2367994754902167,13718892
