,f_samples,w_samples,rel_thr,abs_thr,sample_num
0,74854,56317,78.69186019282651,94.31947179816478,16921059
