,f_samples,w_samples,rel_thr,abs_thr,sample_num
0,70844,62535,5975.494211112361,5305.499607922684,17205891
