,f_samples,w_samples,rel_thr,abs_thr,sample_num
0,43654,13321,13.9360704175783,1.7988704902890762,7349775
