,f_samples,w_samples,rel_thr,abs_thr,sample_num
0,68875,68968,5323.171314003252,276.79100352775765,17781747
