,f_samples,w_samples,rel_thr,abs_thr,sample_num
0,62226,16420,2193.9515386202706,6266.555161655641,10145334
