,f_samples,w_samples,rel_thr,abs_thr,sample_num
0,252076,313493,5.03183555481678,99069.56274405083,72958401
