,f_samples,w_samples,rel_thr,abs_thr,sample_num
0,28977,76121,9573.77710397095,4524.721670496467,13557642
