,f_samples,w_samples,rel_thr,abs_thr,sample_num
0,66577,20627,-0.7669957268047902,6.354112438769065,11249316
