,f_samples,w_samples,rel_thr,abs_thr,sample_num
0,20929,5131,7901.674956962456,1040.3772777291565,3361740
