,f_samples,w_samples,rel_thr,abs_thr,sample_num
0,55510,74601,7254.778200791141,1400.1238425062302,16784319
