,f_samples,w_samples,rel_thr,abs_thr,sample_num
0,30723,72347,5.625539441446266,7.3143275615974535,13296030
