,f_samples,w_samples,rel_thr,abs_thr,sample_num
0,75428,68746,12.144474463194134,5.476671335663578,18598446
