,f_samples,w_samples,rel_thr,abs_thr,sample_num
0,5415,10968,8587.528272620279,4392.13176997794,2113407
