,f_samples,w_samples,rel_thr,abs_thr,sample_num
0,73834,56862,-0.7375924055884031,0.32424211894551025,16859784
