,f_samples,w_samples,rel_thr,abs_thr,sample_num
0,52217,87542,1.7432673641909329,1.0140609887179624,18028911
