,f_samples,w_samples,rel_thr,abs_thr,sample_num
0,19340,54963,13.24449728124107,2.2340611306878806,9585087
