,f_samples,w_samples,rel_thr,abs_thr,sample_num
0,39169,23085,29.972514478624575,28.502941379304648,8030766
