,f_samples,w_samples,rel_thr,abs_thr,sample_num
0,208533,199950,1.3074422080724037,4546.023705104462,52694307
