,f_samples,w_samples,rel_thr,abs_thr,sample_num
0,37780,85864,14.87132596668248,99.63058683928485,15950076
