,f_samples,w_samples,rel_thr,abs_thr,sample_num
0,17617,21907,14.348050451149847,2.8832522853479414,5098596
