,f_samples,w_samples,rel_thr,abs_thr,sample_num
0,15664,28280,19.493495757882418,72.97281434049793,5668776
