,f_samples,w_samples,rel_thr,abs_thr,sample_num
0,91203,71731,0.6256263061736327,13.218046183027838,21018486
