,f_samples,w_samples,rel_thr,abs_thr,sample_num
0,32337,67537,1705.8063758309936,913.2096771096687,12883746
