,f_samples,w_samples,rel_thr,abs_thr,sample_num
0,45681,44820,1662.396168773808,5904.246698690102,11674629
