,f_samples,w_samples,rel_thr,abs_thr,sample_num
0,81168,52169,5643.468129539443,2127.8670906385564,17200473
