,f_samples,w_samples,rel_thr,abs_thr,sample_num
0,45057,291315,1.6789124011202503,88785.59810413333,43391988
