,f_samples,w_samples,rel_thr,abs_thr,sample_num
0,69913,19857,13.400593511599459,12.512707264255145,11580330
