,f_samples,w_samples,rel_thr,abs_thr,sample_num
0,72033,69625,1.5107139241255343,3.6594485036343514,18273882
