,f_samples,w_samples,rel_thr,abs_thr,sample_num
0,29045,16031,1204.7892720401394,5387.071359869406,5814804
