,f_samples,w_samples,rel_thr,abs_thr,sample_num
0,30628,54477,2920.601276662306,8742.495900119762,10978545
