,f_samples,w_samples,rel_thr,abs_thr,sample_num
0,12521,39185,10.692862655676109,47.728198174918866,6670074
