,f_samples,w_samples,rel_thr,abs_thr,sample_num
0,76710,15863,10.20509986394587,4.7231616567496895,11941917
