,f_samples,w_samples,rel_thr,abs_thr,sample_num
0,7737,25083,1008.3123913790042,9282.734518335414,4233780
