,f_samples,w_samples,rel_thr,abs_thr,sample_num
0,84440,29231,9957.421612341086,9361.53136867163,14663559
