,f_samples,w_samples,rel_thr,abs_thr,sample_num
0,51221,89327,3805.7518458748746,735.5908399220112,18130692
