,f_samples,w_samples,rel_thr,abs_thr,sample_num
0,16628,22198,72.76782742876875,36.95815202049057,5008554
