,f_samples,w_samples,rel_thr,abs_thr,sample_num
0,76442,42337,4617.070024083343,3886.037721820874,15322491
