,f_samples,w_samples,rel_thr,abs_thr,sample_num
0,26181,23471,7787.176864097424,4438.049026025901,6405108
