,f_samples,w_samples,rel_thr,abs_thr,sample_num
0,32877,63618,6186.752030035144,7990.2543575184,12447855
