,f_samples,w_samples,rel_thr,abs_thr,sample_num
0,75113,21648,9.381206358844588,31.96899697766914,12482169
