,f_samples,w_samples,rel_thr,abs_thr,sample_num
0,63730,35402,4078.365889883746,1764.5283439174298,12788028
