,f_samples,w_samples,rel_thr,abs_thr,sample_num
0,30601,40207,5127.787143784403,1803.1900177619887,9134232
