,f_samples,w_samples,rel_thr,abs_thr,sample_num
0,73141,45636,7.129021808621342,9.103319404702665,15322233
