,f_samples,w_samples,rel_thr,abs_thr,sample_num
0,89278,95551,251.09626989710534,4241.095988953503,23842941
