,f_samples,w_samples,rel_thr,abs_thr,sample_num
0,39713,35581,2186.8309355070182,1535.2767492859366,9712926
