,f_samples,w_samples,rel_thr,abs_thr,sample_num
0,20610,78416,2995.692514518501,6068.934650255525,12774354
