,f_samples,w_samples,rel_thr,abs_thr,sample_num
0,59253,36154,9513.69893918288,7680.203353297059,12307503
