,f_samples,w_samples,rel_thr,abs_thr,sample_num
0,13336,29320,13.042882726779151,9.846228532938456,5502624
