,f_samples,w_samples,rel_thr,abs_thr,sample_num
0,72901,83790,88.23927611354202,47.506934519538454,20213139
