,f_samples,w_samples,rel_thr,abs_thr,sample_num
0,71019,52371,8.34985182505383,4.064345010928059,15917310
