,f_samples,w_samples,rel_thr,abs_thr,sample_num
0,67855,27050,9479.208124804974,3538.1491611673246,12242745
