,f_samples,w_samples,rel_thr,abs_thr,sample_num
0,75099,79021,5.560630035742589,7.746444837299348,19881480
