,f_samples,w_samples,rel_thr,abs_thr,sample_num
0,91128,88595,1344.8146048812323,3371.7683246991414,23184267
