,f_samples,w_samples,rel_thr,abs_thr,sample_num
0,51048,58900,9.677757691301355,5.522309032392218,14183292
