,f_samples,w_samples,rel_thr,abs_thr,sample_num
0,65676,39598,-0.7997171000323764,166756.02128973443,13580346
