,f_samples,w_samples,rel_thr,abs_thr,sample_num
0,70809,41220,9.581234070822315,12.752555104880072,14451741
