,f_samples,w_samples,rel_thr,abs_thr,sample_num
0,50569,23047,2.445263479886428,8.571136654387951,9496464
