,f_samples,w_samples,rel_thr,abs_thr,sample_num
0,94402,60706,10.945111050163717,9.25099702640003,20008932
