,f_samples,w_samples,rel_thr,abs_thr,sample_num
0,68557,81365,3928.1002567726396,7890.834847735292,19339938
