,f_samples,w_samples,rel_thr,abs_thr,sample_num
0,30395,37109,5590.941751313624,6993.007753764748,8708016
