,f_samples,w_samples,rel_thr,abs_thr,sample_num
0,93777,76129,1.9906184496796975,13.812283985843049,21917874
