,f_samples,w_samples,rel_thr,abs_thr,sample_num
0,12656,59489,11.348199991219806,8.881851632438021,9306705
