,f_samples,w_samples,rel_thr,abs_thr,sample_num
0,94198,53764,5731.297097061461,7070.322178926957,19087098
