,f_samples,w_samples,rel_thr,abs_thr,sample_num
0,61873,13555,1025.8633457889155,7165.048688942922,9730212
