,f_samples,w_samples,rel_thr,abs_thr,sample_num
0,80860,44052,8.503443431041367,0.12116010700713553,16113648
