,f_samples,w_samples,rel_thr,abs_thr,sample_num
0,19396,14685,80.62766618704788,32.83360700738297,4396449
