,f_samples,w_samples,rel_thr,abs_thr,sample_num
0,15410,63261,4769.063849461269,7651.835319519242,10148559
