,f_samples,w_samples,rel_thr,abs_thr,sample_num
0,87727,20510,91.82864565969325,71.42555708863595,13962573
