,f_samples,w_samples,rel_thr,abs_thr,sample_num
0,319708,244995,11.429103274984147,148859.5045603613,72846687
