,f_samples,w_samples,rel_thr,abs_thr,sample_num
0,75163,83912,4587.965787264753,6781.175911974766,20520675
