,f_samples,w_samples,rel_thr,abs_thr,sample_num
0,92437,74612,3499.463623768606,4500.863777156547,21549321
