,f_samples,w_samples,rel_thr,abs_thr,sample_num
0,72059,65983,6.9639684036157234,1.8660995982315565,17807418
