,f_samples,w_samples,rel_thr,abs_thr,sample_num
0,73618,32124,9.000002935821792,7.95113641551703,13640718
