,f_samples,w_samples,rel_thr,abs_thr,sample_num
0,79016,19737,-0.5089055344196467,9.233423848099278,12739137
