,f_samples,w_samples,rel_thr,abs_thr,sample_num
0,49993,91428,-0.3545128097140964,13.288815005556403,18243309
