,f_samples,w_samples,rel_thr,abs_thr,sample_num
0,28987,93734,7206.2652899007635,3692.5073914007544,15831009
