,f_samples,w_samples,rel_thr,abs_thr,sample_num
0,23981,17360,6908.725144943076,8626.354755354976,5332989
