,f_samples,w_samples,rel_thr,abs_thr,sample_num
0,42199,20887,0.03919459456353458,13.362173430886216,8138094
