,f_samples,w_samples,rel_thr,abs_thr,sample_num
0,71325,57718,5.770354601759097,6.742130890978511,16646547
