,f_samples,w_samples,rel_thr,abs_thr,sample_num
0,45663,7438,1.5444402354428899,4.2324809303228115,6850029
