,f_samples,w_samples,rel_thr,abs_thr,sample_num
0,14821,34267,105.96401486738796,1897.842324297404,6332352
