,f_samples,w_samples,rel_thr,abs_thr,sample_num
0,85336,7612,30.346783988780693,91.30399812423057,11990292
