,f_samples,w_samples,rel_thr,abs_thr,sample_num
0,65485,36380,1753.689205992305,2074.1823093891708,13140585
