,f_samples,w_samples,rel_thr,abs_thr,sample_num
0,30062,79944,0.7071879843420543,12.657671067355738,14190774
