,f_samples,w_samples,rel_thr,abs_thr,sample_num
0,46074,10803,440.2404238407983,2178.6470740816076,7337133
