,f_samples,w_samples,rel_thr,abs_thr,sample_num
0,53217,28194,4731.144918937134,1254.7108336947288,10502019
