,f_samples,w_samples,rel_thr,abs_thr,sample_num
0,64520,21332,13.67388998654964,11.622952014950398,11074908
