,f_samples,w_samples,rel_thr,abs_thr,sample_num
0,32057,72564,3.351182590645095,0.9543669478150368,13496109
