,f_samples,w_samples,rel_thr,abs_thr,sample_num
0,36375,6752,11.761261899449519,9.473248755148779,5563383
