,f_samples,w_samples,rel_thr,abs_thr,sample_num
0,16662,41098,4.326047778557854,8.872779274343056,7451040
