,f_samples,w_samples,rel_thr,abs_thr,sample_num
0,63690,58340,790.5929382619561,5239.818959692309,15741870
