,f_samples,w_samples,rel_thr,abs_thr,sample_num
0,23948,93126,6.440885691445031,3.925862204022637,15102546
