,f_samples,w_samples,rel_thr,abs_thr,sample_num
0,5585,27549,3.4671750013886005,5.202139114286009,4274286
