,f_samples,w_samples,rel_thr,abs_thr,sample_num
0,82650,51344,6.5767126634342965,7.86681887933408,17285226
