,f_samples,w_samples,rel_thr,abs_thr,sample_num
0,29931,13185,21.05840801851343,52.03955343695873,5561964
