,f_samples,w_samples,rel_thr,abs_thr,sample_num
0,47313,90350,6793.101252773902,5942.72567902255,17758527
