,f_samples,w_samples,rel_thr,abs_thr,sample_num
0,50108,49131,14.739081221800005,1.946810886441206,12801831
