,f_samples,w_samples,rel_thr,abs_thr,sample_num
0,87908,85468,2201.161511705452,9119.175232533089,22365504
