,f_samples,w_samples,rel_thr,abs_thr,sample_num
0,50205,76698,35.80843979257493,95.30632767536383,16370487
