,f_samples,w_samples,rel_thr,abs_thr,sample_num
0,84939,31710,1810.877115570213,3847.359599666469,15047721
