,f_samples,w_samples,rel_thr,abs_thr,sample_num
0,20543,85036,2.643218313455826,9.03770714063375,13619691
