,f_samples,w_samples,rel_thr,abs_thr,sample_num
0,162747,280081,5.002904481024327,697.4399903915352,57124812
