,f_samples,w_samples,rel_thr,abs_thr,sample_num
0,22981,71354,4.554927335345361,9.81645911699214,12169215
