,f_samples,w_samples,rel_thr,abs_thr,sample_num
0,88499,49748,4111.1013481864,6614.3176337457035,17833863
