,f_samples,w_samples,rel_thr,abs_thr,sample_num
0,83072,70174,2117.6552632974635,7639.147999546899,19768734
