,f_samples,w_samples,rel_thr,abs_thr,sample_num
0,40250,32990,66.95488795107883,23.825871615262695,9447960
