,f_samples,w_samples,rel_thr,abs_thr,sample_num
0,42016,42248,4.11212782968961,9.838652525071257,10870056
