,f_samples,w_samples,rel_thr,abs_thr,sample_num
0,181459,20393,6.7777473454819965,18990.744325509957,26038908
