,f_samples,w_samples,rel_thr,abs_thr,sample_num
0,32954,60815,2738.7920322677114,9433.940308121119,12096201
