,f_samples,w_samples,rel_thr,abs_thr,sample_num
0,78260,51697,5.122196416095674,14.31293537342718,16764453
