,f_samples,w_samples,rel_thr,abs_thr,sample_num
0,24096,33569,78.48104581650279,30.581310120969917,7438785
