,f_samples,w_samples,rel_thr,abs_thr,sample_num
0,87053,80645,9.54155977854756,1.0070872958097783,21633042
