,f_samples,w_samples,rel_thr,abs_thr,sample_num
0,21707,94547,6005.681176508104,9506.277275345401,14996766
