,f_samples,w_samples,rel_thr,abs_thr,sample_num
0,45717,79744,13.598821544224066,4.117654883856087,16184469
