,f_samples,w_samples,rel_thr,abs_thr,sample_num
0,39409,78649,-0.25205330680877225,5.8544577590868805,15229482
