,f_samples,w_samples,rel_thr,abs_thr,sample_num
0,61789,31584,11.585729081354241,91.250472532975,12045117
