,f_samples,w_samples,rel_thr,abs_thr,sample_num
0,137481,343654,8.827354635484088,96592.98407200085,62066415
