,f_samples,w_samples,rel_thr,abs_thr,sample_num
0,91878,84111,10.185193384085014,0.5230598028869682,22702581
