,f_samples,w_samples,rel_thr,abs_thr,sample_num
0,28883,48149,57.70815563454327,39.955813350045425,9937128
