,f_samples,w_samples,rel_thr,abs_thr,sample_num
0,83727,37437,2.326420421438934,13.217593233818022,15630156
