,f_samples,w_samples,rel_thr,abs_thr,sample_num
0,73447,12808,4560.636623841626,1819.346380588668,11126895
