,f_samples,w_samples,rel_thr,abs_thr,sample_num
0,64323,10134,87.43101816190489,7164.159298893692,9604953
