,f_samples,w_samples,rel_thr,abs_thr,sample_num
0,5883,37375,1865.438512521024,4830.149994931313,5580282
