,f_samples,w_samples,rel_thr,abs_thr,sample_num
0,85668,48238,7435.036691802996,7927.314175238604,17273874
