,f_samples,w_samples,rel_thr,abs_thr,sample_num
0,55745,82486,65.31760369880612,76.45097249383345,17831799
