,f_samples,w_samples,rel_thr,abs_thr,sample_num
0,32582,73795,75.48403361152472,52.49740558982068,13722633
