,f_samples,w_samples,rel_thr,abs_thr,sample_num
0,28394,72283,87.61523169267896,58.7953665235737,12987333
