,f_samples,w_samples,rel_thr,abs_thr,sample_num
0,41567,154333,14.65417156256822,198262.5239269185,25271100
