,f_samples,w_samples,rel_thr,abs_thr,sample_num
0,11872,31255,12.91373683115847,3.813809593582758,5563383
