,f_samples,w_samples,rel_thr,abs_thr,sample_num
0,35173,52875,7.951894543593962,8.12164872534277,11358192
