,f_samples,w_samples,rel_thr,abs_thr,sample_num
0,57893,71181,11.752034436149296,12.764569454235897,16650546
