,f_samples,w_samples,rel_thr,abs_thr,sample_num
0,19233,25906,16.63026192490556,51.885922325682586,5822931
