,f_samples,w_samples,rel_thr,abs_thr,sample_num
0,68204,55376,2525.7608112611747,7746.163672721594,15941820
