,f_samples,w_samples,rel_thr,abs_thr,sample_num
0,15895,7585,37.5654063594262,20.52908072156524,3028920
