,f_samples,w_samples,rel_thr,abs_thr,sample_num
0,34474,36178,1.3348136729495952,12.774493422652752,9114108
