,f_samples,w_samples,rel_thr,abs_thr,sample_num
0,35467,18786,7175.802491654646,5589.73105871258,6998637
