,f_samples,w_samples,rel_thr,abs_thr,sample_num
0,69550,93951,9978.943517547697,3269.294569892106,21091629
