,f_samples,w_samples,rel_thr,abs_thr,sample_num
0,55871,66310,10.320911718393283,31.330268857288836,15761349
