,f_samples,w_samples,rel_thr,abs_thr,sample_num
0,66601,253301,9.421757517081309,21500.781948596148,41267358
