,f_samples,w_samples,rel_thr,abs_thr,sample_num
0,80592,26185,8995.747254039272,5815.221212182394,13774233
