,f_samples,w_samples,rel_thr,abs_thr,sample_num
0,65114,55215,6.135013819965755,11.512954327893024,15522441
