,f_samples,w_samples,rel_thr,abs_thr,sample_num
0,38897,59375,98.79492168308354,90.90654567623886,12677088
