,f_samples,w_samples,rel_thr,abs_thr,sample_num
0,18702,24422,7.991478097299947,6.358465630359877,5562996
