,f_samples,w_samples,rel_thr,abs_thr,sample_num
0,47452,82715,235.31251034955451,4652.431198141059,16791543
