,f_samples,w_samples,rel_thr,abs_thr,sample_num
0,89658,61211,14.744312730734165,57.26272282896752,19462101
