,f_samples,w_samples,rel_thr,abs_thr,sample_num
0,53014,25737,6248.757356748447,778.8741264940502,10158879
