,f_samples,w_samples,rel_thr,abs_thr,sample_num
0,36875,83845,65.59289122910168,75.31890242598874,15572880
