,f_samples,w_samples,rel_thr,abs_thr,sample_num
0,31422,16788,12.405973690921426,3.4808305461847833,6219090
