,f_samples,w_samples,rel_thr,abs_thr,sample_num
0,171644,177277,82.27386176072092,33.073008032239315,45010809
