,f_samples,w_samples,rel_thr,abs_thr,sample_num
0,13104,75809,5464.402861956016,4651.636726154738,11469777
