,f_samples,w_samples,rel_thr,abs_thr,sample_num
0,17881,26280,-0.06725942474233193,0.07356834712080151,5696769
