,f_samples,w_samples,rel_thr,abs_thr,sample_num
0,84066,20018,9.463802962764793,5.378612809079165,13426836
