,f_samples,w_samples,rel_thr,abs_thr,sample_num
0,75048,55469,2.7865920304331357,7.45666142246476,16836693
