,f_samples,w_samples,rel_thr,abs_thr,sample_num
0,79374,46457,6.503794919906552,48.637981726177436,16232199
