,f_samples,w_samples,rel_thr,abs_thr,sample_num
0,65054,8429,80.69721827239857,89.31625324513895,9479307
