,f_samples,w_samples,rel_thr,abs_thr,sample_num
0,22785,74500,8403.756265775792,6466.003093592667,12549765
