,f_samples,w_samples,rel_thr,abs_thr,sample_num
0,87188,68225,3783.13650244825,5447.278133477212,20048277
