,f_samples,w_samples,rel_thr,abs_thr,sample_num
0,19960,77677,1310.0320996032747,7963.900081769595,12595173
