,f_samples,w_samples,rel_thr,abs_thr,sample_num
0,73255,28002,6765.884702504476,2552.145968781009,13062153
