,f_samples,w_samples,rel_thr,abs_thr,sample_num
0,28526,13720,2197.509005816327,264.66491931599,5449734
