,f_samples,w_samples,rel_thr,abs_thr,sample_num
0,75577,57007,12.693057982110505,2.241612546562186,17103336
