,f_samples,w_samples,rel_thr,abs_thr,sample_num
0,9428,56971,14.573595264946222,5.60196049339724,8565471
