,f_samples,w_samples,rel_thr,abs_thr,sample_num
0,26388,76946,7387.879662061118,3583.8729035015103,13330086
