,f_samples,w_samples,rel_thr,abs_thr,sample_num
0,59305,59910,633.4646906685103,6705.721779751336,15378735
