,f_samples,w_samples,rel_thr,abs_thr,sample_num
0,38589,92115,89.21518451066373,83.17966250692452,16860816
