,f_samples,w_samples,rel_thr,abs_thr,sample_num
0,81530,88703,6263.8748252401965,9504.454977105657,21960057
