,f_samples,w_samples,rel_thr,abs_thr,sample_num
0,21065,43480,9.182779666803578,14.611145432175372,8326305
