,f_samples,w_samples,rel_thr,abs_thr,sample_num
0,67638,50193,1337.545951868963,8392.669594087654,15200199
