,f_samples,w_samples,rel_thr,abs_thr,sample_num
0,67239,82085,5.569098229915612,12.001612694554249,19262796
