,f_samples,w_samples,rel_thr,abs_thr,sample_num
0,29672,72860,2067.36222435075,3700.5021034458164,13226628
