,f_samples,w_samples,rel_thr,abs_thr,sample_num
0,54646,7876,71.10399588824657,41.53017882637009,8065338
