,f_samples,w_samples,rel_thr,abs_thr,sample_num
0,93808,60089,7263.835232798738,4066.99706614266,19852713
