,f_samples,w_samples,rel_thr,abs_thr,sample_num
0,27671,70679,8.878987966189321,7.989197715687493,12687150
