,f_samples,w_samples,rel_thr,abs_thr,sample_num
0,41093,11527,8.379807580806688,13.545976096889095,6787980
