,f_samples,w_samples,rel_thr,abs_thr,sample_num
0,32048,35425,4730.2654319992935,9146.7931185226,8704017
