,f_samples,w_samples,rel_thr,abs_thr,sample_num
0,118078,320039,11.369981558057091,3632.881475459948,56517093
