,f_samples,w_samples,rel_thr,abs_thr,sample_num
0,26288,18227,4220.186702404258,2476.597625089274,5742435
