,f_samples,w_samples,rel_thr,abs_thr,sample_num
0,67412,68236,59.82171448710506,91.62283788077194,17498592
