,f_samples,w_samples,rel_thr,abs_thr,sample_num
0,68057,80988,8.364184527879459,0.8687741579405323,19226805
