,f_samples,w_samples,rel_thr,abs_thr,sample_num
0,68930,7514,70.08202294127554,38.21888657583106,9861276
