,f_samples,w_samples,rel_thr,abs_thr,sample_num
0,37349,90953,2.8132615760625868,5.773313685247001,16550958
