,f_samples,w_samples,rel_thr,abs_thr,sample_num
0,35818,6775,6909.779131781013,7441.65436299583,5494497
