,f_samples,w_samples,rel_thr,abs_thr,sample_num
0,72057,17923,8.228201580378627,13.43513306177639,11607420
