,f_samples,w_samples,rel_thr,abs_thr,sample_num
0,43809,83524,70.31945888080594,2.838999627202121,16425957
