,f_samples,w_samples,rel_thr,abs_thr,sample_num
0,43423,68353,69.14501731340386,39.103631312625666,14419104
