,f_samples,w_samples,rel_thr,abs_thr,sample_num
0,45095,19152,6.385112829717038,7.965259423220376,8287863
