,f_samples,w_samples,rel_thr,abs_thr,sample_num
0,5698,55990,8667.248990700793,6363.052131668451,7957752
