,f_samples,w_samples,rel_thr,abs_thr,sample_num
0,11572,44306,7988.8091551791895,7976.311893635539,7208262
