,f_samples,w_samples,rel_thr,abs_thr,sample_num
0,88141,45040,55.42851773020434,71.75168651236302,17180349
