,f_samples,w_samples,rel_thr,abs_thr,sample_num
0,10878,8297,68.1833712884593,33.2750493992527,2473575
