,f_samples,w_samples,rel_thr,abs_thr,sample_num
0,12862,85974,13.642984354255011,2.960677841664199,12749844
