,f_samples,w_samples,rel_thr,abs_thr,sample_num
0,47412,32440,4.002673270321138,4.909582796159652,10300908
