,f_samples,w_samples,rel_thr,abs_thr,sample_num
0,37612,56497,349.7927189490655,1505.020682888214,12140061
