,f_samples,w_samples,rel_thr,abs_thr,sample_num
0,69047,57242,47.44518161313615,32.33661465109161,16291281
