,f_samples,w_samples,rel_thr,abs_thr,sample_num
0,36662,40525,658.1473087141604,6304.286420922329,9957123
