,f_samples,w_samples,rel_thr,abs_thr,sample_num
0,78121,64773,5834.070010840563,2093.0582731174163,18433326
