,f_samples,w_samples,rel_thr,abs_thr,sample_num
0,53963,7037,3601.108196537083,5498.302578836896,7869000
