,f_samples,w_samples,rel_thr,abs_thr,sample_num
0,66968,25413,3.76428443279282,8.803523170254843,11917149
