,f_samples,w_samples,rel_thr,abs_thr,sample_num
0,24018,61002,12.85097089299492,5.1529666486092776,10967580
