,f_samples,w_samples,rel_thr,abs_thr,sample_num
0,8786,13011,57.53050126907802,1.4786302376681992,2811813
