,f_samples,w_samples,rel_thr,abs_thr,sample_num
0,114981,427457,-0.5205688974963927,142355.7404959241,69974502
