,f_samples,w_samples,rel_thr,abs_thr,sample_num
0,292867,414399,3.8342082535694946,75196.2066266123,91237314
