,f_samples,w_samples,rel_thr,abs_thr,sample_num
0,77533,88253,5165.207788174748,9737.32586146446,21386394
