,f_samples,w_samples,rel_thr,abs_thr,sample_num
0,10184,36880,1176.0623216376182,1863.4037721978548,6071256
