,f_samples,w_samples,rel_thr,abs_thr,sample_num
0,70685,64740,7485.324756936111,761.3785098019055,17469825
