,f_samples,w_samples,rel_thr,abs_thr,sample_num
0,20934,22345,9984.90664142952,754.2439781610321,5582991
