,f_samples,w_samples,rel_thr,abs_thr,sample_num
0,75880,55030,8996.82654142783,1042.0558052048777,16887390
