,f_samples,w_samples,rel_thr,abs_thr,sample_num
0,8805,22199,7662.700815047598,1451.4217325017087,3999516
