,f_samples,w_samples,rel_thr,abs_thr,sample_num
0,65548,75441,4.74270653184556,9.552481523578772,18187581
