,f_samples,w_samples,rel_thr,abs_thr,sample_num
0,87609,33108,323.80257705903597,5943.056188831814,15572493
