,f_samples,w_samples,rel_thr,abs_thr,sample_num
0,82834,42552,28.27626387280027,11.45209539542076,16174794
