,f_samples,w_samples,rel_thr,abs_thr,sample_num
0,11714,11041,1.1719195795086108,14.17870631672318,2935395
