,f_samples,w_samples,rel_thr,abs_thr,sample_num
0,7286,61730,6666.298639133505,5921.224832517078,8903064
