,f_samples,w_samples,rel_thr,abs_thr,sample_num
0,79590,35093,4803.463271337449,682.8707067744156,14794107
