,f_samples,w_samples,rel_thr,abs_thr,sample_num
0,85233,53083,6115.712109063843,212.13746728562577,17842764
