,f_samples,w_samples,rel_thr,abs_thr,sample_num
0,91912,43589,5341.764931395613,7382.538422613883,17479629
