,f_samples,w_samples,rel_thr,abs_thr,sample_num
0,89389,53583,4333.224959515048,105.19754506924328,18443388
