,f_samples,w_samples,rel_thr,abs_thr,sample_num
0,70022,33975,6281.756930873647,1193.6606238872016,13415613
