,f_samples,w_samples,rel_thr,abs_thr,sample_num
0,23597,46781,45.40070136940901,19.383617232926078,9078762
