,f_samples,w_samples,rel_thr,abs_thr,sample_num
0,14781,18208,8.570575210446732,3.0742359918684583,4255581
