,f_samples,w_samples,rel_thr,abs_thr,sample_num
0,49389,79234,2.8768631254464996,10.5890754743645,16592367
