,f_samples,w_samples,rel_thr,abs_thr,sample_num
0,285303,409586,6.644211222480578,129656.97791443656,89640681
