,f_samples,w_samples,rel_thr,abs_thr,sample_num
0,72318,49274,1.34111494972616,13.372497268718735,15685368
