,f_samples,w_samples,rel_thr,abs_thr,sample_num
0,86770,31706,3.075329411639073,4.133132322964112,15283404
