,f_samples,w_samples,rel_thr,abs_thr,sample_num
0,37120,53749,90.30903230530677,92.60390127771026,11722101
