,f_samples,w_samples,rel_thr,abs_thr,sample_num
0,80405,17627,4992.677046220408,1997.0061921117554,12646128
