,f_samples,w_samples,rel_thr,abs_thr,sample_num
0,21648,9146,1.9045644582980756,4.8987380182751945,3972426
