,f_samples,w_samples,rel_thr,abs_thr,sample_num
0,42577,48840,3310.009727494791,4724.976654128519,11792793
