,f_samples,w_samples,rel_thr,abs_thr,sample_num
0,7522,74558,35.002271622616476,93.5244151700251,10588320
