,f_samples,w_samples,rel_thr,abs_thr,sample_num
0,53931,13106,-0.3052437062522806,14.792385315245221,8647773
