,f_samples,w_samples,rel_thr,abs_thr,sample_num
0,77219,34506,4394.975673678181,3290.1350985938925,14412525
