,f_samples,w_samples,rel_thr,abs_thr,sample_num
0,65346,38482,59.274381120190206,50.35316710522635,13393812
