,f_samples,w_samples,rel_thr,abs_thr,sample_num
0,75698,76208,4502.1761302017185,8385.066511652329,19595874
