,f_samples,w_samples,rel_thr,abs_thr,sample_num
0,70488,40964,69.38664718208994,22.888362153436127,14377308
