,f_samples,w_samples,rel_thr,abs_thr,sample_num
0,22439,15697,6.051310600481469,25.299768083955787,4919544
