,f_samples,w_samples,rel_thr,abs_thr,sample_num
0,14871,71530,55.07852679379844,45.64171640706485,11145729
