,f_samples,w_samples,rel_thr,abs_thr,sample_num
0,52011,39878,9959.394705911418,7734.740926346082,11853681
