,f_samples,w_samples,rel_thr,abs_thr,sample_num
0,41171,9473,3.3743448408348797,80.1595254090771,6533076
