,f_samples,w_samples,rel_thr,abs_thr,sample_num
0,75421,51109,6.286178660177412,82.50159638681127,16322370
