,f_samples,w_samples,rel_thr,abs_thr,sample_num
0,35515,61876,9.826482325374618,1.086018925442032,12563439
