,f_samples,w_samples,rel_thr,abs_thr,sample_num
0,28609,21815,7678.629224316211,7335.935949079828,6504696
