,f_samples,w_samples,rel_thr,abs_thr,sample_num
0,64477,61466,3570.022931841679,7637.363021972531,16246647
