,f_samples,w_samples,rel_thr,abs_thr,sample_num
0,61626,41362,4280.68753059667,6293.425786379744,13285452
