,f_samples,w_samples,rel_thr,abs_thr,sample_num
0,85683,30578,11.234814435160446,11.029603160353522,14997669
