,f_samples,w_samples,rel_thr,abs_thr,sample_num
0,77234,78864,5132.662261845719,8183.824148833425,20136642
