,f_samples,w_samples,rel_thr,abs_thr,sample_num
0,57582,72346,6.003819403220495,4.426268075634308,16760712
