,f_samples,w_samples,rel_thr,abs_thr,sample_num
0,63129,50546,96.23491714987601,44.06217483586954,14664075
