,f_samples,w_samples,rel_thr,abs_thr,sample_num
0,56345,53958,1.1544209304584214,2.672629169280955,14229087
