,f_samples,w_samples,rel_thr,abs_thr,sample_num
0,162602,53946,5.3360882321256895,187367.97055298073,27934692
