,f_samples,w_samples,rel_thr,abs_thr,sample_num
0,33168,30364,3464.879696651682,6697.0178873672085,8195628
