,f_samples,w_samples,rel_thr,abs_thr,sample_num
0,74616,86418,58.76843881927423,44.30969005503449,20773386
