,f_samples,w_samples,rel_thr,abs_thr,sample_num
0,421482,87827,-0.4325306737129022,146109.44483588144,65700861
