,f_samples,w_samples,rel_thr,abs_thr,sample_num
0,9427,17932,7905.894121529803,6194.136543671875,3529311
