,f_samples,w_samples,rel_thr,abs_thr,sample_num
0,71908,15648,3617.645730057647,5810.309553567119,11294724
