,f_samples,w_samples,rel_thr,abs_thr,sample_num
0,45522,69438,73.27051585194461,95.22113718618107,14829840
