,f_samples,w_samples,rel_thr,abs_thr,sample_num
0,64691,10092,28.789307666745174,78.08923740987872,9647007
