,f_samples,w_samples,rel_thr,abs_thr,sample_num
0,44847,89396,6.165095578570966,6.541741882962362,17317347
