,f_samples,w_samples,rel_thr,abs_thr,sample_num
0,83520,86821,877.735268235135,1954.6382371071502,21973989
