,f_samples,w_samples,rel_thr,abs_thr,sample_num
0,33765,59946,4.905922782559099,11.953540484075157,12088719
