,f_samples,w_samples,rel_thr,abs_thr,sample_num
0,29142,68401,8480.602508295588,29.330170737283943,12583047
