,f_samples,w_samples,rel_thr,abs_thr,sample_num
0,32902,17984,8830.953854789923,9413.1187047137,6564294
