,f_samples,w_samples,rel_thr,abs_thr,sample_num
0,42799,24883,7441.380304510165,3939.724767842656,8730978
