,f_samples,w_samples,rel_thr,abs_thr,sample_num
0,55824,83340,8.32735937588874,10.71359090170441,17952156
