,f_samples,w_samples,rel_thr,abs_thr,sample_num
0,62997,42797,1364.7481695317863,6021.205744408581,13647426
