,f_samples,w_samples,rel_thr,abs_thr,sample_num
0,49775,79392,14.17361841232908,43.93772074933754,16662543
