,f_samples,w_samples,rel_thr,abs_thr,sample_num
0,66193,17700,10.603192141576308,7.718003394930005,10822197
