,f_samples,w_samples,rel_thr,abs_thr,sample_num
0,16777,53924,16.264869084306753,62.85082667834764,9120429
