,f_samples,w_samples,rel_thr,abs_thr,sample_num
0,90639,84472,234.45793027341654,7992.3749290215455,22589319
