,f_samples,w_samples,rel_thr,abs_thr,sample_num
0,6063,91227,10.890920737374417,1.9741061855492326,12550410
