,f_samples,w_samples,rel_thr,abs_thr,sample_num
0,39754,6523,4860.415464725722,6126.136778453344,5969733
