,f_samples,w_samples,rel_thr,abs_thr,sample_num
0,57836,51701,1593.7706939038696,9033.13992051617,14130273
