,f_samples,w_samples,rel_thr,abs_thr,sample_num
0,56956,79533,4645.091570671046,4515.666791904441,17607081
