,f_samples,w_samples,rel_thr,abs_thr,sample_num
0,42358,56749,3.985074666430055,6.931169153782842,12784803
