,f_samples,w_samples,rel_thr,abs_thr,sample_num
0,11967,51712,2.3603459911410427,48.75800058558208,8214591
