,f_samples,w_samples,rel_thr,abs_thr,sample_num
0,34940,15531,11.39922094178184,75.18075313797314,6510759
