,f_samples,w_samples,rel_thr,abs_thr,sample_num
0,24469,72513,1283.35489703104,1773.2833873911914,12510678
