,f_samples,w_samples,rel_thr,abs_thr,sample_num
0,12215,94586,5641.564206697466,5722.339821377513,13777329
