,f_samples,w_samples,rel_thr,abs_thr,sample_num
0,31547,81527,1.4744756968917905,14.497524686464958,14586546
