,f_samples,w_samples,rel_thr,abs_thr,sample_num
0,63547,65031,1025.0889684421302,4874.661297431173,16586562
