,f_samples,w_samples,rel_thr,abs_thr,sample_num
0,18239,42121,6018.487541777653,2798.9627875361266,7786440
