,f_samples,w_samples,rel_thr,abs_thr,sample_num
0,40710,63694,7.697842945682764,0.269325583108867,13468116
