,f_samples,w_samples,rel_thr,abs_thr,sample_num
0,92719,62331,9720.21715098584,6667.867013892877,20001450
