,f_samples,w_samples,rel_thr,abs_thr,sample_num
0,57759,54551,14.367139570753894,76.22142695764036,14487990
