,f_samples,w_samples,rel_thr,abs_thr,sample_num
0,24947,26592,6875.757553668846,170.4334083969372,6648531
