,f_samples,w_samples,rel_thr,abs_thr,sample_num
0,87828,71307,9105.15661164877,6126.744686124156,20528415
