,f_samples,w_samples,rel_thr,abs_thr,sample_num
0,56803,88667,5.548596358463589,4.6424625249645,18765630
