,f_samples,w_samples,rel_thr,abs_thr,sample_num
0,57744,23582,49.635334422431896,30.085666355692155,10491054
