,f_samples,w_samples,rel_thr,abs_thr,sample_num
0,41467,8084,9837.501796967948,3809.6771355543733,6392079
