,f_samples,w_samples,rel_thr,abs_thr,sample_num
0,17635,20150,9.753857856178017,0.4016742967024217,4874265
