,f_samples,w_samples,rel_thr,abs_thr,sample_num
0,87608,16045,6240.526259434046,9517.333442991156,13371237
