,f_samples,w_samples,rel_thr,abs_thr,sample_num
0,90344,73931,17.55352840172382,75.05881099082453,21191475
