,f_samples,w_samples,rel_thr,abs_thr,sample_num
0,62115,57807,8.340439752020547,8.309369575841142,15469938
