,f_samples,w_samples,rel_thr,abs_thr,sample_num
0,27448,66176,9728.84556546463,6362.593700308118,12077496
