,f_samples,w_samples,rel_thr,abs_thr,sample_num
0,79354,26398,1.2401560607108895,5.960671956849679,13642008
