,f_samples,w_samples,rel_thr,abs_thr,sample_num
0,70096,18581,4249.87910914797,5730.850350534472,11439333
