,f_samples,w_samples,rel_thr,abs_thr,sample_num
0,87413,13887,53.05942430507704,26.34957040884244,13067700
