,f_samples,w_samples,rel_thr,abs_thr,sample_num
0,340516,325229,9.475163682287345,101645.27769331417,85881105
