,f_samples,w_samples,rel_thr,abs_thr,sample_num
0,71500,25514,90.65620974252565,90.7939705569372,12514806
