,f_samples,w_samples,rel_thr,abs_thr,sample_num
0,62708,290813,1.653170125654004,18052.306818539466,45604209
