,f_samples,w_samples,rel_thr,abs_thr,sample_num
0,364030,284356,13.017535272647777,168854.92010655167,83641794
