,f_samples,w_samples,rel_thr,abs_thr,sample_num
0,47628,72150,90.12899035151959,15.847796383665603,15451362
