,f_samples,w_samples,rel_thr,abs_thr,sample_num
0,46607,65638,51.1390097193884,72.20615691577805,14479605
