,f_samples,w_samples,rel_thr,abs_thr,sample_num
0,76224,84523,9.12168895690671,84.52413297543963,20736363
