,f_samples,w_samples,rel_thr,abs_thr,sample_num
0,16031,61503,6679.990462067495,6348.078658094502,10001886
