,f_samples,w_samples,rel_thr,abs_thr,sample_num
0,25362,88504,3.3212745215177737,8.028326301798856,14688714
