,f_samples,w_samples,rel_thr,abs_thr,sample_num
0,68691,93480,9.38080937640893,0.9076559051542982,20920059
