,f_samples,w_samples,rel_thr,abs_thr,sample_num
0,39915,85341,13.27388033644132,14.873250993702129,16158024
