,f_samples,w_samples,rel_thr,abs_thr,sample_num
0,15578,41585,3209.7980044333817,8507.715910593311,7374027
