,f_samples,w_samples,rel_thr,abs_thr,sample_num
0,82959,12690,68.70332918695816,9.711000629922395,12338721
