,f_samples,w_samples,rel_thr,abs_thr,sample_num
0,14491,36238,5.891131565233355,10.031233498988149,6544041
