,f_samples,w_samples,rel_thr,abs_thr,sample_num
0,122446,424306,82.00902027004237,22.362536127352563,70531008
