,f_samples,w_samples,rel_thr,abs_thr,sample_num
0,68823,24793,12.662665715849785,7.04786551548392,12076464
