,f_samples,w_samples,rel_thr,abs_thr,sample_num
0,326307,153268,9.369948774010755,59828.80373366375,61865175
