,f_samples,w_samples,rel_thr,abs_thr,sample_num
0,87324,63865,4975.757719235786,3972.8486605315484,19503381
