,x_axis,y_axis
0,False,47.93881295669041
1,True,47.73666755107849
