,x_axis,y_axis
0,False,41.23584604673683
1,True,40.54477455792905
