,x_axis,y_axis
0,False,49.81623176692555
1,True,49.76116550449465
