,x_axis,y_axis
0,False,49.83013691564652
1,True,49.79929581713693
