,x_axis,y_axis
0,False,47.982421247767086
1,True,47.637425992491465
