,x_axis,y_axis
0,False,49.77664649035336
1,True,49.81077249923886
