,x_axis,y_axis
0,False,45.99914699271419
1,True,45.4043887278097
