,x_axis,y_axis
0,False,49.811388431427225
1,True,49.82684218509454
