,x_axis,y_axis
0,False,49.78914840414896
1,True,49.78658516246033
