,x_axis,y_axis
0,False,45.92281884719331
1,True,45.416227167479725
