,x_axis,y_axis
0,False,49.80619218637128
1,True,49.85000607606444
