,x_axis,y_axis
0,False,49.77464177105898
1,True,49.810772499238894
