,x_axis,y_axis
0,False,49.82137323874442
1,True,49.75210619905667
