,x_axis,y_axis
0,False,49.820289729471796
1,True,49.80760194283744
