,x_axis,y_axis
0,False,49.77679456064547
1,True,49.76477437585173
