,x_axis,y_axis
0,False,46.07876049883244
1,True,45.296903223878545
