,x_axis,y_axis
0,False,48.01505343344112
1,True,47.64857318199549
