,x_axis,y_axis
0,False,49.75775659581363
1,True,49.786585162460355
