,x_axis,y_axis
0,False,46.11713534569477
1,True,45.17147051257748
