,x_axis,y_axis
0,False,49.84169765430082
1,True,49.740838782332645
