,x_axis,y_axis
0,False,44.84971545115293
1,True,43.961615626592895
