,x_axis,y_axis
0,False,40.504982313245975
1,True,41.60748928913151
