,x_axis,y_axis
0,False,49.844364904503664
1,True,49.79901618168321
