,x_axis,y_axis
0,False,47.93949134187979
1,True,47.64857318199549
