,x_axis,y_axis
0,False,49.81514420652155
1,True,49.840619873894724
