,x_axis,y_axis
0,False,45.9347377487687
1,True,45.416227167479725
