,x_axis,y_axis
0,False,40.662876408196524
1,True,41.176153336079345
