,x_axis,y_axis
0,False,49.7768167696558
1,True,49.79814438788044
