,x_axis,y_axis
0,False,48.01224145521334
1,True,47.66523352051121
