,x_axis,y_axis
0,False,49.82877067220025
1,True,49.806589827053514
