,x_axis,y_axis
0,False,44.052894213273504
1,True,44.8693515138245
