,x_axis,y_axis
0,False,41.5884242751697
1,True,40.54477455792907
