,x_axis,y_axis
0,False,43.8313675806858
1,True,45.05265357084599
