,x_axis,y_axis
0,False,41.59988576311042
1,True,40.16353726579626
