,x_axis,y_axis
0,False,44.89937616683035
1,True,43.961615626592916
