,x_axis,y_axis
0,False,49.80023098883387
1,True,49.840619873894724
