,x_axis,y_axis
0,False,49.83275364844466
1,True,49.75210619905665
