,x_axis,y_axis
0,False,49.807859197704026
1,True,49.835423185555115
