,x_axis,y_axis
0,False,47.870600063016724
1,True,47.73666755107849
