,x_axis,y_axis
0,False,49.84673896846089
1,True,49.74168110657894
