,x_axis,y_axis
0,False,49.84839064608325
1,True,49.80658982705353
