,x_axis,y_axis
0,False,49.778818037429055
1,True,49.76116550449466
