,x_axis,y_axis
0,False,49.7963872315663
1,True,49.835423185555136
