,x_axis,y_axis
0,False,44.30827014044176
1,True,44.58447626493714
