,x_axis,y_axis
0,False,42.046703924584875
1,True,40.163537265796265
