,x_axis,y_axis
0,False,44.36673641640658
1,True,44.5844762649371
