,x_axis,y_axis
0,False,49.834677190052844
1,True,49.80760194283742
