,x_axis,y_axis
0,False,46.16798187512079
1,True,45.17147051257751
