,f_samples,w_samples,rel_thr,abs_thr,sample_num
0,68323,34540,51.92798969574568,93.56578350067797,13269327
