,f_samples,w_samples,rel_thr,abs_thr,sample_num
0,83234,5269,4.556551659529296,2.8840908748681526,11416887
