,f_samples,w_samples,rel_thr,abs_thr,sample_num
0,44907,29305,6.0695213502048,4.713122237519164,9573348
