,f_samples,w_samples,rel_thr,abs_thr,sample_num
0,77532,89614,6321.584220007856,5380.840145597798,21561834
