,f_samples,w_samples,rel_thr,abs_thr,sample_num
0,89667,64823,9593.833839442077,3863.7626697763385,19929210
