,f_samples,w_samples,rel_thr,abs_thr,sample_num
0,27056,55544,0.9851856208232483,144260.27376058444,10655400
