,f_samples,w_samples,rel_thr,abs_thr,sample_num
0,31202,43891,2190.0514195462483,4065.7162423780833,9686997
