,f_samples,w_samples,rel_thr,abs_thr,sample_num
0,68456,5802,5.069516444938532,8.553048160366163,9579282
