,f_samples,w_samples,rel_thr,abs_thr,sample_num
0,6598,94110,57.636606208684555,39.23552174948243,12991332
