,f_samples,w_samples,rel_thr,abs_thr,sample_num
0,68723,80150,13.80078235528578,3.1546105963272453,19204617
