,f_samples,w_samples,rel_thr,abs_thr,sample_num
0,73792,12026,6.315184481376331,0.7931838195969798,11070522
