,f_samples,w_samples,rel_thr,abs_thr,sample_num
0,19468,94005,3.969063012442575,14.457169504729725,14638017
