,f_samples,w_samples,rel_thr,abs_thr,sample_num
0,13606,32107,12.80559943298356,14.069187997129717,5896977
