,f_samples,w_samples,rel_thr,abs_thr,sample_num
0,20431,79863,0.4488322834180387,11.638680168054842,12937926
