,f_samples,w_samples,rel_thr,abs_thr,sample_num
0,60346,82602,1.304820170079541,4.272387495129476,18440292
