,f_samples,w_samples,rel_thr,abs_thr,sample_num
0,12579,24254,365.74799507267267,3314.925384918177,4751457
