,f_samples,w_samples,rel_thr,abs_thr,sample_num
0,193483,207126,14.589481557442728,22725.550821333472,51678561
