,f_samples,w_samples,rel_thr,abs_thr,sample_num
0,18300,32195,1.8811600602197434,3.603348543773088,6513855
