,f_samples,w_samples,rel_thr,abs_thr,sample_num
0,81238,34593,9.609179357794973,5.445357598657646,14942199
