,f_samples,w_samples,rel_thr,abs_thr,sample_num
0,68356,72597,5.658675253545331,13.986081418782293,18182937
