,f_samples,w_samples,rel_thr,abs_thr,sample_num
0,88800,51505,6211.423160451703,1309.8498597350429,18099345
