,f_samples,w_samples,rel_thr,abs_thr,sample_num
0,68709,56024,11.627068909156588,1.6065643763519422,16090557
