,f_samples,w_samples,rel_thr,abs_thr,sample_num
0,84417,92423,5270.755975571836,3713.9683650164834,22812360
