,f_samples,w_samples,rel_thr,abs_thr,sample_num
0,33750,85244,94.75760439546137,44.96226328535769,15350226
