,f_samples,w_samples,rel_thr,abs_thr,sample_num
0,95225,69154,11.856218909624491,6.085011655833349,21204891
