,f_samples,w_samples,rel_thr,abs_thr,sample_num
0,20504,49035,38.74450832283967,56.79357564812039,8970531
