,f_samples,w_samples,rel_thr,abs_thr,sample_num
0,70399,40606,0.8749404663118714,9.548003425217427,14319645
