,f_samples,w_samples,rel_thr,abs_thr,sample_num
0,19235,41680,4397.265842999592,5951.269577651551,7858035
