,f_samples,w_samples,rel_thr,abs_thr,sample_num
0,43772,27521,9.51316201462201,12.842529258709261,9196797
