,f_samples,w_samples,rel_thr,abs_thr,sample_num
0,52124,39280,9.679346577339206,13.112882095859158,11791116
