,Protocol,1 SNR,5 SNR,10 SNR,20 SNR,40 SNR
0,Schurmann,37.3046875,33.328125,26.0703125,13.609375,2.9375
1,Miettinen,48.15625,36.1484375,16.171875,3.0234375,0.375
2,Perceptio,17.0,17.25,16.0625,17.5,2.875
3,FastZip,46.546875,36.4375,25.65625,8.3046875,1.3125
4,IoTCupid,32.25,34.6875,34.5625,33.0,34.75
