,Protocol,1 SNR,5 SNR,10 SNR,20 SNR,40 SNR
0,Schurmann,49.4296875,49.421875,49.453125,49.4453125,49.421875
1,Miettinen,10.53125,10.484375,10.5234375,10.53125,10.5703125
2,Perceptio,31.25,30.8125,28.8125,29.75,27.9375
3,FastZip,49.1328125,49.109375,49.140625,49.140625,49.125
4,IoTCupid,36.6875,38.375,39.0625,39.4375,38.0625
