,Protocol,1 SNR,5 SNR,10 SNR,20 SNR,40 SNR,80 SNR
0,Schurmann,49.40625,49.765625,48.9375,49.6015625,49.359375,49.4375
1,Miettinen,49.765625,48.5234375,39.21875,28.9296875,28.1640625,28.2890625
2,Perceptio,17.5625,15.75,18.625,21.5625,20.1875,19.75
3,FastZip,49.9453125,49.484375,48.3671875,47.4375,49.1171875,49.140625
4,IoTCupid,19.6875,23.25,28.25,29.5625,27.3125,28.25
