,Protocol,1 SNR,5 SNR,10 SNR,20 SNR,40 SNR
0,Schurmann,0.3671875,0.25,0.1484375,0.03125,0.0
1,Miettinen,0.5234375,0.3515625,0.171875,0.0859375,0.0
2,Perceptio,24.875,24.125,23.875,14.1875,1.375
3,FastZip,0.015625,0.0546875,0.046875,0.0078125,0.0
4,IoTCupid,31.0625,37.0,31.125,32.9375,19.1875
