,Protocol,1 SNR,5 SNR,10 SNR,20 SNR,40 SNR
0,Schurmann,49.4140625,49.6015625,48.8203125,49.5546875,49.390625
1,Miettinen,50.8359375,49.046875,39.7265625,29.34375,28.1328125
2,Perceptio,14.6875,16.25,19.375,19.1875,18.4375
3,FastZip,50.1953125,50.3828125,48.59375,48.09375,48.7265625
4,IoTCupid,37.5,36.0,38.1875,35.5625,34.5625
