,Protocol,1 SNR,5 SNR,10 SNR,20 SNR,40 SNR
0,Schurmann,47.25,47.609375,47.203125,41.703125,13.5078125
1,Miettinen,0.0,0.0,0.0,0.0,0.0
2,Perceptio,25.5625,26.8125,27.4375,23.75,5.625
3,FastZip,49.9609375,49.09375,48.578125,17.203125,2.125
4,IoTCupid,23.25,18.9375,24.4375,19.9375,18.625
