,Protocol,1 SNR,5 SNR,10 SNR,20 SNR,40 SNR
0,Schurmann,51.0390625,49.359375,50.171875,49.375,56.203125
1,Miettinen,39.7734375,40.859375,40.1953125,40.453125,37.9453125
2,Perceptio,26.9375,24.25,26.0,25.1875,27.75
3,FastZip,49.65625,49.2421875,49.828125,49.2265625,49.2890625
4,IoTCupid,24.75,18.9375,23.6875,21.25,20.5625
