,Protocol,1 SNR,5 SNR,10 SNR,20 SNR,40 SNR
0,Schurmann,20.6328125,14.484375,8.3046875,2.9375,0.03125
1,Miettinen,0.0,0.0,0.0,0.0,0.0
2,Perceptio,26.75,26.3125,23.6875,19.4375,8.6875
3,FastZip,49.890625,49.9375,47.0546875,15.40625,1.609375
4,IoTCupid,20.1875,19.1875,16.375,21.25,1.0625
