,Protocol,1 SNR,5 SNR,10 SNR,20 SNR,40 SNR
0,Schurmann,42.78125,45.8203125,48.6328125,50.25,49.9921875
1,Miettinen,88.28125,88.28125,88.28125,88.28125,88.28125
2,Perceptio,27.4375,26.4375,25.4375,26.4375,29.6875
3,FastZip,49.7734375,50.046875,49.890625,49.9609375,49.4140625
4,IoTCupid,24.125,20.375,21.25,18.75,18.0
