,f_samples,w_samples,rel_thr,abs_thr,sample_num
0,34147,90663,12.110996582973922,1.0453464394364231,16100490
