,f_samples,w_samples,rel_thr,abs_thr,sample_num
0,42077,18772,1678.7739089579495,9155.714814812012,7849521
