,f_samples,w_samples,rel_thr,abs_thr,sample_num
0,88253,23735,4548.592526345589,6463.535428036117,14446452
