,f_samples,w_samples,rel_thr,abs_thr,sample_num
0,43873,74122,8566.625417818677,782.3392504515402,15221355
