,f_samples,w_samples,rel_thr,abs_thr,sample_num
0,53053,58612,5.322683051733437,11.161228292946184,14404785
