,f_samples,w_samples,rel_thr,abs_thr,sample_num
0,48199,94111,4652.6287014717855,926.1037677149608,18357990
