,f_samples,w_samples,rel_thr,abs_thr,sample_num
0,67967,42656,10.591254393243,11.606728680816973,14270367
