,f_samples,w_samples,rel_thr,abs_thr,sample_num
0,20642,15639,5036.892787132909,462.39880351518605,4680249
