,f_samples,w_samples,rel_thr,abs_thr,sample_num
0,58237,24494,12.51082715264992,5.662001261872196,10672299
