,f_samples,w_samples,rel_thr,abs_thr,sample_num
0,57782,72938,11.181147270121564,10.782188301588608,16862880
