,f_samples,w_samples,rel_thr,abs_thr,sample_num
0,7229,70904,3244.158273488959,9578.355088159075,10079157
