,f_samples,w_samples,rel_thr,abs_thr,sample_num
0,28954,48993,1139.5423987805048,3087.555732683147,10055163
