,f_samples,w_samples,rel_thr,abs_thr,sample_num
0,29592,54723,6145.838200738244,4185.385649821243,10876635
