,f_samples,w_samples,rel_thr,abs_thr,sample_num
0,24891,65307,2.2938850402884725,3.258969537124367,11635542
