,f_samples,w_samples,rel_thr,abs_thr,sample_num
0,36539,59241,6.482682563131384,7.829898064165407,12355620
