,f_samples,w_samples,rel_thr,abs_thr,sample_num
0,154747,18784,52.847124710516105,44.78024583150601,22385499
