,f_samples,w_samples,rel_thr,abs_thr,sample_num
0,53100,47691,9182.807991245378,9407.653740012476,13002039
