,f_samples,w_samples,rel_thr,abs_thr,sample_num
0,166909,124369,12.038478576986758,151013.47891569394,37574862
