,f_samples,w_samples,rel_thr,abs_thr,sample_num
0,17003,68220,70.37916596288129,99.49069189615646,10993767
