,f_samples,w_samples,rel_thr,abs_thr,sample_num
0,46490,44660,1962.9173928007765,8750.029386803479,11758350
