,f_samples,w_samples,rel_thr,abs_thr,sample_num
0,42025,35474,13.29981386516479,12.416029349678723,9997371
