,f_samples,w_samples,rel_thr,abs_thr,sample_num
0,291262,442090,3.8317955173794918,138093.66121353337,94602408
