,f_samples,w_samples,rel_thr,abs_thr,sample_num
0,67182,86737,15.777290709896938,85.4179483374008,19855551
