,f_samples,w_samples,rel_thr,abs_thr,sample_num
0,37131,20875,7429.73349502994,2063.408372477128,7482774
