,f_samples,w_samples,rel_thr,abs_thr,sample_num
0,46388,32246,7453.020270337102,4827.585269796077,10143786
