,f_samples,w_samples,rel_thr,abs_thr,sample_num
0,83329,9994,91.32950341813485,55.62058506635098,12038667
