,f_samples,w_samples,rel_thr,abs_thr,sample_num
0,25799,25188,4816.476042008137,8788.447990851493,6577323
