,f_samples,w_samples,rel_thr,abs_thr,sample_num
0,30600,29662,5.9238456511029565,11.479096667524388,7773798
