,f_samples,w_samples,rel_thr,abs_thr,sample_num
0,52887,92115,8.324443230913994,3.7415236708311927,18705258
