,f_samples,w_samples,rel_thr,abs_thr,sample_num
0,56840,47319,7.1544891519694875,11.971685802249262,13436511
