,f_samples,w_samples,rel_thr,abs_thr,sample_num
0,82622,73883,47.15225799210841,1.5524594331738917,20189145
