,f_samples,w_samples,rel_thr,abs_thr,sample_num
0,5455,45640,11.883881249256003,2.6603638146462427,6591255
