,f_samples,w_samples,rel_thr,abs_thr,sample_num
0,8182,10578,14.42808704522504,3.6946078689342077,2420040
