,f_samples,w_samples,rel_thr,abs_thr,sample_num
0,62261,7462,1126.1161363228316,6699.572650807178,8994267
