,f_samples,w_samples,rel_thr,abs_thr,sample_num
0,72278,87276,2.2646057147742162,13.80392152336564,20582466
