,f_samples,w_samples,rel_thr,abs_thr,sample_num
0,90548,5892,8963.751972074193,2771.4595665484876,12440760
