,f_samples,w_samples,rel_thr,abs_thr,sample_num
0,44858,17305,2.28713233501853,0.12589791692530106,8019027
