,f_samples,w_samples,rel_thr,abs_thr,sample_num
0,15760,44900,5687.661531325676,5121.60260869187,7825140
