,f_samples,w_samples,rel_thr,abs_thr,sample_num
0,78419,76729,14.15816970229702,7.769145405469542,20014092
