,f_samples,w_samples,rel_thr,abs_thr,sample_num
0,28321,76422,6120.85547649764,8930.272985710191,13511847
