,f_samples,w_samples,rel_thr,abs_thr,sample_num
0,12184,48945,96.88997520919197,45.36700028257235,7885641
