,f_samples,w_samples,rel_thr,abs_thr,sample_num
0,69129,45399,32.73571386057175,42.16931356846428,14774112
