,f_samples,w_samples,rel_thr,abs_thr,sample_num
0,14111,88500,5613.3065326908945,1930.3227237026465,13236819
