,f_samples,w_samples,rel_thr,abs_thr,sample_num
0,53271,61071,44.97962139623317,59.3866174652278,14750118
