,f_samples,w_samples,rel_thr,abs_thr,sample_num
0,12765,39751,80.8422756178743,59.72182175362304,6774564
