,f_samples,w_samples,rel_thr,abs_thr,sample_num
0,84042,15710,7378.663559868024,7619.295215733535,12868008
