,f_samples,w_samples,rel_thr,abs_thr,sample_num
0,69126,47960,8.178284274837203,0.849753584588086,15104094
