,f_samples,w_samples,rel_thr,abs_thr,sample_num
0,39901,33850,5.291187550822656,11.731224591854094,9513879
