,f_samples,w_samples,rel_thr,abs_thr,sample_num
0,93529,63909,8496.236432455586,3764.4432318207187,20309502
