,f_samples,w_samples,rel_thr,abs_thr,sample_num
0,44610,15026,13.583172007559401,75.99725096151597,7693044
