,f_samples,w_samples,rel_thr,abs_thr,sample_num
0,88360,74590,3.5239246084133935,2.3630509544062175,21020550
