,f_samples,w_samples,rel_thr,abs_thr,sample_num
0,43499,357331,6.5294328956670515,131508.6189966243,51707070
