,f_samples,w_samples,rel_thr,abs_thr,sample_num
0,32529,68809,1.6034667995942105,10.590729563240524,13072602
