,f_samples,w_samples,rel_thr,abs_thr,sample_num
0,60041,65591,6.6190846821631375,4.586880188884427,16206528
