,f_samples,w_samples,rel_thr,abs_thr,sample_num
0,53870,93587,10.258018478807216,1.2972330209926204,19021953
