,f_samples,w_samples,rel_thr,abs_thr,sample_num
0,70903,56942,0.024596755213144306,2.6772703061232312,16492005
