,f_samples,w_samples,rel_thr,abs_thr,sample_num
0,62731,91589,12.926119140360464,2.526498761742435,19907280
