,f_samples,w_samples,rel_thr,abs_thr,sample_num
0,45880,35360,7230.199260590558,461.9763797159937,10479960
