,f_samples,w_samples,rel_thr,abs_thr,sample_num
0,72445,54094,85.8960828526178,47.865681304993956,16323531
