,f_samples,w_samples,rel_thr,abs_thr,sample_num
0,47500,46027,16.126501216425858,0.45925251214942175,12064983
