,f_samples,w_samples,rel_thr,abs_thr,sample_num
0,261225,44764,9.92759574002132,33274.19205093185,39472581
