,f_samples,w_samples,rel_thr,abs_thr,sample_num
0,84374,89795,13.592839836989997,11.510842362359014,22467801
