,f_samples,w_samples,rel_thr,abs_thr,sample_num
0,54220,12507,8863.270222263794,489.66135586132384,8607783
