,f_samples,w_samples,rel_thr,abs_thr,sample_num
0,94582,33712,8006.3666484680625,2987.7270771348676,16549926
