,f_samples,w_samples,rel_thr,abs_thr,sample_num
0,89997,23713,7466.011290250547,5407.301955484892,14668590
