,f_samples,w_samples,rel_thr,abs_thr,sample_num
0,49437,56716,49.745509758859654,96.16175040992152,13693737
