,f_samples,w_samples,rel_thr,abs_thr,sample_num
0,77992,62757,9.647842440546269,2.561633502625872,18156621
