,f_samples,w_samples,rel_thr,abs_thr,sample_num
0,26508,58717,8.897308601322289,5.763964103706661,10994025
