,f_samples,w_samples,rel_thr,abs_thr,sample_num
0,70513,46987,8617.928584424846,6281.44260410401,15157500
