,f_samples,w_samples,rel_thr,abs_thr,sample_num
0,24851,5352,11.426392634087252,12.19720520380637,3896187
