,f_samples,w_samples,rel_thr,abs_thr,sample_num
0,60888,68764,6372.42623384533,4121.608812259706,16725108
