,f_samples,w_samples,rel_thr,abs_thr,sample_num
0,220157,11562,11.713179656269572,76779.9288788511,29891751
