,f_samples,w_samples,rel_thr,abs_thr,sample_num
0,53763,5119,10.97261600248897,12.613472813080019,7595778
