,f_samples,w_samples,rel_thr,abs_thr,sample_num
0,56580,57030,6128.478282477917,3301.1693263697116,14655690
