,f_samples,w_samples,rel_thr,abs_thr,sample_num
0,16306,81297,7.450698910192854,3.177018326205388,12590787
