,f_samples,w_samples,rel_thr,abs_thr,sample_num
0,90579,9881,9965.27227073731,3853.5256643098523,12959340
