,f_samples,w_samples,rel_thr,abs_thr,sample_num
0,11812,7272,8382.228560003261,3504.505734889689,2461836
