,f_samples,w_samples,rel_thr,abs_thr,sample_num
0,39218,15768,2889.509452499817,1935.2868134048729,7093194
