,f_samples,w_samples,rel_thr,abs_thr,sample_num
0,34165,63266,9.29535872991877,9.166363793143004,12568599
