,f_samples,w_samples,rel_thr,abs_thr,sample_num
0,28300,37181,2993.4613020707257,5004.88070020696,8447049
