,f_samples,w_samples,rel_thr,abs_thr,sample_num
0,31594,50061,66.06186075681433,99.48736141445545,10533495
