,f_samples,w_samples,rel_thr,abs_thr,sample_num
0,475247,167444,12.719538236724324,14361.219502000977,82907139
