,f_samples,w_samples,rel_thr,abs_thr,sample_num
0,53720,8593,93.02999614544818,97.93318691183161,8038377
