,f_samples,w_samples,rel_thr,abs_thr,sample_num
0,40067,84308,6.513222415256074,0.5841336485088255,16044375
