,f_samples,w_samples,rel_thr,abs_thr,sample_num
0,85362,41433,13.388561243365926,1.5140545041086244,16356555
