,f_samples,w_samples,rel_thr,abs_thr,sample_num
0,23810,15046,96.63440362494867,36.900094424381635,5012424
