,f_samples,w_samples,rel_thr,abs_thr,sample_num
0,17433,77735,2236.8700249152357,8395.807116924783,12276672
