,f_samples,w_samples,rel_thr,abs_thr,sample_num
0,82472,65338,0.44047253380493423,11.737407345996013,19067490
