,f_samples,w_samples,rel_thr,abs_thr,sample_num
0,34098,43642,9.145244993165493,14.405773934509439,10028460
