,f_samples,w_samples,rel_thr,abs_thr,sample_num
0,73926,65514,8127.2563137618745,7137.464576695558,17987760
