,f_samples,w_samples,rel_thr,abs_thr,sample_num
0,83271,11050,8.788507089764753,10.072572728750764,12167409
