,f_samples,w_samples,rel_thr,abs_thr,sample_num
0,41598,32068,9.79426197922644,8.964426422999114,9502914
