,f_samples,w_samples,rel_thr,abs_thr,sample_num
0,65324,14295,56.43399061149127,44.256886072210285,10270851
