,f_samples,w_samples,rel_thr,abs_thr,sample_num
0,89076,32118,11.019918762677046,14.90116501615877,15634026
