,f_samples,w_samples,rel_thr,abs_thr,sample_num
0,60181,63332,4717.655029793454,9216.80552398646,15933177
