,f_samples,w_samples,rel_thr,abs_thr,sample_num
0,79287,52673,8.369699570737925,9.118735929697221,17022840
