,f_samples,w_samples,rel_thr,abs_thr,sample_num
0,7923,65920,10.72404560468977,4.463188143859481,9525747
