,f_samples,w_samples,rel_thr,abs_thr,sample_num
0,83547,87395,6.7410938651680095,26.88934917007504,22051518
