,f_samples,w_samples,rel_thr,abs_thr,sample_num
0,11019,20719,8452.86208405712,5599.971624563841,4094202
