,f_samples,w_samples,rel_thr,abs_thr,sample_num
0,50096,16045,1193.4963555893492,8735.9313134366,8532189
