,f_samples,w_samples,rel_thr,abs_thr,sample_num
0,77634,90299,25.306211620411244,47.45249894807837,21663357
