,f_samples,w_samples,rel_thr,abs_thr,sample_num
0,17258,77730,10.166769055225503,0.09258644302914454,12253452
