,f_samples,w_samples,rel_thr,abs_thr,sample_num
0,62076,9775,4.9225671865435086,2.217386968503248,9268779
