,f_samples,w_samples,rel_thr,abs_thr,sample_num
0,86489,72204,8153.163361481191,2206.1108787840044,20471397
