,f_samples,w_samples,rel_thr,abs_thr,sample_num
0,132486,295114,98.22356298415306,18.538288757939235,55160400
