,f_samples,w_samples,rel_thr,abs_thr,sample_num
0,50383,10250,0.5606810373337616,8.605356116225293,7821657
