,f_samples,w_samples,rel_thr,abs_thr,sample_num
0,59590,77937,11.128566313479356,13.40385011778063,17740983
