,f_samples,w_samples,rel_thr,abs_thr,sample_num
0,48679,48278,2128.6247373680353,8260.513013955826,12507453
