,f_samples,w_samples,rel_thr,abs_thr,sample_num
0,215197,298934,11.569879741451317,117945.40958483842,66322899
