,f_samples,w_samples,rel_thr,abs_thr,sample_num
0,23506,43799,6.647207103449439,7.357580178766617,8682345
