,f_samples,w_samples,rel_thr,abs_thr,sample_num
0,41171,62443,1995.1455503920183,570.7731197334465,13366206
