,f_samples,w_samples,rel_thr,abs_thr,sample_num
0,45111,8081,-0.9218346251899519,1.7453013040849263,6861768
