,f_samples,w_samples,rel_thr,abs_thr,sample_num
0,21026,54954,8431.436407826219,3905.7110084612013,9801420
