,f_samples,w_samples,rel_thr,abs_thr,sample_num
0,77030,7106,3909.1957124199403,6117.098882622808,10853544
