,f_samples,w_samples,rel_thr,abs_thr,sample_num
0,84402,89433,11.419999322880791,6.267743025147131,22424715
