,f_samples,w_samples,rel_thr,abs_thr,sample_num
0,56482,334203,13.76608693474245,82465.75864088883,50398365
