,f_samples,w_samples,rel_thr,abs_thr,sample_num
0,71188,87694,13.079775777226665,4.0118772654201615,20495778
