,f_samples,w_samples,rel_thr,abs_thr,sample_num
0,67080,26489,75.6549365069451,43.33479642167089,12070401
