,f_samples,w_samples,rel_thr,abs_thr,sample_num
0,39178,81197,13.283024184629292,12.940084997065858,15528375
