,f_samples,w_samples,rel_thr,abs_thr,sample_num
0,50719,92969,8.348443582713633,6.164242618529499,18535752
