,f_samples,w_samples,rel_thr,abs_thr,sample_num
0,69035,34713,4170.610100983407,7793.087755744643,13383492
