,f_samples,w_samples,rel_thr,abs_thr,sample_num
0,36480,37041,4.580214395412003,6.61134078497161,9484209
