,f_samples,w_samples,rel_thr,abs_thr,sample_num
0,87701,81218,0.03579715832778163,7.295186868561441,21790551
