,f_samples,w_samples,rel_thr,abs_thr,sample_num
0,23506,57731,11.945629240113634,10.317252742367378,10479573
