,f_samples,w_samples,rel_thr,abs_thr,sample_num
0,12191,64343,10.371380891353997,14.985694902910728,9872886
