,f_samples,w_samples,rel_thr,abs_thr,sample_num
0,58662,479272,8.799634675109498,64912.291833239324,69393486
