,f_samples,w_samples,rel_thr,abs_thr,sample_num
0,15929,36661,14.540589121279968,13.465697906969671,6784110
