,f_samples,w_samples,rel_thr,abs_thr,sample_num
0,83567,13085,5422.005851689556,4467.638223416001,12468108
