,f_samples,w_samples,rel_thr,abs_thr,sample_num
0,48424,69356,2269.786525961656,6684.626524631496,15193620
