,f_samples,w_samples,rel_thr,abs_thr,sample_num
0,30905,70165,7417.818113066789,1127.0780846375583,13038030
