,f_samples,w_samples,rel_thr,abs_thr,sample_num
0,59527,81976,9306.413903829134,9054.104333388379,18253887
