,f_samples,w_samples,rel_thr,abs_thr,sample_num
0,82823,20973,30.41184573171949,21.80444007726997,13389684
