,f_samples,w_samples,rel_thr,abs_thr,sample_num
0,65190,20098,5750.748282473872,9800.83437921703,11002152
