,f_samples,w_samples,rel_thr,abs_thr,sample_num
0,61059,55786,184.92189461448694,9771.133934521491,15073005
