,f_samples,w_samples,rel_thr,abs_thr,sample_num
0,42293,80568,168.8637436470188,6341.951063106535,15849069
