,f_samples,w_samples,rel_thr,abs_thr,sample_num
0,83347,92188,10.750062721275315,1.6098284188575485,22644015
