,f_samples,w_samples,rel_thr,abs_thr,sample_num
0,254212,104470,5.130219343839558,94718.38148296601,46269978
