,f_samples,w_samples,rel_thr,abs_thr,sample_num
0,384065,265069,0.521538971393003,140939.80358766697,83738286
