,f_samples,w_samples,rel_thr,abs_thr,sample_num
0,28013,15812,14.914996570275656,2.579309366421218,5653425
