,f_samples,w_samples,rel_thr,abs_thr,sample_num
0,25326,7429,5171.0275827363475,9078.95294825904,4225395
