,f_samples,w_samples,rel_thr,abs_thr,sample_num
0,58943,35523,7255.830769140706,8616.778574649523,12186114
