,f_samples,w_samples,rel_thr,abs_thr,sample_num
0,31603,38504,6.937601554903441,6.47061834405725,9043803
