,f_samples,w_samples,rel_thr,abs_thr,sample_num
0,48707,70570,101.0807497488595,5003.972232262903,15386733
