,f_samples,w_samples,rel_thr,abs_thr,sample_num
0,20723,80406,3992.227303133519,5486.769744763442,13045641
