,f_samples,w_samples,rel_thr,abs_thr,sample_num
0,18039,18799,4532.427603084102,2878.1471918393063,4752102
