,f_samples,w_samples,rel_thr,abs_thr,sample_num
0,6542,67936,0.39573737948964194,1.5748659895695005,9607662
