,f_samples,w_samples,rel_thr,abs_thr,sample_num
0,10742,48187,13.96109545677796,9.049489455461629,7601841
