,f_samples,w_samples,rel_thr,abs_thr,sample_num
0,38321,87394,2006.7114285328985,5787.283322923261,16217235
