,f_samples,w_samples,rel_thr,abs_thr,sample_num
0,68205,65050,2.529281664190705,4.531313428795785,17189895
