,f_samples,w_samples,rel_thr,abs_thr,sample_num
0,50008,79590,81.12161928372242,62.670620064566776,16718142
