,f_samples,w_samples,rel_thr,abs_thr,sample_num
0,11875,84357,9929.333542317845,456.6580764655537,12413928
