,f_samples,w_samples,rel_thr,abs_thr,sample_num
0,18706,29988,7.625553415927337,13.521073597461152,6281526
