,f_samples,w_samples,rel_thr,abs_thr,sample_num
0,68518,95555,5925.356864266794,4286.641567945617,21165417
