,f_samples,w_samples,rel_thr,abs_thr,sample_num
0,12542,56662,17.709863409041102,69.63237440024834,8927316
