,f_samples,w_samples,rel_thr,abs_thr,sample_num
0,63650,10280,2.028715743597397,13.988467473146528,9536970
