,f_samples,w_samples,rel_thr,abs_thr,sample_num
0,7710,86470,8713.351914955443,5761.851722649592,12149220
