,f_samples,w_samples,rel_thr,abs_thr,sample_num
0,75616,93606,15.9437789203668,87.25746427230102,21829638
