,f_samples,w_samples,rel_thr,abs_thr,sample_num
0,13945,48609,105.9325456923989,6730.433948325596,8069466
