,f_samples,w_samples,rel_thr,abs_thr,sample_num
0,5278,27830,10.060152899674934,6.39787532546289,4270932
