,f_samples,w_samples,rel_thr,abs_thr,sample_num
0,24458,69127,10.948077587463525,2.7940032123515017,12072465
