,f_samples,w_samples,rel_thr,abs_thr,sample_num
0,50007,9481,6106.014473101965,2144.6129186806315,7673952
