,f_samples,w_samples,rel_thr,abs_thr,sample_num
0,57144,34998,12.620896601463535,15.1838047232024,11886318
