,f_samples,w_samples,rel_thr,abs_thr,sample_num
0,60702,48937,46.375783738885815,40.541787954465846,14143431
