,f_samples,w_samples,rel_thr,abs_thr,sample_num
0,9323,15734,6.925653448260531,10.98372011144304,3232353
