,f_samples,w_samples,rel_thr,abs_thr,sample_num
0,18275,7481,13.84251526243027,3.638506423799388,3322524
