,f_samples,w_samples,rel_thr,abs_thr,sample_num
0,5192,28750,13.202713900748456,8.748335597698086,4378518
