,f_samples,w_samples,rel_thr,abs_thr,sample_num
0,56206,32481,12.349034382742918,9.270019287728996,11440623
