,f_samples,w_samples,rel_thr,abs_thr,sample_num
0,57581,84841,98.0390619857384,12.236913354391321,18372438
