,f_samples,w_samples,rel_thr,abs_thr,sample_num
0,39615,83417,12.424877201938438,10.329937803839314,15871128
