,f_samples,w_samples,rel_thr,abs_thr,sample_num
0,45718,11110,10.185045207920679,2.4550109944857414,7330812
