,f_samples,w_samples,rel_thr,abs_thr,sample_num
0,81798,5720,26.791488076399897,94.037411667357,11289822
