,f_samples,w_samples,rel_thr,abs_thr,sample_num
0,84871,61932,9668.217612882623,3063.349587452908,18937587
