,f_samples,w_samples,rel_thr,abs_thr,sample_num
0,57916,84825,2.6056852300796916,3.9947417941459786,18413589
