,f_samples,w_samples,rel_thr,abs_thr,sample_num
0,32352,19253,99.17641300341532,84.66780358935092,6657045
