,f_samples,w_samples,rel_thr,abs_thr,sample_num
0,71530,11987,14.783234889839525,5.645999093986424,10773693
