,f_samples,w_samples,rel_thr,abs_thr,sample_num
0,82035,82251,6.289139026160804,94.42470329183188,21192894
