,f_samples,w_samples,rel_thr,abs_thr,sample_num
0,91073,60372,2125.8385728786416,8871.197237303591,19536405
