,f_samples,w_samples,rel_thr,abs_thr,sample_num
0,26906,78771,9942.928683062411,1466.2102090299966,13632333
