,f_samples,w_samples,rel_thr,abs_thr,sample_num
0,64003,16935,8.815896764632091,5.232774488725547,10441002
