,f_samples,w_samples,rel_thr,abs_thr,sample_num
0,31953,67497,3817.429673879127,3937.9499424070186,12829050
