,f_samples,w_samples,rel_thr,abs_thr,sample_num
0,14470,41182,6813.056226550618,7059.592547204,7179108
