,f_samples,w_samples,rel_thr,abs_thr,sample_num
0,61077,12343,27.465127676935747,48.087471383662916,9471180
