,f_samples,w_samples,rel_thr,abs_thr,sample_num
0,8476,63049,1.429213966646138,9.071902060804451,9226725
