,f_samples,w_samples,rel_thr,abs_thr,sample_num
0,72406,57746,7.804693197653201,10.205073903631801,16789608
