,f_samples,w_samples,rel_thr,abs_thr,sample_num
0,40249,50965,-0.2661270587894151,2.912938614166969,11766606
