,f_samples,w_samples,rel_thr,abs_thr,sample_num
0,11327,28181,11.19227527586365,0.0018271089452437383,5096532
