,f_samples,w_samples,rel_thr,abs_thr,sample_num
0,66664,7830,50.89491573244647,93.86903313465173,9609726
