,f_samples,w_samples,rel_thr,abs_thr,sample_num
0,52671,23768,7.356329747213012,1.19869157089324,9860631
