,f_samples,w_samples,rel_thr,abs_thr,sample_num
0,34936,19558,1239.6641347554014,9842.016762006073,7029726
