,f_samples,w_samples,rel_thr,abs_thr,sample_num
0,27123,90926,3544.7227962471743,8720.222496905079,15228321
