,f_samples,w_samples,rel_thr,abs_thr,sample_num
0,78141,34782,2.9987140399998893,9.461627751620725,14567067
