,f_samples,w_samples,rel_thr,abs_thr,sample_num
0,60538,59468,9.13328635776582,10.02672719196072,15480774
