,f_samples,w_samples,rel_thr,abs_thr,sample_num
0,13639,61735,7698.087328575278,2443.692514568582,9723246
