,f_samples,w_samples,rel_thr,abs_thr,sample_num
0,92914,93649,3.551460220037564,5.6509646938770635,24066627
