,f_samples,w_samples,rel_thr,abs_thr,sample_num
0,40112,80243,75.5938228807607,53.7951147607003,15525795
