,f_samples,w_samples,rel_thr,abs_thr,sample_num
0,61191,7687,5114.1089488548005,6482.990505005179,8885262
