,f_samples,w_samples,rel_thr,abs_thr,sample_num
0,76266,15236,8438.801934809462,8337.437789074584,11803758
