,f_samples,w_samples,rel_thr,abs_thr,sample_num
0,9273,53578,1444.864299884644,8085.236575017155,8107779
