,f_samples,w_samples,rel_thr,abs_thr,sample_num
0,29097,17598,13.548382431294971,10.793143795684935,6023655
