,f_samples,w_samples,rel_thr,abs_thr,sample_num
0,95588,72660,93.34621726841333,91.46815506456521,21703992
