,f_samples,w_samples,rel_thr,abs_thr,sample_num
0,58090,15297,6023.481799297221,1432.4813062628916,9466923
