,f_samples,w_samples,rel_thr,abs_thr,sample_num
0,6513,52897,93.93640752452274,88.46738724753202,7663890
