,f_samples,w_samples,rel_thr,abs_thr,sample_num
0,77570,58521,8.233436831846793,1.4305580585866555,17555739
