,f_samples,w_samples,rel_thr,abs_thr,sample_num
0,29652,76066,498.6712139007758,3327.5874870588327,13637622
