,f_samples,w_samples,rel_thr,abs_thr,sample_num
0,17064,70864,14.144859348639457,13.8610357322546,11342712
