,f_samples,w_samples,rel_thr,abs_thr,sample_num
0,30114,33261,2896.1112989671333,3142.5842420670438,8175375
