,f_samples,w_samples,rel_thr,abs_thr,sample_num
0,87108,93900,8.182721594529339,6.743351600509001,23350032
