,f_samples,w_samples,rel_thr,abs_thr,sample_num
0,25092,90591,2.789386753382308,74.61995450446514,14923107
