,f_samples,w_samples,rel_thr,abs_thr,sample_num
0,403064,165770,1.73024520802778,149287.31577888053,73379586
