,f_samples,w_samples,rel_thr,abs_thr,sample_num
0,23065,79115,2.7210744596999463,97.11284805915486,13181220
