,f_samples,w_samples,rel_thr,abs_thr,sample_num
0,66357,86124,3281.505719924012,4085.8049108283876,19670049
