,f_samples,w_samples,rel_thr,abs_thr,sample_num
0,51663,64165,64.1827848244275,57.958278942287045,14941812
