,f_samples,w_samples,rel_thr,abs_thr,sample_num
0,195013,438576,5.100407323308863,89977.13931668783,81732981
