,f_samples,w_samples,rel_thr,abs_thr,sample_num
0,21093,76999,9.210056413149083,44.03612156360342,12653868
