,f_samples,w_samples,rel_thr,abs_thr,sample_num
0,134230,455783,2.3640301874305134,165573.1573339039,76111677
