,f_samples,w_samples,rel_thr,abs_thr,sample_num
0,45989,64388,3720.576893814396,6059.953674012836,14238633
