,f_samples,w_samples,rel_thr,abs_thr,sample_num
0,95958,40249,0.6931777087783946,1.2983005113205333,17570703
