,f_samples,w_samples,rel_thr,abs_thr,sample_num
0,50322,26971,69.76953659069812,22.712288872568852,9970797
