,f_samples,w_samples,rel_thr,abs_thr,sample_num
0,37946,78336,7645.405594255069,3270.4926090771814,15000378
