,f_samples,w_samples,rel_thr,abs_thr,sample_num
0,42801,7911,5069.613975734507,5965.538884554433,6541848
