,f_samples,w_samples,rel_thr,abs_thr,sample_num
0,44859,66723,4.91042696945706,7.932526439216337,14394078
