,f_samples,w_samples,rel_thr,abs_thr,sample_num
0,44901,29877,3411.961378298718,9784.641987259765,9646362
