,f_samples,w_samples,rel_thr,abs_thr,sample_num
0,68890,48823,4587.557096414643,613.6800456865532,15184977
