,f_samples,w_samples,rel_thr,abs_thr,sample_num
0,30670,40663,7.658514702169413,1.4243379478769675,9201957
