,f_samples,w_samples,rel_thr,abs_thr,sample_num
0,36176,10397,76.72591454256114,60.843295821497875,6007917
