,f_samples,w_samples,rel_thr,abs_thr,sample_num
0,49266,68585,91.8750797964459,51.53041739799893,15202779
