,f_samples,w_samples,rel_thr,abs_thr,sample_num
0,29664,41918,48.977962789824105,88.37080282597228,9234078
