,f_samples,w_samples,rel_thr,abs_thr,sample_num
0,12340,79758,7686.087363721373,4395.33695411522,11880642
