,f_samples,w_samples,rel_thr,abs_thr,sample_num
0,17165,37464,4.006145887474643,0.9697969892357572,7047141
