,f_samples,w_samples,rel_thr,abs_thr,sample_num
0,21482,75644,34.113693701899344,65.21791625512151,12529254
