,f_samples,w_samples,rel_thr,abs_thr,sample_num
0,24908,74342,6568.671434091135,1161.2406682840126,12803250
