,f_samples,w_samples,rel_thr,abs_thr,sample_num
0,46173,67681,7961.024546441324,1413.0112986355402,14687166
