,f_samples,w_samples,rel_thr,abs_thr,sample_num
0,31289,27524,1.4225131611248205,13.159227582807118,7586877
