,f_samples,w_samples,rel_thr,abs_thr,sample_num
0,95923,55265,212.68338323495038,7200.507847973512,19503252
