,f_samples,w_samples,rel_thr,abs_thr,sample_num
0,65482,69217,96.29046494114891,33.290549228901725,17376171
