,f_samples,w_samples,rel_thr,abs_thr,sample_num
0,74763,89298,73.88322504299936,23.828085082286808,21163869
