,f_samples,w_samples,rel_thr,abs_thr,sample_num
0,61352,47108,3.3561393678847633,8.311197118445742,13991340
