,f_samples,w_samples,rel_thr,abs_thr,sample_num
0,36969,41614,2.1588080689217115,0.5551760062749717,10137207
