,f_samples,w_samples,rel_thr,abs_thr,sample_num
0,45984,77317,1.8498050238477313,52.77987327430205,15905829
