,f_samples,w_samples,rel_thr,abs_thr,sample_num
0,93922,28952,0.22994896791501596,11.330882714067563,15850746
