,f_samples,w_samples,rel_thr,abs_thr,sample_num
0,34266,68510,14.39267741931328,28.535379188928857,13258104
