,f_samples,w_samples,rel_thr,abs_thr,sample_num
0,65846,95583,-0.15840157515520303,4.574787521070063,20824341
