,f_samples,w_samples,rel_thr,abs_thr,sample_num
0,70501,51282,35.86363437426911,8.552482849945232,15710007
