,f_samples,w_samples,rel_thr,abs_thr,sample_num
0,44974,66989,4144.997369052179,2177.3641974308543,14443227
