,f_samples,w_samples,rel_thr,abs_thr,sample_num
0,40770,28109,2530.311742484766,8594.689609205905,8885391
