,f_samples,w_samples,rel_thr,abs_thr,sample_num
0,79702,95414,4092.598525308355,1653.165722822898,22589964
