,f_samples,w_samples,rel_thr,abs_thr,sample_num
0,48939,23030,7479.153218763273,9312.26185242126,9284001
