,f_samples,w_samples,rel_thr,abs_thr,sample_num
0,91945,33396,64.43962362456372,50.27306099635591,16168989
