,f_samples,w_samples,rel_thr,abs_thr,sample_num
0,89449,91791,99.27480414463525,75.58730457183027,23379960
