,f_samples,w_samples,rel_thr,abs_thr,sample_num
0,12194,39577,9.607645453379769,5.835823448616785,6678459
