,f_samples,w_samples,rel_thr,abs_thr,sample_num
0,75304,29286,13.391830686379349,5.896277725199647,13492110
