,f_samples,w_samples,rel_thr,abs_thr,sample_num
0,34154,47133,8636.328976313505,4833.161730931222,10486023
