,f_samples,w_samples,rel_thr,abs_thr,sample_num
0,69247,88636,5438.408898160868,6445.370175548537,20366907
