,f_samples,w_samples,rel_thr,abs_thr,sample_num
0,52798,81218,7.433442522759822,13.779643854900742,17288064
