,f_samples,w_samples,rel_thr,abs_thr,sample_num
0,55464,66146,8121.369156021352,534.514103978454,15687690
