,f_samples,w_samples,rel_thr,abs_thr,sample_num
0,85140,76394,2894.6774753830596,3326.5859844842107,20837886
