,f_samples,w_samples,rel_thr,abs_thr,sample_num
0,90654,40252,387.38822946302514,8655.899692343799,16886874
