,f_samples,w_samples,rel_thr,abs_thr,sample_num
0,74677,7682,12.670399432338629,1.6020654875525508,10624311
