,f_samples,w_samples,rel_thr,abs_thr,sample_num
0,41223,9201,6.048350865156854,8.777289314755345,6504696
