,f_samples,w_samples,rel_thr,abs_thr,sample_num
0,26672,72020,10.824831757139924,7.7424936844540255,12731268
