,f_samples,w_samples,rel_thr,abs_thr,sample_num
0,66622,128051,3.9467051732106633,83731.51668720033,25112817
