,f_samples,w_samples,rel_thr,abs_thr,sample_num
0,83499,50304,6.673349619635516,10.656810897344728,17260587
