,f_samples,w_samples,rel_thr,abs_thr,sample_num
0,41255,7617,10.064621078428711,8.847304441311666,6304488
