,f_samples,w_samples,rel_thr,abs_thr,sample_num
0,16551,65835,6.361189530607874,14.112454035837496,10627794
