,f_samples,w_samples,rel_thr,abs_thr,sample_num
0,86262,25294,67.81952376234776,59.20101331380009,14390724
