,f_samples,w_samples,rel_thr,abs_thr,sample_num
0,35342,87350,7.921113933821221,7.9750203709172025,15827268
