,f_samples,w_samples,rel_thr,abs_thr,sample_num
0,88269,91917,2941.3864887268933,7100.460610832042,23243994
