,f_samples,w_samples,rel_thr,abs_thr,sample_num
0,27361,43193,22.90489404521819,79.71370328535372,9101466
