,f_samples,w_samples,rel_thr,abs_thr,sample_num
0,18605,88556,10.74968928990261,6.564645344215434,13823769
