,f_samples,w_samples,rel_thr,abs_thr,sample_num
0,50398,69007,3415.1287867658893,8922.619614068964,15403245
