,f_samples,w_samples,rel_thr,abs_thr,sample_num
0,76594,59343,4993.0647249978465,2636.8707389796555,17535873
