,f_samples,w_samples,rel_thr,abs_thr,sample_num
0,76902,15886,96.8256819820255,54.96650401383412,11969652
