,f_samples,w_samples,rel_thr,abs_thr,sample_num
0,88020,75464,5152.171934892525,3264.58020924148,21089436
