,f_samples,w_samples,rel_thr,abs_thr,sample_num
0,479012,405379,9.386415209170002,36766.3729330066,114086439
