,f_samples,w_samples,rel_thr,abs_thr,sample_num
0,21378,61599,5332.406860910196,6072.536562340746,10704033
