,f_samples,w_samples,rel_thr,abs_thr,sample_num
0,77894,43656,2.391303563641012,3.0445321828027487,15679950
