,f_samples,w_samples,rel_thr,abs_thr,sample_num
0,79205,12169,12.883082047648891,14.888133858135726,11787246
