,f_samples,w_samples,rel_thr,abs_thr,sample_num
0,13441,39033,1716.5230088458711,3306.1191780215913,6769146
