,f_samples,w_samples,rel_thr,abs_thr,sample_num
0,89036,6227,1513.2657674390869,9526.201702141447,12288927
