,f_samples,w_samples,rel_thr,abs_thr,sample_num
0,42514,54985,3740.8396414595068,6478.63336982744,12577371
