,f_samples,w_samples,rel_thr,abs_thr,sample_num
0,79324,212279,0.34967654660514746,4622.984345700543,37616787
