,f_samples,w_samples,rel_thr,abs_thr,sample_num
0,43587,63416,2096.298159854379,1772.6736543291477,13803387
