,f_samples,w_samples,rel_thr,abs_thr,sample_num
0,80562,83543,12.212966876482758,8.371753732409587,21169545
