,f_samples,w_samples,rel_thr,abs_thr,sample_num
0,86612,6429,0.023977355580427684,8.906749129673711,12002289
