,f_samples,w_samples,rel_thr,abs_thr,sample_num
0,61814,52671,-0.11196719001763689,15.946490772198164,14768565
