,f_samples,w_samples,rel_thr,abs_thr,sample_num
0,41386,93460,6790.879358502551,4654.672329725307,17395134
