,f_samples,w_samples,rel_thr,abs_thr,sample_num
0,31273,88552,8990.304659507445,9808.603522458232,15457425
