,f_samples,w_samples,rel_thr,abs_thr,sample_num
0,58686,45899,9416.08860483982,3857.2079125286164,13491465
