,f_samples,w_samples,rel_thr,abs_thr,sample_num
0,37515,94828,12.915252619925436,0.5012008303990989,17072247
