,f_samples,w_samples,rel_thr,abs_thr,sample_num
0,16765,71791,0.024779904526450736,14.42912173246222,11423724
