,f_samples,w_samples,rel_thr,abs_thr,sample_num
0,81487,82454,76.16689335652532,25.85174346362721,21148389
