,f_samples,w_samples,rel_thr,abs_thr,sample_num
0,76035,21448,1257.4767486763442,9686.716728336747,12575307
