,f_samples,w_samples,rel_thr,abs_thr,sample_num
0,62427,79643,9.23538089321885,6.087335106921296,18327030
