,f_samples,w_samples,rel_thr,abs_thr,sample_num
0,18205,44075,4.205125393796756,12.981482010581022,8034120
