,f_samples,w_samples,rel_thr,abs_thr,sample_num
0,67954,72345,9.09571870650935,0.012521420684278306,18098571
