,f_samples,w_samples,rel_thr,abs_thr,sample_num
0,20784,29525,3690.269574306257,2151.154882076758,6489861
