,f_samples,w_samples,rel_thr,abs_thr,sample_num
0,43659,27061,11.423883039312482,9.28284483515417,9122880
