,f_samples,w_samples,rel_thr,abs_thr,sample_num
0,28684,93322,12.731515920344403,10.547433425572379,15738774
