,f_samples,w_samples,rel_thr,abs_thr,sample_num
0,66922,35063,2276.5659337990555,2358.471239809351,13156065
