,f_samples,w_samples,rel_thr,abs_thr,sample_num
0,20667,25568,9.071335928390035,8.141621436619836,5964315
