,f_samples,w_samples,rel_thr,abs_thr,sample_num
0,62176,86123,44.82278982520494,592.6006213312373,19130571
