,f_samples,w_samples,rel_thr,abs_thr,sample_num
0,92715,51192,3949.4070430149322,8277.170299598056,18564003
