,f_samples,w_samples,rel_thr,abs_thr,sample_num
0,38661,84394,6788.366924198483,9071.597240992533,15874095
