,f_samples,w_samples,rel_thr,abs_thr,sample_num
0,29275,51010,612.3782369198337,8716.682532035904,10356765
