,f_samples,w_samples,rel_thr,abs_thr,sample_num
0,63198,71112,7.941495088790415,12.322637630510956,17325990
