,f_samples,w_samples,rel_thr,abs_thr,sample_num
0,65429,14022,54.2942106113498,41.89581177612598,10249179
