,f_samples,w_samples,rel_thr,abs_thr,sample_num
0,8243,50575,5752.191853542722,3081.4179405466657,7587522
