,f_samples,w_samples,rel_thr,abs_thr,sample_num
0,25800,65491,8984.287181119162,8137.535661732399,11776539
