,f_samples,w_samples,rel_thr,abs_thr,sample_num
0,17151,58165,2263.9139347609625,3805.3506098988487,9715764
