,f_samples,w_samples,rel_thr,abs_thr,sample_num
0,47951,52628,64.95320420398627,10.732985624744284,12974691
