,f_samples,w_samples,rel_thr,abs_thr,sample_num
0,29527,33375,1686.6332519551095,3136.178357148541,8114358
