,f_samples,w_samples,rel_thr,abs_thr,sample_num
0,35075,78326,2649.911865368672,4578.312573260897,14628729
