,f_samples,w_samples,rel_thr,abs_thr,sample_num
0,14504,35714,4774.116603812694,9892.204716283113,6478122
