,f_samples,w_samples,rel_thr,abs_thr,sample_num
0,61020,64758,83.1156917174762,6719.808802590845,16225362
