,f_samples,w_samples,rel_thr,abs_thr,sample_num
0,26143,57765,11.936529496539427,7.211064704799639,10824132
