,f_samples,w_samples,rel_thr,abs_thr,sample_num
0,78099,78611,13.02292504651986,1.6113583391280577,20215590
