,f_samples,w_samples,rel_thr,abs_thr,sample_num
0,44068,82790,7.5836402027176675,10.124803532401538,16364682
