,f_samples,w_samples,rel_thr,abs_thr,sample_num
0,93930,46593,3994.53236003267,4384.098414805122,18127467
