,f_samples,w_samples,rel_thr,abs_thr,sample_num
0,58347,31300,13.580082629058328,3.3681464154029954,11564463
