,f_samples,w_samples,rel_thr,abs_thr,sample_num
0,64531,78331,12.474653046179638,8.597585064006195,18429198
