,f_samples,w_samples,rel_thr,abs_thr,sample_num
0,76580,81246,2431.8996794319096,914.1314828567604,20359554
