,f_samples,w_samples,rel_thr,abs_thr,sample_num
0,82021,67623,6232.442852882609,8784.510492055018,19304076
