,f_samples,w_samples,rel_thr,abs_thr,sample_num
0,35176,25150,35.1789278936176,86.19680723128266,7782054
