,f_samples,w_samples,rel_thr,abs_thr,sample_num
0,20640,63540,99.81447056175895,16.724130762796374,10859220
