,f_samples,w_samples,rel_thr,abs_thr,sample_num
0,21924,77190,7494.728467830466,4527.039587624136,12785706
