,f_samples,w_samples,rel_thr,abs_thr,sample_num
0,32653,83308,2.6819761382106453,12.868543537469757,14958969
