,f_samples,w_samples,rel_thr,abs_thr,sample_num
0,7654,22224,4594.907740394756,3880.527849069458,3854262
