,f_samples,w_samples,rel_thr,abs_thr,sample_num
0,47249,34433,9.480285034202845,13.071153966316658,10536978
