,f_samples,w_samples,rel_thr,abs_thr,sample_num
0,81672,6521,90.02837392762854,66.31209260624368,11376897
