,f_samples,w_samples,rel_thr,abs_thr,sample_num
0,90857,41426,99.2821431990011,54.061809779610634,17064507
