,f_samples,w_samples,rel_thr,abs_thr,sample_num
0,74809,87220,-0.43963063682249626,6.490518882364617,20901741
