,f_samples,w_samples,rel_thr,abs_thr,sample_num
0,70958,24132,12.14888169647438,6.525395211619383,12266610
