,f_samples,w_samples,rel_thr,abs_thr,sample_num
0,74618,93148,1.0834234467350736,0.9020975464041997,21641814
