,f_samples,w_samples,rel_thr,abs_thr,sample_num
0,9518,60056,3436.595541845887,2243.815947651462,8975046
