,f_samples,w_samples,rel_thr,abs_thr,sample_num
0,72111,94302,6.860162739936385,5.367904808921159,21467277
