,f_samples,w_samples,rel_thr,abs_thr,sample_num
0,49370,40120,2.590187371044747,4.758805618740344,11544210
