,f_samples,w_samples,rel_thr,abs_thr,sample_num
0,10927,49872,9732.466672310627,4066.682225361775,7843071
