,f_samples,w_samples,rel_thr,abs_thr,sample_num
0,49227,34725,7.511021787852778,7.195624357164318,10829808
