,f_samples,w_samples,rel_thr,abs_thr,sample_num
0,41408,54769,37.126885987319326,91.5216253436443,12406833
