,f_samples,w_samples,rel_thr,abs_thr,sample_num
0,5123,39215,14.451094429468439,2.1127285552510573,5719602
