,f_samples,w_samples,rel_thr,abs_thr,sample_num
0,14835,33877,93.571498378039,93.45819984267783,6283848
