,f_samples,w_samples,rel_thr,abs_thr,sample_num
0,40163,58715,0.8731283512397106,3.356335519866863,12755262
