,f_samples,w_samples,rel_thr,abs_thr,sample_num
0,65657,73885,3.7775748787167505,5.832392282142816,18000918
