,f_samples,w_samples,rel_thr,abs_thr,sample_num
0,55938,369483,6.013973875666506,119395.09134973389,54879309
