,f_samples,w_samples,rel_thr,abs_thr,sample_num
0,92889,43092,7325.917956816507,2166.934187683054,17541549
