,f_samples,w_samples,rel_thr,abs_thr,sample_num
0,46998,15274,36.82741667352432,69.52761663653179,8033088
