,f_samples,w_samples,rel_thr,abs_thr,sample_num
0,28395,94090,2.5146036172447577,7.530857510394355,15800565
