,f_samples,w_samples,rel_thr,abs_thr,sample_num
0,71715,29899,7911.331576696404,2852.650279331063,13108206
