,f_samples,w_samples,rel_thr,abs_thr,sample_num
0,51573,63165,1.059447688374961,9.686476763251521,14801202
