,f_samples,w_samples,rel_thr,abs_thr,sample_num
0,14836,50113,10.081591552018502,5.515639316298568,8378421
