,f_samples,w_samples,rel_thr,abs_thr,sample_num
0,11968,92086,917.3121617734456,8390.191030071268,13422966
