,f_samples,w_samples,rel_thr,abs_thr,sample_num
0,14118,87366,11.055760382037596,5.05137040930094,13091436
