,f_samples,w_samples,rel_thr,abs_thr,sample_num
0,36425,13480,8.308634374481915,14.552681867772113,6437745
