,f_samples,w_samples,rel_thr,abs_thr,sample_num
0,40606,44023,1841.6890613838834,7902.901817692397,10917141
