,f_samples,w_samples,rel_thr,abs_thr,sample_num
0,63529,49693,3184.699913076433,8605.987654857458,14605638
