,f_samples,w_samples,rel_thr,abs_thr,sample_num
0,81718,50393,3.8366202823498607,12.915080084515218,17042319
