,f_samples,w_samples,rel_thr,abs_thr,sample_num
0,85416,13755,0.8561231462552836,6.681927641028982,12793059
