,f_samples,w_samples,rel_thr,abs_thr,sample_num
0,34060,17956,3.8680589007417776,7.802139208489097,6710064
