,f_samples,w_samples,rel_thr,abs_thr,sample_num
0,81675,17086,39.603451574095615,71.15287512636361,12740169
