,f_samples,w_samples,rel_thr,abs_thr,sample_num
0,37436,63882,12.011595976143509,13.813867303288808,13070022
