,f_samples,w_samples,rel_thr,abs_thr,sample_num
0,46845,64740,6970.4004082103165,2620.7902948269125,14394465
