,f_samples,w_samples,rel_thr,abs_thr,sample_num
0,75007,82151,4984.016986647486,8904.809143024393,20273382
