,f_samples,w_samples,rel_thr,abs_thr,sample_num
0,31603,49076,7.76293616166557,4.74218616549791,10407591
