,f_samples,w_samples,rel_thr,abs_thr,sample_num
0,95246,82647,810.984689133401,7952.458082422209,22948197
