,f_samples,w_samples,rel_thr,abs_thr,sample_num
0,34343,42195,9886.526004930422,9428.064407128615,9873402
