,f_samples,w_samples,rel_thr,abs_thr,sample_num
0,94222,21164,8996.35635214209,1604.1047663933373,14884794
