,f_samples,w_samples,rel_thr,abs_thr,sample_num
0,11426,33217,-0.1062756641329834,10.820732237403053,5758947
