,f_samples,w_samples,rel_thr,abs_thr,sample_num
0,56375,70489,6.139083380965538,3.3963758275980367,16365456
