,f_samples,w_samples,rel_thr,abs_thr,sample_num
0,43063,57846,827.4286929274157,2771.249412738719,13017261
