,f_samples,w_samples,rel_thr,abs_thr,sample_num
0,14077,16530,7736.292733125438,579.489776175448,3948303
