,f_samples,w_samples,rel_thr,abs_thr,sample_num
0,43209,24577,12.135211206260667,5.827060984622766,8744394
