,f_samples,w_samples,rel_thr,abs_thr,sample_num
0,95391,18737,6.9014545137808,11.59305258014448,14722512
