,f_samples,w_samples,rel_thr,abs_thr,sample_num
0,84671,11078,12.664731691844512,8.60227312247037,12351621
