,f_samples,w_samples,rel_thr,abs_thr,sample_num
0,39206,9581,5.583570026248156,3.470478786627394,6293523
