,f_samples,w_samples,rel_thr,abs_thr,sample_num
0,64787,40205,3.9477664383726605,3.8758095800346752,13543968
