,f_samples,w_samples,rel_thr,abs_thr,sample_num
0,86283,70619,3663.8311680762317,9930.896744021893,20240358
