,f_samples,w_samples,rel_thr,abs_thr,sample_num
0,68624,68584,21.476464422409542,90.89841034188501,17699832
