,f_samples,w_samples,rel_thr,abs_thr,sample_num
0,17739,42982,3.4548594755874067,10.541111376144427,7833009
