,f_samples,w_samples,rel_thr,abs_thr,sample_num
0,10070,53336,12.345627376934496,158532.08655807195,8179374
