,f_samples,w_samples,rel_thr,abs_thr,sample_num
0,38308,66651,7410.309479214202,8546.568967160025,13539711
