,f_samples,w_samples,rel_thr,abs_thr,sample_num
0,84468,22774,27.58085756200455,0.544600308610621,13834218
