,f_samples,w_samples,rel_thr,abs_thr,sample_num
0,50198,94103,4381.414801661272,7160.110062550261,18614829
