,f_samples,w_samples,rel_thr,abs_thr,sample_num
0,62577,73103,10.414763664887124,6.4030212541407865,17502720
