,f_samples,w_samples,rel_thr,abs_thr,sample_num
0,71150,21912,10.006831297626142,497.9679889483557,12004998
