,f_samples,w_samples,rel_thr,abs_thr,sample_num
0,80505,8395,4.843391668527656,79.54224896020732,11468100
