,f_samples,w_samples,rel_thr,abs_thr,sample_num
0,16132,76028,94.8787680258358,6730.281673696568,11888640
