,f_samples,w_samples,rel_thr,abs_thr,sample_num
0,53161,60100,13.63134386472114,5.2447303552718925,14610669
