,f_samples,w_samples,rel_thr,abs_thr,sample_num
0,90830,87811,88.14337893703998,24.670240247600837,23044689
