,f_samples,w_samples,rel_thr,abs_thr,sample_num
0,89830,48053,4466.035509582081,9894.173819892221,17786907
