,f_samples,w_samples,rel_thr,abs_thr,sample_num
0,77570,12197,3.022354701790782,10.242705923031775,11579943
