,f_samples,w_samples,rel_thr,abs_thr,sample_num
0,16011,45576,7.989739167257952,11.18531149681161,7944723
