,f_samples,w_samples,rel_thr,abs_thr,sample_num
0,75023,87297,150.32242834386975,8073.770306149229,20939280
