,f_samples,w_samples,rel_thr,abs_thr,sample_num
0,53424,43637,93.51365092888689,61.30863175165735,12520869
