,f_samples,w_samples,rel_thr,abs_thr,sample_num
0,339899,387689,3.765274819263267,162894.67056515484,93858852
