,f_samples,w_samples,rel_thr,abs_thr,sample_num
0,57583,46771,5.687313373363258,6.819051221612743,13461666
