,f_samples,w_samples,rel_thr,abs_thr,sample_num
0,73772,45386,-0.6716507274824615,6.871014738120773,15371382
