,f_samples,w_samples,rel_thr,abs_thr,sample_num
0,69328,78523,0.09014555170380945,10.372589602067226,19072779
