,f_samples,w_samples,rel_thr,abs_thr,sample_num
0,14104,39900,14.371784030318679,9.18097933767192,6966516
