,f_samples,w_samples,rel_thr,abs_thr,sample_num
0,91016,35997,5854.8690683739205,2179.5272517915596,16384677
