,f_samples,w_samples,rel_thr,abs_thr,sample_num
0,76492,94295,0.31349662288199553,12.961347950361484,22031523
