,x_axis,y_axis
0,452,50.0
1,1353,50.0
2,1595,50.0
3,1633,50.0
4,4031,50.3304719724073
5,4175,50.0
6,5063,50.0
7,5451,50.0
8,5752,50.0
9,6309,50.363913482341886
10,6312,50.0
11,6349,50.0
12,6453,55.729166666666664
13,6910,50.0
14,7309,50.0
15,7573,50.0
16,7720,51.145851724563265
17,8401,50.0
18,9511,50.0
