,x_axis,y_axis
0,38,44.51529454947375
1,61,49.43717134092901
2,346,50.0
3,441,52.1484375
4,587,50.0
5,777,50.0
6,1069,50.0
7,1239,49.70632050582242
8,1532,50.0
9,1640,49.918592071448806
10,1748,50.0
11,1820,50.0
12,2030,49.89762342851346
13,2188,50.0
14,2838,50.0
15,2963,49.68398284070681
16,3079,50.0
17,3139,50.558035714285715
18,4028,50.0
