,x_axis,y_axis
0,10,49.86140625374412
1,21,50.0
2,31,50.0
3,45,50.0
4,47,50.0
5,57,50.0
6,65,50.0
7,71,50.0
8,76,50.0
9,79,50.45911741169877
10,87,48.919392523364486
11,97,50.0
12,100,50.95586699185399
13,112,50.0
14,124,50.0
15,125,50.0
