,x_axis,y_axis
0,10,49.89762342851346
1,21,50.558035714285715
2,31,50.0
3,45,50.0
4,47,50.0
5,57,50.0
6,65,50.0
7,71,52.1484375
8,76,50.0
9,79,49.918592071448806
10,87,49.70632050582242
11,97,49.43717134092901
12,100,49.68398284070681
13,112,44.51529454947375
14,124,50.0
15,125,50.0
