,x_axis,y_axis
0,38,50.0
1,61,50.0
2,346,50.0
3,441,50.0
4,587,50.0
5,777,50.0
6,1069,50.0
7,1239,59.375
8,1532,50.0
9,1640,50.28776861303797
10,1748,50.0
11,1820,50.0
12,2030,50.2883109357743
13,2188,50.0
14,2838,50.0
15,2963,50.24725203710691
16,3079,50.0
17,3139,50.0
18,4028,50.0
