,x_axis,y_axis
0,452,44.51529454947375
1,1353,49.43717134092901
2,1595,52.1484375
3,1633,50.0
4,4031,49.918592071448806
5,4175,50.0
6,5063,50.0
7,5451,50.0
8,5752,50.0
9,6309,49.89762342851346
10,6312,50.0
11,6349,50.558035714285715
12,6453,49.70632050582242
13,6910,50.0
14,7309,50.0
15,7573,50.0
16,7720,49.68398284070681
17,8401,50.0
18,9511,50.0
