,f_samples,w_samples,rel_thr,abs_thr,sample_num
0,11330,42002,4660.363151356233,6317.891691938713,6879828
