,f_samples,w_samples,rel_thr,abs_thr,sample_num
0,85176,53143,5.693146282654084,13.709595563805397,17843151
