,f_samples,w_samples,rel_thr,abs_thr,sample_num
0,75176,32006,-0.640037073678009,11.75653821083289,13826478
