,f_samples,w_samples,rel_thr,abs_thr,sample_num
0,59820,93392,73.7852684339933,60.07058925501381,19764348
