,f_samples,w_samples,rel_thr,abs_thr,sample_num
0,38706,86759,2965.9274897282135,7235.838597395055,16184985
