,f_samples,w_samples,rel_thr,abs_thr,sample_num
0,56569,86350,25.61511582226445,60.27596291945909,18436551
