,f_samples,w_samples,rel_thr,abs_thr,sample_num
0,39757,78521,2437.809409585618,2475.315822668036,15257862
