,f_samples,w_samples,rel_thr,abs_thr,sample_num
0,26278,39664,60.895070651678544,46.25595525831236,8506518
