,f_samples,w_samples,rel_thr,abs_thr,sample_num
0,89236,38486,2.7222982038302366,3.335824894461368,16476138
