,f_samples,w_samples,rel_thr,abs_thr,sample_num
0,86572,16587,3220.1072557307502,3762.8709556619942,13307511
