,f_samples,w_samples,rel_thr,abs_thr,sample_num
0,75778,6054,371.77746912935953,4495.0672539262,10556328
