,f_samples,w_samples,rel_thr,abs_thr,sample_num
0,93861,21063,-0.2382005569082768,6.7356224398739455,14825196
