,f_samples,w_samples,rel_thr,abs_thr,sample_num
0,85071,43943,9.088140451144096,8.56786084842097,16642806
