,f_samples,w_samples,rel_thr,abs_thr,sample_num
0,68692,71972,6.679320861000228,4.145076451467555,18145656
