,f_samples,w_samples,rel_thr,abs_thr,sample_num
0,5924,43379,2274.186803891132,9436.989579114292,6360087
