,f_samples,w_samples,rel_thr,abs_thr,sample_num
0,43581,88584,9.18125177808218,3.471910238339213,17049285
