,f_samples,w_samples,rel_thr,abs_thr,sample_num
0,94775,28864,3.3931665737053684,13.077693176708372,15949431
