,f_samples,w_samples,rel_thr,abs_thr,sample_num
0,49021,87378,3260.6665048720156,1967.1330790085883,17595471
