,f_samples,w_samples,rel_thr,abs_thr,sample_num
0,8831,12068,13.589203714746356,2.208353390318978,2695971
