,f_samples,w_samples,rel_thr,abs_thr,sample_num
0,17428,15075,11.18923704229165,3.3119074400805975,4192887
