,f_samples,w_samples,rel_thr,abs_thr,sample_num
0,71995,68164,8.24556157077325,14.64222591715276,18080511
