,f_samples,w_samples,rel_thr,abs_thr,sample_num
0,18862,32228,19.485662330272554,6.948699532610592,6590610
