,f_samples,w_samples,rel_thr,abs_thr,sample_num
0,69511,19808,3259.8723839136005,9593.935762040934,11522151
