,f_samples,w_samples,rel_thr,abs_thr,sample_num
0,82586,89490,2355.8938982962386,407.3506870588639,22197804
