,f_samples,w_samples,rel_thr,abs_thr,sample_num
0,55638,30359,12.496051611797405,14.99951716176467,11093613
