,f_samples,w_samples,rel_thr,abs_thr,sample_num
0,36866,13061,14.632770151568641,9.31311586618159,6440583
