,f_samples,w_samples,rel_thr,abs_thr,sample_num
0,80305,15488,61.98695814573608,84.29528958576464,12357297
