,f_samples,w_samples,rel_thr,abs_thr,sample_num
0,8291,58809,1.654671997357994,6.376355242726924,8655900
