,f_samples,w_samples,rel_thr,abs_thr,sample_num
0,54928,76782,4.196275216841853,5.438685388264069,16990590
