,f_samples,w_samples,rel_thr,abs_thr,sample_num
0,78483,68937,7.837458231555388,13.589124409127342,19017180
